Source,Target,Weight
0V1knB,WholeMarsBlog,1
0V1knB,elonmusk,1
0freetime,ianfroeb,1
0freetime,lonesometoast,1
0n3160,Erdrikoflegend,2
0n3160,TheAlexisKraft,3
0n3160,ThomasMoneyhon,3
0n3160,coldgamecrispy,3
0n3160,elonmusk,3
0w0BAKUTO,TESLA_no_TUNO,2
0xBookmaker,TheRealGVG,1
0xBookmaker,saylor,1
0xNobu1,MatthwETH,1
0xahawk,mattysino,1
0xfea,DO2SI_m_p,1
0xfea,Juergen_Kaiser,1
100Mikeylikesit,elonmusk,1
1127_yuuri,Tapioka_Maou,1
1127_yuuri,Tsurasutar,1
1127_yuuri,Yuki4869570,1
1127_yuuri,iheko_Tesla,1
1127_yuuri,march_rabit,1
11_alv,elonmusk,1
123Hoolahan,PPathole,1
123Hoolahan,Tesla,1
123Hoolahan,elonmusk,1
123Hoolahan,kaminoean,1
123SafeonMe,WSJ,1
123SafeonMe,adammowafi,1
123SafeonMe,droneguy65,1
12KeineAhnung,Enrico02135927,1
12KeineAhnung,JPProeger,1
12KeineAhnung,readersacrobat,1
1776TomJones,LetsRockDD,1
1981Alvaro,TESLA_CREADOR,1
1A2ASupporter,InoSaturn,1
1A2ASupporter,business,1
1A2ASupporter,harley3203,1
1DeadPhish,EvrybodynthrMom,1
1DeadPhish,GailAlfarATX,1
1DeadPhish,IheartTesla,1
1DeadPhish,JenniCurrent,1
1DeadPhish,Kristennetten,1
1DeadPhish,Tesla,1
1DeadPhish,TeslaOwnersEBay,1
1DeadPhish,blueskykites,1
1DeadPhish,daelmor,1
1DeadPhish,elonmusk,1
1DeadPhish,teslacn,1
1V4vendetta,Cambiacasacca,1
1V4vendetta,clatac,1
1__risu,tesla_fwia,7
1carrier_pigeon,CrazyWeeMonkey,1
1carrier_pigeon,SawyerMerritt,1
1carrier_pigeon,TechPreacher,1
1carrier_pigeon,Tesla,1
1carrier_pigeon,j_vikingland,1
1flyingknee,AOC,1
1flyingknee,GOPLeader,1
1st_Akkadian,EvrybodynthrMom,1
1st_Akkadian,GailAlfarATX,1
1st_Akkadian,IheartTesla,1
1st_Akkadian,JenniCurrent,1
1st_Akkadian,Kristennetten,1
1st_Akkadian,Tesla,1
1st_Akkadian,TeslaOwnersEBay,1
1st_Akkadian,blueskykites,1
1st_Akkadian,daelmor,1
1st_Akkadian,elonmusk,1
1st_Akkadian,teslacn,1
1st_Akkadian,wowsuchcurrency,1
2002Alex34,LucidMotors,1
2002Alex34,Tesla,1
2002Alex34,elonmusk,1
2002Alex34,masegoslin,1
2018Colo,alex_avoigt,1
2018Colo,kurtatx,1
2018Colo,oneiropagides,1
2024Florida,Teslaconomics,1
21pinkthink,Sinagogili,1
21pinkthink,ovdecamil,1
223Cs,tedcruz,1
26_vasquezr,iamkendall29,1
28delayslater,DirtyTesLa,2
28delayslater,Tesla,1
2quit2far,DimaZeniuk,1
2quit2far,Tesla,1
2quit2far,elonmusk,1
30abuzz,elonmusk,1
30annette,EvrybodynthrMom,2
30annette,GailAlfarATX,2
30annette,IheartTesla,2
30annette,JenniCurrent,2
30annette,Kristennetten,2
30annette,Stats_of_India,1
30annette,Tenjin969,1
30annette,Tesla,2
30annette,TeslaOwnersEBay,2
30annette,blueskykites,2
30annette,daelmor,2
30annette,elonmusk,2
30annette,teslacn,2
316alco,MollyJongFast,1
3406Shane,EnergyOfOz,1
36angstroms,TeamYouTube,1
36angstroms,ceno02,1
36angstroms,superraxxo1,1
3DoBetter3,RickMcIntosh16,1
3DoBetter3,elonmusk,1
3DoBetter3,greg16676935420,1
3DoBetter3,treetale,1
3_e_k_o,dmisic,1
40kWh,Chargemap,1
40kWh,CharlotteZil,1
40kWh,IONITY_EU,1
40kWh,SadiAriels,1
40kWh,chcuny,1
40kWh,dtoulouze,1
40seven40town,Falconwingsnj,1
40seven40town,Tesla,1
44Wintergarden,TracyTTID1882,1
45_teresa22,EvrybodynthrMom,1
45_teresa22,GailAlfarATX,1
45_teresa22,IheartTesla,1
45_teresa22,JenniCurrent,1
45_teresa22,Kristennetten,1
45_teresa22,Tesla,1
45_teresa22,TeslaOwnersEBay,1
45_teresa22,blueskykites,1
45_teresa22,daelmor,1
45_teresa22,elonmusk,1
45_teresa22,teslacn,1
4FrontAdvisory,elonmusk,1
4adybug,TESLA_is_FUTURE,2
4adybug,WHATULOOKIN__AT,2
4dmirer,DrSej,1
4dmirer,LucidMotors,1
4dmirer,Tesla,1
4dmirer,Tesla2Lucid,1
4dmirer,elonmusk,1
4dmirer,kurtatx,1
4dmirer,masegoslin,1
4nti50cialMedia,EvrybodynthrMom,1
4nti50cialMedia,GailAlfarATX,1
4nti50cialMedia,IheartTesla,1
4nti50cialMedia,JenniCurrent,1
4nti50cialMedia,Kristennetten,1
4nti50cialMedia,Tesla,1
4nti50cialMedia,TeslaOwnersEBay,1
4nti50cialMedia,blueskykites,1
4nti50cialMedia,daelmor,1
4nti50cialMedia,elonmusk,1
4nti50cialMedia,teslacn,1
515rippinum,SawyerMerritt,1
515rippinum,_Juve_Tesla,1
5a47n,EvrybodynthrMom,1
5a47n,GailAlfarATX,1
5a47n,IheartTesla,1
5a47n,JenniCurrent,1
5a47n,Kristennetten,1
5a47n,Tesla,1
5a47n,TeslaOwnersEBay,1
5a47n,blueskykites,1
5a47n,daelmor,1
5a47n,elonmusk,1
5a47n,teslacn,1
5cxfGRlQwxGk0Yq,PPathole,1
5cxfGRlQwxGk0Yq,Tesla,1
5cxfGRlQwxGk0Yq,elonmusk,1
5cxfGRlQwxGk0Yq,foxx_do,1
616scarcat,AngraKani,1
616scarcat,jooacomun,1
666QS4M,OASCIG,1
666dorado,elonmusk,1
68_deep,Falconwingsnj,1
68_deep,Tesla,1
69Mrsexy69,elonmusk,1
6_broj,Tesla,1
6_broj,thyAshes,1
70Xaround_earth,CryptoBadger17,1
70Xaround_earth,newsmax,2
7sinswins,suphannahrucker,1
91Tcc,Tesla,1
91Tcc,lovemesomemusk,1
9509Peppe,PiHub_Utility,1
99PD99,RickMcIntosh16,1
99PD99,elonmusk,1
99PD99,greg16676935420,1
9Nb56Mu2vkO6COa,konantower,1
9Nb56Mu2vkO6COa,ryota_tesla,1
A80AAb,elonmusk,1
ABehiel,WholeMarsBlog,1
ABehiel,elonmusk,1
ABehiel,garrettsite,1
ACTIONGIRL12,Tesla,1
ACTIONGIRL12,beavers_ducks,1
ACTIONGIRL12,elonmusk,1
AC_PlanetaLive_,bbcmundo,1
ADVSBSTD,elonmusk,1
ADadasovic,man_norwegian,1
AEONde,FthePump1,1
AEONde,Holley_News,1
AEONde,Lucid,1
AEONde,LucidMotors,1
AEONde,Tesla,1
AEONde,Tesla2Lucid,1
AEONde,TeslaClubSoCal,1
AEONde,masegoslin,1
AF_Artist,elonmusk,1
AGS2225,CocheGlobal,1
AGoldsmithEsq,TroyTeslike,1
AGoldsmithEsq,elonmusk,1
AHaman1916,BartoszKowalcz,7
AHaman1916,FitnessKlubNr1,16
AHaman1916,HealthyPeoplePL,3
AHaman1916,KiwiTenPtak,9
AHaman1916,Kuba60511484,3
AHaman1916,SzczecinMoto,3
AHaman1916,TMyslowski,1
AHaman1916,Tesla,21
AHaman1916,Teslarati,21
AHaman1916,elonmusk,21
AHaman1916,live_munro,1
AHaman1916,wojcikofficial,21
AJShotMe,EvrybodynthrMom,1
AJShotMe,GailAlfarATX,1
AJShotMe,IheartTesla,1
AJShotMe,JenniCurrent,1
AJShotMe,Kristennetten,1
AJShotMe,MattWallace888,1
AJShotMe,Tesla,1
AJShotMe,TeslaOwnersEBay,1
AJShotMe,blueskykites,1
AJShotMe,daelmor,1
AJShotMe,elonmusk,1
AJShotMe,teslacn,1
AK47206,GailAlfarATX,1
AK47206,IheartTesla,1
AK47206,JenniCurrent,1
AK47206,Kristennetten,1
AK47206,LostPahade,1
AK47206,Tesla,1
AK47206,TeslaOwnersEBay,1
AK47206,blueskykites,1
AK47206,daelmor,1
AK47206,elonmusk,1
AK47206,teslacn,1
AKampinski2,Auto_Porn,1
AKindrat,WholeMarsBlog,1
AKindrat,garyblack00,1
AKindrat,hikingskiing,1
AL08101213Royal,Tesla,1
AL08101213Royal,TeslaClubAT,1
AL08101213Royal,elonmusk,1
AL08101213Royal,teslaownersSV,1
ANGELVIDES9,greg16676935420,1
AOC47th2024,elonmusk,1
APENO13,bkex_jm,1
APM_E11EVEN,AOC,1
APathNotTaken,CamerondeSilva7,1
APathNotTaken,JuliaHB1,1
APathNotTaken,keith39187181,1
APathNotTaken,matt_greener,1
APathNotTaken,mattstocks71,1
AQUA57466999,elonmusk,1
ASKMEIFUDARE69,williedontmiss,1
AS_Antipov,elonmusk,1
AVeryBadLady,elonmusk,1
A_Ralic,RadaManojlovic_,1
A_Ralic,goranbarun,1
A_Ralic,neznasgospodju,1
A___clown,EvrybodynthrMom,1
A___clown,GailAlfarATX,1
A___clown,IheartTesla,1
A___clown,JenniCurrent,1
A___clown,Kristennetten,1
A___clown,Tesla,1
A___clown,TeslaOwnersEBay,1
A___clown,blueskykites,1
A___clown,daelmor,1
A___clown,elonmusk,1
A___clown,teslacn,1
AalapGaazmer,kashishguptabtw,1
AaronRojasSauc1,Lae_Adalid,1
AaronRojasSauc1,googlemexico,1
AaronS5_,Ford,1
AaronS5_,LyftGyft,1
AaronS5_,SiRSONlC,1
AbdolSamee,WholeMarsBlog,1
AbdolSamee,garyblack00,1
AbdolSamee,hikingskiing,1
AbdolSamee,ian_e_richards,1
AbhChallenger,Neopabo2,1
AbhChallenger,elonmusk,1
AbhChallenger,redrobot5050,1
AbhChallenger,tehlike,1
Abhijit91168736,EvrybodynthrMom,1
Abhijit91168736,GailAlfarATX,1
Abhijit91168736,IheartTesla,1
Abhijit91168736,JenniCurrent,1
Abhijit91168736,Kristennetten,1
Abhijit91168736,Tesla,1
Abhijit91168736,TeslaOwnersEBay,1
Abhijit91168736,blueskykites,1
Abhijit91168736,daelmor,1
Abhijit91168736,elonmusk,1
Abhijit91168736,teslacn,1
Abir_CPA,gold_tesla,2
Abk99665082,LOLGOP,1
AbledPig,jayblackisfunny,1
AbledPig,lkhtmn,1
AbsalomYoshi,bit_pixie,1
AbsalomYoshi,elonmusk,1
AbuDhabiDude,Tesla,1
AbuDhabiDude,elonmusk,1
AbuDhabiDude,tesla_adri,1
ActorBretCorey,EvrybodynthrMom,1
ActorBretCorey,GailAlfarATX,1
ActorBretCorey,IheartTesla,1
ActorBretCorey,JenniCurrent,1
ActorBretCorey,Kristennetten,1
ActorBretCorey,Tesla,1
ActorBretCorey,TeslaOwnersEBay,1
ActorBretCorey,blueskykites,1
ActorBretCorey,daelmor,1
ActorBretCorey,elonmusk,1
ActorBretCorey,teslacn,1
AdamBru66141102,garyblack00,1
AdamGausepohl,garyblack00,1
AdamsCruising,LucidMotors,1
AdamsCruising,Tesla,1
AdamsCruising,Tesla2Lucid,1
AdamsCruising,dictionaryhill,1
AdamsCruising,masegoslin,1
Adele1971Adele,DimaZeniuk,1
Adele1971Adele,carlos_a1,1
Adele1971Adele,engineers_feed,1
Adele1971Adele,kalavir,1
AdrianaGalayda,EvrybodynthrMom,1
AdrianaGalayda,GailAlfarATX,1
AdrianaGalayda,IheartTesla,1
AdrianaGalayda,JenniCurrent,1
AdrianaGalayda,Kristennetten,1
AdrianaGalayda,Tesla,1
AdrianaGalayda,TeslaOwnersEBay,1
AdrianaGalayda,blueskykites,1
AdrianaGalayda,daelmor,1
AdrianaGalayda,elonmusk,1
AdrianaGalayda,teslacn,1
AdvithBhaviya,elonmusk,1
AemielGotsMail,RickMcIntosh16,1
AemielGotsMail,beepmbop,1
AemielGotsMail,elonmusk,1
AemielGotsMail,greg16676935420,1
AemielGotsMail,stephgulley,1
AfirasKip,DamienGranz,1
AfirasKip,_Rewhan,1
AfowobiHardey,Tesla,1
AfowobiHardey,TeslaChillMode,1
Afzal83983830,EvrybodynthrMom,1
Afzal83983830,GailAlfarATX,1
Afzal83983830,IheartTesla,1
Afzal83983830,JenniCurrent,1
Afzal83983830,Kristennetten,1
Afzal83983830,Tesla,1
Afzal83983830,TeslaOwnersEBay,1
Afzal83983830,blueskykites,1
Afzal83983830,daelmor,1
Afzal83983830,elonmusk,1
Afzal83983830,teslacn,1
AhmadJaafaru,Bexibecks_,1
AhmadJaafaru,MA_Iliasu,1
Ahmed3bdalla12,mahmoud_tesla,1
AirRocketGlider,DirtyTesLa,1
AirRocketGlider,Tesla,1
AjaySha67782223,EvrybodynthrMom,2
AjaySha67782223,GailAlfarATX,2
AjaySha67782223,IheartTesla,2
AjaySha67782223,JenniCurrent,2
AjaySha67782223,Kristennetten,2
AjaySha67782223,Nishant_Bliss,1
AjaySha67782223,Tesla,2
AjaySha67782223,TeslaOwnersEBay,2
AjaySha67782223,blueskykites,2
AjaySha67782223,daelmor,2
AjaySha67782223,elonmusk,2
AjaySha67782223,teslacn,2
AkdemirAhmet0,SirHayreddin,1
AkoZnas_BiloSto,damjanosat,1
AkoZnas_BiloSto,vladimirgajic1,1
AkshayL59008308,EvrybodynthrMom,1
AkshayL59008308,GailAlfarATX,1
AkshayL59008308,IheartTesla,1
AkshayL59008308,JenniCurrent,1
AkshayL59008308,Kristennetten,1
AkshayL59008308,Tesla,1
AkshayL59008308,TeslaOwnersEBay,1
AkshayL59008308,blueskykites,1
AkshayL59008308,daelmor,1
AkshayL59008308,elonmusk,1
AkshayL59008308,teslacn,1
AlCoop78,unusual_whales,1
AlTheKingBundy1,EvrybodynthrMom,1
AlTheKingBundy1,GailAlfarATX,1
AlTheKingBundy1,IheartTesla,1
AlTheKingBundy1,JenniCurrent,1
AlTheKingBundy1,Kristennetten,1
AlTheKingBundy1,Tesla,1
AlTheKingBundy1,TeslaOwnersEBay,1
AlTheKingBundy1,blueskykites,1
AlTheKingBundy1,daelmor,1
AlTheKingBundy1,elonmusk,1
AlTheKingBundy1,teslacn,1
AlabamaDoggo,elonmusk,1
AlanFree2615,blovereviews,1
AlanLim74279317,buschi180,1
AlanLim74279317,julianhosp,1
Alban64158665,DanijelMajic,1
AlbellaKutta,elonmusk,1
Alea_,IvanTheK,3
Alejandra1804,EvrybodynthrMom,1
Alejandra1804,GailAlfarATX,1
Alejandra1804,IheartTesla,1
Alejandra1804,JenniCurrent,1
Alejandra1804,Kristennetten,1
Alejandra1804,Tesla,1
Alejandra1804,TeslaOwnersEBay,1
Alejandra1804,blueskykites,1
Alejandra1804,daelmor,1
Alejandra1804,elonmusk,1
Alejandra1804,teslacn,1
Alejandru67,0Quaramelo,1
Alejandru67,ElTractorr17,1
Alejandru67,GoDeiK,1
Alejandru67,Marketes13,1
Alex26726249,ModernDayGhost,1
Alex26726249,WholeMarsBlog,1
AlexMcmeeken,Falconwingsnj,1
AlexMcmeeken,Tesla,1
AlexPasek,ronmortgageguy,2
AlexRebourn,jimcramer,1
AlexanderGrzeg1,ludwikburbon,1
Alexjonez2,EvrybodynthrMom,1
Alexjonez2,GailAlfarATX,1
Alexjonez2,IheartTesla,1
Alexjonez2,JenniCurrent,1
Alexjonez2,Kristennetten,1
Alexjonez2,Tesla,1
Alexjonez2,TeslaOwnersEBay,1
Alexjonez2,blueskykites,1
Alexjonez2,daelmor,1
Alexjonez2,elonmusk,1
Alexjonez2,teslacn,1
Ali3ngazer,LucidMotors,1
Ali3ngazer,Tesla,1
Ali3ngazer,Tesla2Lucid,1
Ali3ngazer,elonmusk,1
Ali3ngazer,masegoslin,1
AlienObserver11,elonmusk,1
AlkatxofaAtomik,TESLA_CREADOR,1
AllScalePodcast,EvrybodynthrMom,1
AllScalePodcast,GailAlfarATX,1
AllScalePodcast,IheartTesla,1
AllScalePodcast,JenniCurrent,1
AllScalePodcast,Kristennetten,1
AllScalePodcast,Tesla,1
AllScalePodcast,TeslaOwnersEBay,1
AllScalePodcast,blueskykites,1
AllScalePodcast,daelmor,1
AllScalePodcast,elonmusk,1
AllScalePodcast,teslacn,1
AllThingsTSLA,Kcsunny2,1
AllThingsTSLA,LizaUK3,1
AllThingsTSLA,Tesla,1
AllThingsTSLA,chicago_glenn,1
AllThingsTSLA,elonmusk,1
AllThingsTSLA,marpo29301014,1
AllThingsTSLA,mrlevine,1
Almendr00698022,Elias_Parada_S,1
Alois_123,sorgeweniger,1
AlphenMatthias,SamSixx66,1
Alsmithson2,elonmusk,1
Alsmithson2,mn_google,1
AltCoinoisseur,_IPau1,1
AltCoinoisseur,raph1260,1
AltCoinoisseur,squawksquare,1
Alternativlos3,aktienmessie,1
AltonHobbs,Tesla,1
AltonHobbs,elonmusk,1
AltonHobbs,tesla_adri,1
AlyssaIngerso14,EvrybodynthrMom,1
AlyssaIngerso14,GailAlfarATX,1
AlyssaIngerso14,IheartTesla,1
AlyssaIngerso14,JenniCurrent,1
AlyssaIngerso14,Kristennetten,1
AlyssaIngerso14,Tesla,1
AlyssaIngerso14,TeslaOwnersEBay,1
AlyssaIngerso14,blueskykites,1
AlyssaIngerso14,daelmor,1
AlyssaIngerso14,elonmusk,1
AlyssaIngerso14,teslacn,1
AmericanBots,elonmusk,1
AmericanREI5,get_innocuous,1
AmeyGade5,EvrybodynthrMom,2
AmeyGade5,GailAlfarATX,2
AmeyGade5,IheartTesla,2
AmeyGade5,JenniCurrent,2
AmeyGade5,Kristennetten,2
AmeyGade5,Stats_of_India,2
AmeyGade5,Tenjin969,2
AmeyGade5,Tesla,2
AmeyGade5,TeslaOwnersEBay,2
AmeyGade5,blueskykites,2
AmeyGade5,daelmor,2
AmeyGade5,elonmusk,2
AmeyGade5,phangandan,2
AmeyGade5,teslacn,2
Amf187430,Tesla,1
Amielian1,RockHardScoop,1
Amielian1,elonmusk,1
Amielian1,ikleinit,1
Amielian1,r__narne,1
Amirza17,Falconwingsnj,2
Amirza17,Tesla,2
AmnothSovann,squawksquare,1
AmosBurton11,Most_Maximus,1
Amymcpartland,DirtyTesLa,1
Amymcpartland,Tesla,1
Amymcpartland,elonmusk,1
AnExplorer22,FinitePhysicist,1
AnadarkoCapital,BradMunchen,1
AnadarkoCapital,InvResDynamics,1
AnadarkoCapital,StealthQE4,1
AnadarkoCapital,gwestr,1
AnasHajmohamad2,Tesla,1
AnasHajmohamad2,lovemesomemusk,1
AnayetAhmed3,elonmusk,1
AndiWAX83,FinanceSmitty,1
AndiWAX83,Marst84,1
Andiders,elonmusk,2
AndreDarazs,Tesla,1
AndreDarazs,elonmusk,1
AndreDarazs,tesla_adri,1
AndreTI,HSouthwellFE,1
AndreaBraconi,elonmusk,1
AndreaBraconi,tarzanmauri,1
AndreaPagani_,Giulia_B,1
AndreenPhotogr1,elonmusk,1
AndreenPhotogr1,engineers_feed,1
AndressBolivarr,EvrybodynthrMom,1
AndressBolivarr,GailAlfarATX,1
AndressBolivarr,IheartTesla,1
AndressBolivarr,JenniCurrent,1
AndressBolivarr,Kristennetten,1
AndressBolivarr,Tesla,1
AndressBolivarr,TeslaOwnersEBay,1
AndressBolivarr,blueskykites,1
AndressBolivarr,daelmor,1
AndressBolivarr,elonmusk,1
AndressBolivarr,teslacn,1
AndrettiAndrew,PPathole,1
AndrettiAndrew,Tesla,1
AndrettiAndrew,elonmusk,1
AndrewJamesBon3,slashdot,1
AndrewM13354484,3YearLetterman,1
AndrewM13354484,elonmusk,1
AndrewM27692945,LucidMotors,1
AndrewM27692945,Tesla,1
AndrewM27692945,Tesla2Lucid,1
AndrewM27692945,elonmusk,1
AndrewM27692945,masegoslin,1
AndrosRomo,freddier,1
AndrosRomo,joamartico,1
Andy_mc31,LucidMotors,1
Andy_mc31,Tesla,1
Andy_mc31,Tesla2Lucid,1
Andy_mc31,TheAlexisKraft,1
Andy_mc31,coldgamecrispy,1
Andy_mc31,corgiseveryhour,1
Andy_mc31,elonmusk,2
Andy_mc31,masegoslin,1
Andy_mc31,withabeverage,1
Andytriesthing,EvrybodynthrMom,2
Andytriesthing,GailAlfarATX,2
Andytriesthing,IheartTesla,2
Andytriesthing,JenniCurrent,2
Andytriesthing,Kristennetten,2
Andytriesthing,Tesla,2
Andytriesthing,TeslaOwnersEBay,2
Andytriesthing,blueskykites,2
Andytriesthing,daelmor,2
Andytriesthing,elonmusk,2
Andytriesthing,teslacn,2
Angelatida,elonmusk,1
Angie2021_,DRayRaven,1
Angie2021_,elonmusk,1
Angie2021_,itsJeffTiedrich,1
AngryCanuck6,business,1
Angrybullxrp,EvrybodynthrMom,1
Angrybullxrp,GailAlfarATX,1
Angrybullxrp,IheartTesla,1
Angrybullxrp,JenniCurrent,1
Angrybullxrp,Kristennetten,1
Angrybullxrp,Tesla,1
Angrybullxrp,TeslaOwnersEBay,1
Angrybullxrp,blueskykites,1
Angrybullxrp,daelmor,1
Angrybullxrp,elonmusk,1
Angrybullxrp,teslacn,1
AngstWonton,LKehley,1
AnishPandit34,Tesla,1
AnishPandit34,lovemesomemusk,1
AnjaliEnjeti,KeiraSoleore,1
AnkurAg10227207,EvrybodynthrMom,1
AnkurAg10227207,GailAlfarATX,1
AnkurAg10227207,IheartTesla,1
AnkurAg10227207,JenniCurrent,1
AnkurAg10227207,Kristennetten,1
AnkurAg10227207,Tesla,1
AnkurAg10227207,TeslaOwnersEBay,1
AnkurAg10227207,blueskykites,1
AnkurAg10227207,daelmor,1
AnkurAg10227207,elonmusk,1
AnkurAg10227207,teslacn,1
AnnBuscema,GBNEWS,1
AnnLehtimaki,MollyJongFast,1
AnnLehtimaki,rcamcole,1
Anna936275,Falconwingsnj,1
Anna936275,Tesla,1
Anonbotski5,WholeMarsBlog,1
Anonbotski5,elonmusk,1
AnowSukaru,Falconwingsnj,2
AnowSukaru,Martin_Maffard,2
AnowSukaru,Tesla,2
Ant313Friendly,ChrisRangel82,1
Ant313Friendly,EvrybodynthrMom,3
Ant313Friendly,GailAlfarATX,3
Ant313Friendly,IheartTesla,3
Ant313Friendly,JenniCurrent,3
Ant313Friendly,Kristennetten,3
Ant313Friendly,RaymanIsWoat,2
Ant313Friendly,Tesla,3
Ant313Friendly,TeslaOwnersEBay,3
Ant313Friendly,Wenrugbro,1
Ant313Friendly,blueskykites,3
Ant313Friendly,daelmor,3
Ant313Friendly,elonmusk,3
Ant313Friendly,teslacn,3
AntMaking,JPATrades,1
AntMaking,TrendSpider,1
Antal09875762,Milan54541,2
Antal09875762,plutokratija19,2
Anthony82370727,unusual_whales,1
Antonio68354573,TESLA_CREADOR,1
AntonyW24667979,Teslaconomics,1
AnubhavShri14,WholeMarsBlog,1
AounIker,meryy_tesla,2
Ap0llor0x,andymilonakis,1
Ap0llor0x,elonmusk,1
ApoliticoForced,elonmusk,1
AppalHeartwood,noddi93,1
AppalHeartwood,roaringrapids22,1
AqueleCaraYT,kkelvinrdg,2
AqueleCaraYT,oHipeoHop,2
Ar_Squared89,TicTocTick,3
Ar_Squared89,fullforcetrades,3
Ar_Squared89,jeffreyt1981,3
Ar_Squared89,schun001,3
ArberTweets,elonmusk,1
ArberTweets,zhang_heqing,1
ArchieCasino,squawksquare,1
AresLLLLLLL,EvrybodynthrMom,1
AresLLLLLLL,GailAlfarATX,1
AresLLLLLLL,IheartTesla,1
AresLLLLLLL,JenniCurrent,1
AresLLLLLLL,Kristennetten,1
AresLLLLLLL,Tesla,1
AresLLLLLLL,TeslaOwnersEBay,1
AresLLLLLLL,blueskykites,1
AresLLLLLLL,daelmor,1
AresLLLLLLL,elonmusk,1
AresLLLLLLL,teslacn,1
Argentoning,LucidMotors,1
Argentoning,Tesla,1
Argentoning,Tesla2Lucid,1
Argentoning,elonmusk,1
Argentoning,masegoslin,1
ArgghhOf,EvrybodynthrMom,2
ArgghhOf,GailAlfarATX,2
ArgghhOf,IheartTesla,2
ArgghhOf,JenniCurrent,2
ArgghhOf,Kristennetten,2
ArgghhOf,Tesla,2
ArgghhOf,TeslaOwnersEBay,2
ArgghhOf,blueskykites,2
ArgghhOf,daelmor,2
ArgghhOf,elonmusk,2
ArgghhOf,teslacn,2
AriDavidPaul,behindtext,1
AriDavidPaul,elonmusk,2
AriDavidPaul,nisenbaum,1
ArifKha07393504,EvrybodynthrMom,1
ArifKha07393504,GailAlfarATX,1
ArifKha07393504,IheartTesla,1
ArifKha07393504,JenniCurrent,1
ArifKha07393504,Kristennetten,1
ArifKha07393504,Tesla,2
ArifKha07393504,TeslaOwnersEBay,1
ArifKha07393504,blueskykites,1
ArifKha07393504,daelmor,1
ArifKha07393504,elonmusk,1
ArifKha07393504,lovemesomemusk,1
ArifKha07393504,teslacn,1
AriolAtelier,EvrybodynthrMom,1
AriolAtelier,GailAlfarATX,1
AriolAtelier,IheartTesla,1
AriolAtelier,JenniCurrent,1
AriolAtelier,Kristennetten,1
AriolAtelier,Tesla,1
AriolAtelier,TeslaOwnersEBay,1
AriolAtelier,blueskykites,1
AriolAtelier,daelmor,1
AriolAtelier,elonmusk,1
AriolAtelier,teslacn,1
ArisTiCatVerse,CryptoDiamonds,1
ArisTiCatVerse,CryptoDonAlt,1
ArisTiCatVerse,cosmoskyle,1
ArisTiCatVerse,elonmusk,1
Arlivon,EvrybodynthrMom,1
Arlivon,GailAlfarATX,1
Arlivon,IheartTesla,1
Arlivon,JenniCurrent,1
Arlivon,Kristennetten,1
Arlivon,Tesla,1
Arlivon,TeslaOwnersEBay,1
Arlivon,blueskykites,1
Arlivon,daelmor,1
Arlivon,elonmusk,1
Arlivon,teslacn,1
ArmandVervaeck,LucWaterlot,1
ArmandVervaeck,Tesla,1
ArmandoLatorre_,Angeliito,1
ArmandoLatorre_,CarlosDG_Tesla,1
ArmandoLatorre_,TeslaParaTodos,1
ArmandoLatorre_,mmrdeveloper,1
ArrowsGallery,EvrybodynthrMom,1
ArrowsGallery,GailAlfarATX,1
ArrowsGallery,IheartTesla,1
ArrowsGallery,JenniCurrent,1
ArrowsGallery,Kristennetten,1
ArrowsGallery,Tesla,1
ArrowsGallery,TeslaOwnersEBay,1
ArrowsGallery,blueskykites,1
ArrowsGallery,daelmor,1
ArrowsGallery,elonmusk,1
ArrowsGallery,teslacn,1
ArsalGamer,EvrybodynthrMom,1
ArsalGamer,GailAlfarATX,1
ArsalGamer,IheartTesla,1
ArsalGamer,JenniCurrent,1
ArsalGamer,Kristennetten,1
ArsalGamer,Tesla,1
ArsalGamer,TeslaOwnersEBay,1
ArsalGamer,blueskykites,1
ArsalGamer,daelmor,1
ArsalGamer,elonmusk,1
ArsalGamer,teslacn,1
ArslanQ84819188,TicTocTick,1
Art09967950,GerberKawasaki,1
Art09967950,PeterMallouk,1
ArtIsWarNYC1,donmoyn,1
ArthurCasey514,SnazzyQ,1
ArthurCasey514,brandonhassler,1
ArthurCasey514,elonmusk,1
Artur78253456,AHaman1916,1
Artur78253456,Tesla,1
Artur78253456,Teslarati,1
Artur78253456,elonmusk,1
Artur78253456,wojcikofficial,1
ArturoH40955550,EvrybodynthrMom,1
ArturoH40955550,GailAlfarATX,1
ArturoH40955550,IheartTesla,1
ArturoH40955550,JenniCurrent,1
ArturoH40955550,Kristennetten,1
ArturoH40955550,Tesla,1
ArturoH40955550,TeslaOwnersEBay,1
ArturoH40955550,blueskykites,1
ArturoH40955550,daelmor,1
ArturoH40955550,elonmusk,1
ArturoH40955550,teslacn,1
Arvind___Patel,RealTeslaCharts,1
Arvind___Patel,Tesla,1
Arvind___Patel,elonmusk,1
Arvind___Patel,nitin_gadkari,1
AsadSha82678453,WhaleCoinTalk,1
AsbestosFlake,ChickenmanMkii,1
AsbestosFlake,_bennettm_,1
Ashiga13,DirtyTesLa,2
Ashiga13,RejaSachin,1
Ashiga13,Tesla,1
Ashiga13,Want2RunAgain,1
Ashiga13,elonmusk,1
Ashiga13,greentheonly,1
AshleyySpicerr,boldmovess,1
AshleyySpicerr,elonmusk,1
AsiaSoleha,omg_tesla,1
Astartes0303,elonmusk,1
AstroPcfliu,WholeMarsBlog,1
AstroPcfliu,elonmusk,1
Atheodosus,StephenMajor,1
Atheodosus,nytimes,1
AttilaVass,FMossotto,1
AttilaVass,Niklas_1E,1
AttilaVass,Tesla,1
AttilaVass,elonmusk,1
AttilaVass,mortenlund89,1
Aturex420,MrBeast,1
Aturex420,elonmusk,1
AudieZaBeast,EvrybodynthrMom,2
AudieZaBeast,GailAlfarATX,2
AudieZaBeast,IheartTesla,2
AudieZaBeast,JenniCurrent,2
AudieZaBeast,Kristennetten,2
AudieZaBeast,Tesla,2
AudieZaBeast,TeslaOwnersEBay,2
AudieZaBeast,ahmad_bardawi,1
AudieZaBeast,blueskykites,2
AudieZaBeast,daelmor,2
AudieZaBeast,elonmusk,2
AudieZaBeast,teslacn,2
AussieXRPMoon,AmaioAlfred,1
AuthorInArms,elonmusk,1
AvaaThedon,Ouudiee,1
Avatrode,DeItaone,1
Avatrode,Tesla,1
Avatrode,elonmusk,1
Avatrode,klwtts,1
Avi_serfay,EvrybodynthrMom,1
Avi_serfay,GailAlfarATX,1
Avi_serfay,IheartTesla,1
Avi_serfay,JenniCurrent,1
Avi_serfay,Kristennetten,1
Avi_serfay,Tesla,1
Avi_serfay,TeslaOwnersEBay,1
Avi_serfay,blueskykites,1
Avi_serfay,daelmor,1
Avi_serfay,elonmusk,1
Avi_serfay,teslacn,1
AvyuktiT,PPathole,1
AvyuktiT,Tesla,1
AvyuktiT,elonmusk,1
AyMeRiC_Btni,ManuelFerraraTV,1
AyMeRiC_Btni,mnls_sxch,1
AyshaSulehria14,engineers_feed,1
AytchAnd,elonmusk,1
Azbrian0317,davidmweissman,1
Azbrian0317,elonmusk,1
AzizAchebari,meryy_tesla,1
AzorInfo,opinion_left,1
Azul_sapphire12,DonaldGoldKY,1
AzzaBotTV,RubeeRuby_,1
AzzaBotTV,ontheslabs,1
B1kesRule,slye,1
BALTASAR777,derspiegel,1
BAlkahest,pyrodropcii,1
BB4ll,Tesla,3
BB4ll,elonmusk,3
BB4ll,hallomakke,3
BB4ll,tesla_adri,3
BBQBullCity,JoyAnnReid,1
BBVAresponde_es,Tesla_Tec,1
BCamphorave,kelly25421527,1
BCamphorave,squawksquare,1
BGspatch,0liviajulianna,1
BGspatch,cosivee,1
BINHTRANVAN101,EvrybodynthrMom,1
BINHTRANVAN101,GailAlfarATX,1
BINHTRANVAN101,IheartTesla,1
BINHTRANVAN101,JenniCurrent,1
BINHTRANVAN101,Kristennetten,1
BINHTRANVAN101,Tesla,1
BINHTRANVAN101,TeslaOwnersEBay,1
BINHTRANVAN101,blueskykites,1
BINHTRANVAN101,daelmor,1
BINHTRANVAN101,elonmusk,1
BINHTRANVAN101,teslacn,1
BISMA73913052,elonmusk,1
BLACKSTEMUSA,CNBC,2
BLACKSTEMUSA,Moonalice,2
BLACKSTEMUSA,SquawkStreet,2
BLACKSTEMUSA,elonmusk,2
BLKMDL3,Tesla,3
BLKMDL3,TeslaCharging,3
BLKMDL3,elonmusk,3
BLKMDL3,omg_tesla,3
BLSmith2112,BLKMDL3,1
BLSmith2112,ItsAlexanderC,1
BLSmith2112,SawyerMerritt,1
BLSmith2112,Tesla,1
BLSmith2112,TeslaCharging,1
BLSmith2112,elonmusk,1
BLSmith2112,jasondebolt,1
BLalwaysMattr,PhilJankowski,1
BMdeezone,EvaFoxU,1
BMdeezone,ToscaMusk,1
BMo76630974,EvrybodynthrMom,1
BMo76630974,GailAlfarATX,1
BMo76630974,IheartTesla,1
BMo76630974,JenniCurrent,1
BMo76630974,Kristennetten,1
BMo76630974,Tesla,1
BMo76630974,TeslaOwnersEBay,1
BMo76630974,TheUnderDoge3,1
BMo76630974,blueskykites,1
BMo76630974,daelmor,1
BMo76630974,elonmusk,1
BMo76630974,teslacn,1
BPThrash,BillyM2k,1
BPThrash,EvaFoxU,1
BPThrash,elonmusk,1
BPThrash,tesla_adri,1
BRAP_Podcast,EverbornSaga,1
BRAP_Podcast,Gazondaily,1
BRAP_Podcast,OhNoItsAlexx,1
BRAP_Podcast,ecjaxson,1
BRLvideos,TSLAfanboy,1
BROS_FX,elonmusk,1
BS__Exposed,EvrybodynthrMom,1
BS__Exposed,GailAlfarATX,1
BS__Exposed,IheartTesla,1
BS__Exposed,JenniCurrent,1
BS__Exposed,Kristennetten,1
BS__Exposed,Tesla,1
BS__Exposed,TeslaOwnersEBay,1
BS__Exposed,blueskykites,1
BS__Exposed,daelmor,1
BS__Exposed,elonmusk,1
BS__Exposed,teslacn,1
BYECAHELLOTEXAS,CurrentRevolt,1
BabinAngele,EvrybodynthrMom,3
BabinAngele,GailAlfarATX,3
BabinAngele,IheartTesla,3
BabinAngele,JenniCurrent,3
BabinAngele,Jitin42069,2
BabinAngele,Kristennetten,3
BabinAngele,Tesla,3
BabinAngele,TeslaOwnersEBay,3
BabinAngele,blueskykites,3
BabinAngele,daelmor,3
BabinAngele,elonmusk,3
BabinAngele,teslacn,3
BabyTesla3,Tesla,1
BabyTesla3,_bennettm_,1
BabyTesla3,elonmusk,1
BaceDzigerica,ex_zorz,1
Back2theshadow,BackToTheDoge,1
Back2theshadow,Tesla,1
BackToTheDoge,Back2theshadow,1
BackToTheDoge,CalisCihan,1
BackToTheDoge,LostInArtMagic,1
BackToTheDoge,Tesla,4
BackToTheDoge,liquidseahorse,1
BackToTheDoge,sodogetip,1
BadHabitRabbit,DRayRaven,1
BadHabitRabbit,elonmusk,1
BadHabitRabbit,itsJeffTiedrich,1
Badboystylz,EvrybodynthrMom,1
Badboystylz,GailAlfarATX,1
Badboystylz,IheartTesla,1
Badboystylz,JenniCurrent,1
Badboystylz,Kristennetten,1
Badboystylz,Tesla,1
Badboystylz,TeslaOwnersEBay,1
Badboystylz,blueskykites,1
Badboystylz,daelmor,1
Badboystylz,elonmusk,1
Badboystylz,teslacn,1
BadkaBakait,PPathole,1
BadkaBakait,Tesla,1
BadkaBakait,elonmusk,1
BadurinaJane,elonmusk,1
Balboafightpix,SnazzyQ,1
Balboafightpix,ThatDude23_,1
Balboafightpix,elonmusk,1
BangLangHoa3,elonmusk,1
Bankshot9ball,ufob0t,1
BarDePueblo1,TESLA_CREADOR,1
BarbaraLuvsMaui,elonmusk,1
Barend48608900,rblommestijn,1
Barnacules,Lungbarrow1,1
Barnacules,SnazzyQ,1
Barnacules,TH0JENSEN,1
Barnacules,Twitter,1
Barnacules,brandonhassler,1
Barnacules,elonmusk,1
Barnacules,henryaryaxz,1
Barnacules,mccrawfordler,1
BarringtonBobb,MacRumors,1
BarringtonBobb,rsgnl,1
BarryBruno6,EvrybodynthrMom,1
BarryBruno6,GailAlfarATX,1
BarryBruno6,IheartTesla,1
BarryBruno6,JenniCurrent,1
BarryBruno6,Kristennetten,1
BarryBruno6,Tesla,1
BarryBruno6,TeslaOwnersEBay,1
BarryBruno6,blueskykites,1
BarryBruno6,daelmor,1
BarryBruno6,elonmusk,1
BarryBruno6,teslacn,1
BarterDianne,EvrybodynthrMom,1
BarterDianne,GailAlfarATX,1
BarterDianne,IheartTesla,1
BarterDianne,JenniCurrent,1
BarterDianne,Kristennetten,1
BarterDianne,Tesla,1
BarterDianne,TeslaOwnersEBay,1
BarterDianne,blueskykites,1
BarterDianne,daelmor,1
BarterDianne,elonmusk,1
BarterDianne,teslacn,1
Bartomi66334399,SlawomiraR,1
BartoszKowalcz,AHaman1916,6
BartoszKowalcz,FitnessKlubNr1,6
BartoszKowalcz,KiwiTenPtak,3
BartoszKowalcz,Kuba60511484,3
BartoszKowalcz,SawyerMerritt,1
BartoszKowalcz,Tesla,8
BartoszKowalcz,TeslaCharging,1
BartoszKowalcz,Teslarati,7
BartoszKowalcz,WholeMarsBlog,1
BartoszKowalcz,elonmusk,7
BartoszKowalcz,wojcikofficial,7
Bauchnabelzwerg,CapFuture_,1
Bauchnabelzwerg,alex_avoigt,1
BayLeca,EvrybodynthrMom,1
BayLeca,GailAlfarATX,1
BayLeca,IheartTesla,1
BayLeca,JenniCurrent,1
BayLeca,Kristennetten,1
BayLeca,Tesla,1
BayLeca,TeslaOwnersEBay,1
BayLeca,blueskykites,1
BayLeca,daelmor,1
BayLeca,elonmusk,1
BayLeca,teslacn,1
BeatlerGaming37,carwowuk,1
BeckermanCJ7,bab_102,1
BeckermanCJ7,elonmusk,1
BeckermanCJ7,gil4cosd9,1
BeckermanCJ7,thiruverseII,1
BedigarVR,ddofinternet,1
BeerPeak,TaylorOgan,1
BeerPeak,alanyapxh,1
BekahDivine,EvrybodynthrMom,1
BekahDivine,GailAlfarATX,1
BekahDivine,IheartTesla,1
BekahDivine,JenniCurrent,1
BekahDivine,Kristennetten,1
BekahDivine,Tesla,1
BekahDivine,TeslaOwnersEBay,1
BekahDivine,blueskykites,1
BekahDivine,daelmor,1
BekahDivine,elonmusk,1
BekahDivine,teslacn,1
BelascoEmerich,elonmusk,1
BelascoEmerich,frankjnovak,1
BelascoEmerich,itsJeffTiedrich,1
BelchersHK,EvrybodynthrMom,1
BelchersHK,GailAlfarATX,1
BelchersHK,IheartTesla,1
BelchersHK,JenniCurrent,1
BelchersHK,Kristennetten,1
BelchersHK,Tesla,1
BelchersHK,TeslaOwnersEBay,1
BelchersHK,blueskykites,1
BelchersHK,daelmor,1
BelchersHK,elonmusk,1
BelchersHK,teslacn,1
BeliveinCrypto,CryptoLucas27,1
BeliveinCrypto,LlegitB,1
BeliveinCrypto,Tony765755561,1
BeliveinCrypto,_cryptoHOV,1
BeliveinCrypto,crypto_addicto7,1
BeliveinCrypto,dro_eth,1
BeliveinCrypto,phaltron,1
BeliveinCrypto,saitamaOg27,1
BeliveinCrypto,tequila_pete,1
BelleDelphlover,GayAssGoddess,1
BelleDelphlover,JohanaWasTaken,1
BelleDelphlover,Sublime_JMRI,1
BelleDelphlover,cLoWn_Ee,1
BenHouston3D,Scobleizer,2
Ben_deWaal,MichaelAArouet,1
Ben_deWaal,siwatanejo,1
Benben51888,garyblack00,1
BenjaminHeindl,Tesla,1
BenjaminHeindl,TeslaClubAT,1
BenjaminHeindl,elonmusk,1
BenjaminHeindl,teslaownersSV,1
BenjaminWMitch,WatcherGuru,1
BenjaminWMitch,elonmusk,1
Benjaminhakans1,ColbyWegman,1
Benjaminhakans1,CyberNightsNFT,1
Benjaminhakans1,Dirt_Birds_NFT,1
BenmRob,CJHandmer,1
BenmRob,HSouthwellFE,1
Benoit03157452,rfitz77,1
Benur211,EvrybodynthrMom,1
Benur211,GailAlfarATX,1
Benur211,IheartTesla,1
Benur211,JenniCurrent,1
Benur211,Kristennetten,1
Benur211,Tesla,1
Benur211,TeslaOwnersEBay,1
Benur211,blueskykites,1
Benur211,daelmor,1
Benur211,elonmusk,1
Benur211,pinon_frijoles,1
Benur211,teslacn,1
BergtunRune,itsKatieJLester,1
BernardP_T,Pat77432407,1
Berndog6,BreitbartNews,1
BerndxMay,Tesla,1
BerndxMay,nextmove_de,1
BesanconBiz,TeslaJoy,1
Bezatte1,elonmusk,1
BholaRoilo,elonmusk,1
BigA79813245,PPathole,1
BigA79813245,Tesla,1
BigA79813245,elonmusk,1
BigBiffIe,YourManJCDenton,1
BigBiffIe,reddit_lies,1
BigBossMane24,EvrybodynthrMom,1
BigBossMane24,GailAlfarATX,1
BigBossMane24,IheartTesla,1
BigBossMane24,JenniCurrent,1
BigBossMane24,Kristennetten,1
BigBossMane24,Tesla,1
BigBossMane24,TeslaOwnersEBay,1
BigBossMane24,blueskykites,1
BigBossMane24,daelmor,1
BigBossMane24,elonmusk,1
BigBossMane24,teslacn,1
BigDeelDilo,KasperKubica,1
BigDeelDilo,alexjpujol,1
BigDeelDilo,john574NYC,1
BigDeelDilo,paulg,1
BigIsk,HeavyMetal_999,1
BigWin_Glorya,mikuroQ,1
Bighuey25Huey,D1xon_00,1
Bighuey25Huey,JDCocchiarella,1
Bighuey25Huey,leadership_lens,1
Bighuey25Huey,mikerichh,1
Bilalali3141,EvrybodynthrMom,1
Bilalali3141,GailAlfarATX,1
Bilalali3141,IheartTesla,1
Bilalali3141,JenniCurrent,1
Bilalali3141,Kristennetten,1
Bilalali3141,Tesla,1
Bilalali3141,TeslaOwnersEBay,1
Bilalali3141,blueskykites,1
Bilalali3141,daelmor,1
Bilalali3141,elonmusk,1
Bilalali3141,teslacn,1
Bilaljuttttt,elonmusk,1
Bill82124427,TheTorontoSun,1
BillP34497361,mattyglesias,1
BillShine8,itsKatieJLester,1
BillStonks,CheddarFlow,1
Bills04bth,kagis8,1
BillyBe24919109,1treetree7,1
BillyBe24919109,SawyerMerritt,1
BillyBe24919109,matthias,1
BiloFlorida,JDSostrom,1
BiloFlorida,Kklein91,1
BiloFlorida,Tesla,1
BiloFlorida,chevrolet,1
Bin_Ashry_M_H,nypost,1
BisonoStarlin,elonmusk,1
BlessingEkarik6,Jumolaxx,1
Blindside007,JoTrader4,1
BlockChainGang8,RichardHeartWin,1
BlockFi,Bitcoin_Tesla,1
BlueAI8866,DeItaone,1
BlueAI8866,greg16676935420,1
BlueSensation3,InsideEVs,1
Bluebonnet0_0,Tesla,1
Bluegeek33,EvrybodynthrMom,1
Bluegeek33,GailAlfarATX,1
Bluegeek33,IheartTesla,1
Bluegeek33,JenniCurrent,1
Bluegeek33,Kristennetten,1
Bluegeek33,Tesla,1
Bluegeek33,TeslaOwnersEBay,1
Bluegeek33,blueskykites,1
Bluegeek33,daelmor,1
Bluegeek33,elonmusk,1
Bluegeek33,teslacn,1
Bob07805771,EvrybodynthrMom,1
Bob07805771,GailAlfarATX,1
Bob07805771,IheartTesla,1
Bob07805771,JenniCurrent,1
Bob07805771,Kristennetten,1
Bob07805771,Tesla,1
Bob07805771,TeslaOwnersEBay,1
Bob07805771,blueskykites,1
Bob07805771,daelmor,1
Bob07805771,elonmusk,1
Bob07805771,teslacn,1
BobGund72837585,elonmusk,1
Bobaritone,GiuseppeFavuzza,1
Bobaritone,MarcoRizzoPC,1
BobdevoGm,elonmusk,1
BodegaBathroom,elonmusk,1
BogdanBabes,brainthots,1
BogdanBabes,elonmusk,1
BogdanBabes,grambo1980,1
Bohob,Bubinator_X,1
Bohob,FoxNews,1
Bohob,Lilacgirl58,1
BoloMan82881853,DjokerNole,1
BoloMan82881853,JonGordon11,1
Bombiggy1,DesertDog8989,4
Bombiggy1,DesinNam1,14
Bombiggy1,GosbeeVanessa,8
Bombiggy1,Kat_230775,7
Bombiggy1,NikitaSachdev01,4
Bombiggy1,TD_Tesla,14
Bombiggy1,TheCardiganB,1
Bombiggy1,invest_answers,1
Bombiggy1,robertrosenfeld,1
BonBorius,FoldynaJaroslav,1
BonBorius,psalose,1
BonaireVolt,DimaZeniuk,1
BonaireVolt,RandomKiwi_,1
BonaireVolt,RealDanODowd,1
BonaireVolt,Tesla,2
BonaireVolt,elonmusk,2
Bond007theone,ChrisRangel82,1
Bond007theone,EvrybodynthrMom,1
Bond007theone,GailAlfarATX,1
Bond007theone,IheartTesla,1
Bond007theone,JenniCurrent,1
Bond007theone,Kristennetten,1
Bond007theone,Tesla,1
Bond007theone,TeslaOwnersEBay,1
Bond007theone,blueskykites,1
Bond007theone,daelmor,1
Bond007theone,elonmusk,1
Bond007theone,teslacn,1
Bookish_Harmony,PPathole,1
Bookish_Harmony,elonmusk,1
Bouckaert,Mike_Drop1,1
Bouncypete,Tesla,4
Bouncypete,jesseb4me,4
Bouncypete,teslafi,4
BourneReddy,elonmusk,1
BowTiedBlueFin,greg16676935420,1
Boy2000Fan,CaptainShares,1
Boy2000Fan,Commuternyc,1
Boy2000Fan,PJHORNAK,1
Boy2000Fan,S_Padival,1
Boy2000Fan,WallStCynic,1
Boy2000Fan,danahull,1
Boy2000Fan,garyblack00,1
Boy2000Fan,squawksquare,1
BoydPetrie,DRayRaven,1
BoydPetrie,buzzman123,1
BoydPetrie,elonmusk,1
BoydPetrie,itsJeffTiedrich,1
BradMunchen,makemoneycfa,1
BradTurvey2,EvrybodynthrMom,1
BradTurvey2,GailAlfarATX,1
BradTurvey2,IheartTesla,1
BradTurvey2,JenniCurrent,1
BradTurvey2,Kristennetten,1
BradTurvey2,Tesla,1
BradTurvey2,TeslaOwnersEBay,1
BradTurvey2,blueskykites,1
BradTurvey2,daelmor,1
BradTurvey2,elonmusk,1
BradTurvey2,teslacn,1
BrainGoblin,elonmusk,1
BrajeshJhariya2,elonmusk,1
BramucciMatteo,fly4dat,1
BrandonLive,BonaireVolt,1
BrandonLive,RealDanODowd,1
BrandonLive,Tesla,1
BrandonLive,elonmusk,1
BrandonTSLA,BLKMDL3,1
BrandonTSLA,Tesla,1
BrandonTSLA,TeslaCharging,1
BrandonTSLA,elonmusk,1
BrandonTSLA,omg_tesla,1
Bray10Marty,EvrybodynthrMom,1
Bray10Marty,GailAlfarATX,1
Bray10Marty,IheartTesla,1
Bray10Marty,JenniCurrent,1
Bray10Marty,Kristennetten,1
Bray10Marty,Tesla,1
Bray10Marty,TeslaOwnersEBay,1
Bray10Marty,blueskykites,1
Bray10Marty,daelmor,1
Bray10Marty,elonmusk,1
Bray10Marty,teslacn,1
Breakevennnnnnn,juanrallo,1
BreathOfTheVile,elonmusk,1
BreathOfTheVile,greg16676935420,1
BreathOfTheVile,tammym6266,1
BreathOfTheVile,todisappear,1
BrendaD10572797,DeepakOffline,1
BrendaD10572797,Tesla,1
BrendaD10572797,elonmusk,1
BrianCanadien,DobackHuffInc,1
BrianCanadien,LucidMotors,1
BrianCanadien,Tesla,1
BrianCanadien,Tesla2Lucid,1
BrianCanadien,elonmusk,1
BrianCanadien,masegoslin,1
BriereBear,AtlantaStu,1
BrightYawjoy,LetsGoLucid2022,1
BrightYawjoy,LucidMotors,1
BrightYawjoy,Tesla,1
BrightYawjoy,Tesla2Lucid,1
BrightYawjoy,dan_karau,1
BrightYawjoy,elonmusk,1
BrightYawjoy,masegoslin,1
BrightYawjoy,thePike_1,1
Brimania42,Most_Maximus,1
Britt69318897,StonkSleeper,1
Britt69318897,jonfortt,1
Brokenstill50,PPathole,1
Brokenstill50,SteveForgeron,1
Brokenstill50,Tesla,1
Brokenstill50,Watchmiker,1
Brokenstill50,elonmusk,1
Bronicorn2000,EvrybodynthrMom,1
Bronicorn2000,GailAlfarATX,1
Bronicorn2000,IheartTesla,1
Bronicorn2000,JenniCurrent,1
Bronicorn2000,Kristennetten,1
Bronicorn2000,Tesla,1
Bronicorn2000,TeslaOwnersEBay,1
Bronicorn2000,blueskykites,1
Bronicorn2000,daelmor,1
Bronicorn2000,elonmusk,1
Bronicorn2000,teslacn,1
Brown70William,EvrybodynthrMom,1
Brown70William,GailAlfarATX,1
Brown70William,IheartTesla,1
Brown70William,JenniCurrent,1
Brown70William,Kristennetten,1
Brown70William,Tesla,1
Brown70William,TeslaOwnersEBay,1
Brown70William,blueskykites,1
Brown70William,daelmor,1
Brown70William,elonmusk,1
Brown70William,teslacn,1
BruceChristie18,nicoleMletort,1
BruceTheModel3,28delayslater,1
BruceTheModel3,JulissaB_13,1
BruceTheModel3,MsMfrunker,1
BruceTheModel3,TheUnderDoge3,1
BruceTheModel3,ValueAnalyst1,1
Bruninh51027619,EvrybodynthrMom,1
Bruninh51027619,GailAlfarATX,1
Bruninh51027619,IheartTesla,1
Bruninh51027619,JenniCurrent,1
Bruninh51027619,Jitin42069,1
Bruninh51027619,Kristennetten,1
Bruninh51027619,Tesla,1
Bruninh51027619,TeslaOwnersEBay,1
Bruninh51027619,blueskykites,1
Bruninh51027619,daelmor,1
Bruninh51027619,elonmusk,1
Bruninh51027619,teslacn,1
Bruno03284444,leiatheinvestor,1
Bruno03284444,netflix,1
BryanLam82,Falconwingsnj,1
BryanLam82,Tesla,1
BsabrinaUB,elonmusk,1
BuccieroSandra,DRayRaven,1
BuccieroSandra,buzzman123,1
BuccieroSandra,elonmusk,1
BuccieroSandra,itsJeffTiedrich,1
BuddhistApe,EvrybodynthrMom,1
BuddhistApe,GailAlfarATX,1
BuddhistApe,IheartTesla,1
BuddhistApe,JenniCurrent,1
BuddhistApe,Kristennetten,1
BuddhistApe,Tesla,1
BuddhistApe,TeslaOwnersEBay,1
BuddhistApe,blueskykites,1
BuddhistApe,daelmor,1
BuddhistApe,elonmusk,1
BuddhistApe,teslacn,1
Buddyboybudbud,LOLGOP,1
Buingocha1986,Falconwingsnj,1
Buingocha1986,Tesla,1
Bullsarein,Arthur_van_Pelt,1
Bullsarein,McGooserJr,1
BunkyDD,TIME,1
BurnerSmokin,TheAlexisKraft,1
BurnerSmokin,ThomasMoneyhon,1
BurnerSmokin,coldgamecrispy,1
BurnerSmokin,elonmusk,1
BurnerSmokin,max_roi,1
BurnerSmokin,thefarcentrist,1
BussGusher,JANABABIEE,1
BussGusher,jingusucks,1
BussGusher,strwbryprinc3ss,1
Buster_Junk,joncoopertweets,1
Buster_Junk,waitnwallflower,1
Butterfly011997,EvrybodynthrMom,1
Butterfly011997,GailAlfarATX,1
Butterfly011997,IheartTesla,1
Butterfly011997,JenniCurrent,1
Butterfly011997,Kristennetten,1
Butterfly011997,Tesla,1
Butterfly011997,TeslaOwnersEBay,1
Butterfly011997,blueskykites,1
Butterfly011997,daelmor,1
Butterfly011997,elonmusk,1
Butterfly011997,teslacn,1
ByeonChansoo,28delayslater,1
ByeonChansoo,Tesla,1
ByeonChansoo,WholeMarsBlog,1
ByeonChansoo,brianbolstad,1
ByeonChansoo,tesla_adri,3
ByeonChansoo,thyAshes,1
Byrd8Lanie,EvrybodynthrMom,1
Byrd8Lanie,GailAlfarATX,1
Byrd8Lanie,IheartTesla,1
Byrd8Lanie,JenniCurrent,1
Byrd8Lanie,Kristennetten,1
Byrd8Lanie,Tesla,1
Byrd8Lanie,TeslaOwnersEBay,1
Byrd8Lanie,blueskykites,1
Byrd8Lanie,daelmor,1
Byrd8Lanie,elonmusk,1
Byrd8Lanie,teslacn,1
ByrdeCapital,LovingWildlyfe,2
ByrdeCapital,RicochetRowdy,2
ByrdeCapital,varbmos,2
C10wnw0r1d,DimaZeniuk,1
C10wnw0r1d,Tesla,2
C10wnw0r1d,TroyTeslike,1
C10wnw0r1d,d_kinimo,1
C10wnw0r1d,elonmusk,2
C10wnw0r1d,rako_sebastian,1
C10wnw0r1d,tesla_adri,1
C10wnw0r1d,teslamag,1
CASSCONS,DimaZeniuk,1
CASSCONS,Tesla,3
CASSCONS,TeslaClubAT,1
CASSCONS,elonmusk,3
CASSCONS,tesla_adri,1
CASSCONS,teslaownersSV,1
CBzh56,BrunoLeMaire,1
CBzh56,LCI,1
CCofNavarro,KT_So_It_Goes,1
CCofNavarro,WorstTimeline6,1
CComstri,EvrybodynthrMom,1
CComstri,GailAlfarATX,1
CComstri,IheartTesla,1
CComstri,JenniCurrent,1
CComstri,Kristennetten,1
CComstri,Tesla,1
CComstri,TeslaOwnersEBay,1
CComstri,blueskykites,1
CComstri,daelmor,1
CComstri,elonmusk,1
CComstri,teslacn,1
CDidits,elonmusk,1
CDoncorleone,RTLnieuws,1
CHAINeSAIR,EvrybodynthrMom,1
CHAINeSAIR,GailAlfarATX,1
CHAINeSAIR,IheartTesla,1
CHAINeSAIR,JenniCurrent,1
CHAINeSAIR,Kristennetten,1
CHAINeSAIR,Tesla,1
CHAINeSAIR,TeslaOwnersEBay,1
CHAINeSAIR,blueskykites,1
CHAINeSAIR,daelmor,1
CHAINeSAIR,elonmusk,1
CHAINeSAIR,teslacn,1
CHAntony1,sloyoroll01973,1
CHIRAGARYADEEP,StockMKTNewz,1
CJHandmer,HSouthwellFE,1
CJ_NFA,laurenfix,1
CKesselman,Investeraren,1
CMilliband,EvrybodynthrMom,1
CMilliband,GailAlfarATX,1
CMilliband,IheartTesla,1
CMilliband,JenniCurrent,1
CMilliband,Kristennetten,1
CMilliband,Tesla,1
CMilliband,TeslaOwnersEBay,1
CMilliband,blueskykites,1
CMilliband,daelmor,1
CMilliband,elonmusk,1
CMilliband,teslacn,1
COgirl720,BigTechAlert,1
COgirl720,Twitter,1
COgirl720,paraga,1
COgirl720,teslaownersSV,1
CR0CUTA_R6,EvrybodynthrMom,1
CR0CUTA_R6,GailAlfarATX,1
CR0CUTA_R6,IheartTesla,1
CR0CUTA_R6,JenniCurrent,1
CR0CUTA_R6,Kristennetten,1
CR0CUTA_R6,Tesla,1
CR0CUTA_R6,TeslaOwnersEBay,1
CR0CUTA_R6,blueskykites,1
CR0CUTA_R6,daelmor,1
CR0CUTA_R6,elonmusk,1
CR0CUTA_R6,teslacn,1
CR250Crasher,squawksquare,1
CTtheDisrupter,gold_tesla,1
CYBERTRCK,Tesla,1
CYBERTRCK,_bennettm_,1
CYBERTRCK,elonmusk,1
CYBRTRK420,DirtyTesLa,4
CYBRTRK420,EVNow,1
CYBRTRK420,FermisSocks,1
CYBRTRK420,Tesla,4
CYBRTRK420,Tesla_AI_Bot,1
CYBRTRK420,elonmusk,3
CYL368464,rovercrc,1
C_Holler,LennartZHH,1
C_Holler,fluelimat,1
Cachiporro3,TESLA_CREADOR,1
CactusMetall,AlexandruFfm,1
CactusMetall,FinanceSmitty,1
Caden_MaddPanda,elonmusk,1
CaitlinKurvink,EvrybodynthrMom,1
CaitlinKurvink,GailAlfarATX,1
CaitlinKurvink,IheartTesla,1
CaitlinKurvink,JenniCurrent,1
CaitlinKurvink,Kristennetten,1
CaitlinKurvink,Tesla,1
CaitlinKurvink,TeslaOwnersEBay,1
CaitlinKurvink,blueskykites,1
CaitlinKurvink,daelmor,1
CaitlinKurvink,elonmusk,1
CaitlinKurvink,teslacn,1
CalebChristel,bboyfloore,1
CalebChristel,cxlv4free,1
CalebChristel,elonmusk,1
CalebChristel,frankjnovak,1
CalebChristel,itsJeffTiedrich,1
CalebRemington,conspiracyb0t,1
CalisCihan,BackToTheDoge,2
CalisCihan,PPathole,1
CalisCihan,Tesla,2
CalisCihan,elonmusk,1
CalisCihan,punjiam,1
CalisCihan,sodogetip,1
CamNguy59272353,Osinttechnical,1
Cameron42424242,SawyerMerritt,1
CamerondeSilva7,APathNotTaken,2
CamerondeSilva7,JuliaHB1,2
CamerondeSilva7,keith39187181,2
CamerondeSilva7,matt_greener,2
CamerondeSilva7,mattstocks71,2
CamiloMonsalve4,ClioBiblioteca,1
CampbellEaston,MercedesBenz,1
CampbellEaston,Tesla,1
CampbellEaston,ivailoj,1
CampbellEaston,volvocars,1
CamperNorwich,GM,1
CanE_Lab,MarcusWadsak,1
CanE_Lab,kwnet_at,1
Candid74946934,CrazyLadyTrader,2
Candid74946934,elonmusk,2
Canhas1907,AndresChiriEC,1
Canillo66326660,Dragance22,1
Canillo66326660,ooonana12,1
CanyonDriver,DRIVETRIBE,1
CanyonDriver,HeuristicLineup,1
Cap63366585,EvrybodynthrMom,1
Cap63366585,GailAlfarATX,1
Cap63366585,IheartTesla,1
Cap63366585,JenniCurrent,1
Cap63366585,Kristennetten,1
Cap63366585,Tesla,1
Cap63366585,TeslaOwnersEBay,1
Cap63366585,blueskykites,1
Cap63366585,daelmor,1
Cap63366585,elonmusk,1
Cap63366585,teslacn,1
CapsuleCorp86,LeonLush,1
CapsuleCorp86,mask_bastard,1
CaptainKangaJew,elonmusk,1
CaptainKangaJew,glenntongue,1
CaptainVoni,DiedrichLeander,1
CaptainVoni,LudaLisl,1
CaptainVoni,jpr007,1
CaptainVoni,osim457,1
CardboardRevolt,HellishQurve,1
CardboardRevolt,Most_Maximus,1
CarlFielding13,squawksquare,1
CarlSwartzen,PPathole,1
CarlSwartzen,Tesla,1
CarlSwartzen,elonmusk,2
CarlosFig64,joao_ferreira33,1
CarlosRundW,TESLA_CREADOR,1
CarmeloLepis,AndreasSteno,1
CarmenMarsh20,Richard_Schiff,1
CarmenMarsh20,Tesla,1
CarmenMarsh20,elonmusk,1
CarolEnwright,Tesla,1
CarolEnwright,ajtourville,1
CarolEnwright,elonmusk,1
CarolEnwright,omead,1
CarolEnwright,peterdog15,1
CarstensenFritz,engineers_feed,1
CasJam,evanalist,1
CasalesSan,compaiRENE,1
Casparagusman,MichaelAArouet,1
CatalinBoc,elonmusk,1
CatchupGladon,tenshiJJBA,1
CatherinScience,EvrybodynthrMom,1
CatherinScience,GailAlfarATX,1
CatherinScience,IheartTesla,1
CatherinScience,JenniCurrent,1
CatherinScience,Kristennetten,1
CatherinScience,Tesla,1
CatherinScience,TeslaOwnersEBay,1
CatherinScience,blueskykites,1
CatherinScience,daelmor,1
CatherinScience,elonmusk,1
CatherinScience,teslacn,1
Catta2you,TheRynheart,1
Causticat1,EvrybodynthrMom,1
Causticat1,GailAlfarATX,1
Causticat1,IheartTesla,1
Causticat1,JenniCurrent,1
Causticat1,Kristennetten,1
Causticat1,Tesla,1
Causticat1,TeslaOwnersEBay,1
Causticat1,blueskykites,1
Causticat1,daelmor,1
Causticat1,elonmusk,1
Causticat1,teslacn,1
CavityBuster937,DineshDSouza,2
CavityBuster937,o4z71tq0qy,2
CavityBuster937,sabbathrest777,2
CavityBuster937,shd8531,2
CdW7bFywUUFEpij,bratNvet,1
CeceDDario,duh_man,1
CeceDDario,georgehahn,1
Cee_Dubbbs,EvrybodynthrMom,1
Cee_Dubbbs,GailAlfarATX,1
Cee_Dubbbs,IheartTesla,1
Cee_Dubbbs,JenniCurrent,1
Cee_Dubbbs,Kristennetten,1
Cee_Dubbbs,Tesla,1
Cee_Dubbbs,TeslaOwnersEBay,1
Cee_Dubbbs,blueskykites,1
Cee_Dubbbs,daelmor,1
Cee_Dubbbs,elonmusk,1
Cee_Dubbbs,teslacn,1
Celtcat99,MattWallace888,1
Celtcat99,elonmusk,1
Celtcat99,fischer_price7,1
CenterRightBlak,Lisa1062,5
CenterRightBlak,RafaWartel,5
CenterRightBlak,deezhips,5
CenterRightBlak,elonmusk,5
CenterRightBlak,mn_google,5
CenterRightBlak,pantyboysama,5
CenterRightBlak,voidxvoid,5
CesareMontanari,Energia__Pura,1
CesareMontanari,elonmusk,1
CescQuet,Kangaroo69F,1
CescQuet,Osinttechnical,1
CescQuet,shaas42,1
CestLeMondeDeD1,EvrybodynthrMom,1
CestLeMondeDeD1,GailAlfarATX,1
CestLeMondeDeD1,IheartTesla,1
CestLeMondeDeD1,JenniCurrent,1
CestLeMondeDeD1,Kristennetten,1
CestLeMondeDeD1,Tesla,1
CestLeMondeDeD1,TeslaOwnersEBay,1
CestLeMondeDeD1,blueskykites,1
CestLeMondeDeD1,daelmor,1
CestLeMondeDeD1,elonmusk,1
CestLeMondeDeD1,teslacn,1
ChadStallard2,AJRFan11,1
ChanBrosRun,FermisSocks,3
ChanBrosRun,verge,4
Chan_nagi112,TESLA_no_TUNO,1
ChanchuPandey,elonmusk,1
Chandan54247529,EvrybodynthrMom,1
Chandan54247529,GailAlfarATX,1
Chandan54247529,IheartTesla,1
Chandan54247529,JenniCurrent,1
Chandan54247529,Kristennetten,1
Chandan54247529,RealMaxtern,1
Chandan54247529,Tesla,1
Chandan54247529,TeslaOwnersEBay,1
Chandan54247529,blueskykites,1
Chandan54247529,daelmor,1
Chandan54247529,elonmusk,1
Chandan54247529,teslacn,1
Chandle81111372,EvrybodynthrMom,1
Chandle81111372,GailAlfarATX,1
Chandle81111372,IheartTesla,1
Chandle81111372,JenniCurrent,1
Chandle81111372,Kristennetten,1
Chandle81111372,Tesla,1
Chandle81111372,TeslaOwnersEBay,1
Chandle81111372,blueskykites,1
Chandle81111372,daelmor,1
Chandle81111372,elonmusk,1
Chandle81111372,teslacn,1
Chandra42069,EvrybodynthrMom,1
Chandra42069,GailAlfarATX,1
Chandra42069,IheartTesla,1
Chandra42069,JenniCurrent,1
Chandra42069,Kristennetten,1
Chandra42069,Tesla,1
Chandra42069,TeslaOwnersEBay,1
Chandra42069,blueskykites,1
Chandra42069,daelmor,1
Chandra42069,elonmusk,1
Chandra42069,teslacn,1
ChaphekarF1,DimaZeniuk,1
ChaphekarF1,Tesla,1
ChaphekarF1,elonmusk,1
ChapmanCNSNews,EvrybodynthrMom,1
ChapmanCNSNews,GailAlfarATX,1
ChapmanCNSNews,IheartTesla,1
ChapmanCNSNews,JenniCurrent,1
ChapmanCNSNews,Kristennetten,1
ChapmanCNSNews,Tesla,1
ChapmanCNSNews,TeslaOwnersEBay,1
ChapmanCNSNews,blueskykites,1
ChapmanCNSNews,daelmor,1
ChapmanCNSNews,elonmusk,1
ChapmanCNSNews,teslacn,1
ChargeGoGroup,_bennettm_,1
ChargeGoGroup,elonmusk,1
Charles56452776,LLLLLLL1969,1
Charles56452776,unusual_whales,1
CharlesBeaston,EpochOpinion,1
CharlesBeaston,Tesla,1
CharlesBeaston,anderscorr,1
CharlesYamamot,ParikPatelCFA,1
CharleyBurt1,BabyTheCat1,1
CharlieBankens,AliNotAlli,1
CharlieBankens,Rick64112778,1
CharlotteZil,40kWh,1
CharlotteZil,Chargemap,1
CharlotteZil,SadiAriels,1
ChavsofBrexit,EvrybodynthrMom,1
ChavsofBrexit,GailAlfarATX,1
ChavsofBrexit,IheartTesla,1
ChavsofBrexit,JenniCurrent,1
ChavsofBrexit,Kristennetten,1
ChavsofBrexit,Tesla,1
ChavsofBrexit,TeslaOwnersEBay,1
ChavsofBrexit,blueskykites,1
ChavsofBrexit,daelmor,1
ChavsofBrexit,elonmusk,1
ChavsofBrexit,teslacn,1
ChazNFT,CryptoLandWhale,1
Checktaschu,DimaZeniuk,1
Checktaschu,Tesla,1
Checktaschu,elonmusk,1
Cheeryarbiter,Jays200,1
Cheeryarbiter,Krishell1985,1
Cheeryarbiter,MrCaturdayNight,1
Cheeryarbiter,SpaceX,1
Cheeryarbiter,Tesla,1
Cheeryarbiter,elonmusk,1
Cheeryarbiter,harald_murphy,1
Cheryl_L_Hyde,AlucaALUCA,1
Cheryl_L_Hyde,AudreyDesisto,1
Cheryl_L_Hyde,CCHarrison67,1
Cheryl_L_Hyde,Dianafowles,1
Cheryl_L_Hyde,Janice_Garner,1
Cheryl_L_Hyde,KnowSmallParts,1
Cheryl_L_Hyde,LoriMoreno,1
Cheryl_L_Hyde,LoveThatYacht,1
Cheryl_L_Hyde,MicheleLanfrank,1
Cheryl_L_Hyde,MsJuliaParker,1
Cheryl_L_Hyde,Saun_Fischer,1
Cheryl_L_Hyde,TathamSmith,1
Cheryl_L_Hyde,Tesla,1
Cheryl_L_Hyde,YoYostarbaby77,1
Cheryl_L_Hyde,rockyohio,1
Cheryl_L_Hyde,sarahjeanfry,1
ChicanoApe,AMCbiggums,1
ChicanoApe,HerediaHe1,1
ChicanoApe,MexicApe,1
ChicanoApe,ThatGuyAstro,1
ChicanoApe,ramkord,1
ChicanoApe,rocketastronaut,1
ChinnyCharles3,GM,1
ChixRivahVA,adamdavidson,1
Chornibumer2,CrypRader,1
Chornibumer2,eurodolar1980x,1
Chornibumer2,tokcem,1
Chris818818,elonmusk,1
ChrisCYVR,waitbutwhy,1
ChrisFL410,AutoExpress,2
ChrisFL410,BB27000,2
ChrisFL410,WangrevelainJ,2
ChrisFL410,moutet_a,2
ChrisLzu,BrightYawjoy,1
ChrisLzu,LetsGoLucid2022,1
ChrisLzu,LucidMotors,1
ChrisLzu,Tesla,1
ChrisLzu,Tesla2Lucid,1
ChrisLzu,dan_karau,1
ChrisLzu,elonmusk,1
ChrisLzu,masegoslin,1
ChrisLzu,thePike_1,1
ChrisMc15559051,LucidMotors,1
ChrisMc15559051,Tesla,1
ChrisMc15559051,Tesla2Lucid,1
ChrisMc15559051,elonmusk,1
ChrisMc15559051,masegoslin,1
ChrisPatterDu,EvrybodynthrMom,1
ChrisPatterDu,GailAlfarATX,1
ChrisPatterDu,IheartTesla,1
ChrisPatterDu,JenniCurrent,1
ChrisPatterDu,Kristennetten,1
ChrisPatterDu,Tesla,1
ChrisPatterDu,TeslaOwnersEBay,1
ChrisPatterDu,blueskykites,1
ChrisPatterDu,daelmor,1
ChrisPatterDu,elonmusk,1
ChrisPatterDu,teslacn,1
ChrisRangel82,EvrybodynthrMom,1
ChrisRangel82,GailAlfarATX,1
ChrisRangel82,IheartTesla,1
ChrisRangel82,JenniCurrent,1
ChrisRangel82,Kristennetten,1
ChrisRangel82,Tesla,1
ChrisRangel82,TeslaOwnersEBay,1
ChrisRangel82,blueskykites,1
ChrisRangel82,daelmor,1
ChrisRangel82,elonmusk,1
ChrisRangel82,teslacn,1
ChrisScottsdale,DirtyTesLa,1
Christ_Is_King7,elonmusk,1
Christ_Is_King7,itsJeffTiedrich,1
ChristfriedW,FiatDeutschland,1
ChristfriedW,SolarMobilHDH,1
ChristfriedW,Tesla,1
ChristfriedW,VW,1
Christi26912367,FelixKern2,1
Christi26912367,FinanceSmitty,1
Christi26912367,alex_avoigt,1
ChristianKWatt,EvrybodynthrMom,1
ChristianKWatt,GailAlfarATX,1
ChristianKWatt,IheartTesla,1
ChristianKWatt,JenniCurrent,1
ChristianKWatt,Kristennetten,1
ChristianKWatt,Tesla,1
ChristianKWatt,TeslaOwnersEBay,1
ChristianKWatt,blueskykites,1
ChristianKWatt,daelmor,1
ChristianKWatt,elonmusk,1
ChristianKWatt,teslacn,1
Christo63991004,elonmusk,1
Christo87184657,09yellowtrx4,1
Christo87184657,RobinToal,1
Christo87184657,SawyerMerritt,1
ChuckChirac,Juergen_Kaiser,1
Clareyemms,cswarketatora,2
ClassicFighters,Tesla,1
ClassicFighters,elonmusk,1
ClassicFighters,tesla_adri,1
ClaudioSaleta,ButTsla,1
ClaudioSaleta,Tesla_Dawg,1
ClaudioSaleta,garyblack00,1
ClaudioSaleta,teshen8lin,1
ClausMller17,Tesla,8
ClausMller17,elonmusk,8
ClausMller17,hugo_fo,7
ClausMller17,jpr007,8
ClemsonTom,RuffRidinNole,1
CleoFjosnissen,JD88791146,1
CleoFjosnissen,SyncLt,1
CleoFjosnissen,TheAlexisKraft,1
CleoFjosnissen,coldgamecrispy,1
CleoFjosnissen,elonmusk,1
CleoFjosnissen,serfandvolley,1
Cleverwolfano1,EvrybodynthrMom,1
Cleverwolfano1,GailAlfarATX,1
Cleverwolfano1,IheartTesla,1
Cleverwolfano1,JenniCurrent,1
Cleverwolfano1,Kristennetten,1
Cleverwolfano1,Tesla,1
Cleverwolfano1,TeslaOwnersEBay,1
Cleverwolfano1,blueskykites,1
Cleverwolfano1,daelmor,1
Cleverwolfano1,elonmusk,1
Cleverwolfano1,nycandre,1
Cleverwolfano1,teslacn,1
CllrShellyHQ,ColmBurkeTD,1
CllrShellyHQ,ConnectingCabra,1
CllrShellyHQ,CormacDevlin,1
CllrShellyHQ,EmerHigginsTD,1
CllrShellyHQ,ErinMcGreehan,1
CllrShellyHQ,Fiona_Kildare,1
CllrShellyHQ,McManusDavid,1
CllrShellyHQ,NaomiOhReally,1
CllrShellyHQ,OgraFiannaFail,1
CllrShellyHQ,PaulGogarty,1
CllrShellyHQ,SouthwestMetro,1
CllrShellyHQ,evbnb_ie,1
CllrShellyHQ,fiannafailparty,1
CllrShellyHQ,jackfchambers,1
CllrShellyHQ,leemg1999,1
CllrShellyHQ,michaelclark99,1
CllrShellyHQ,shanemoynihan,1
CllrShellyHQ,sonyalennon,1
Clowncarcrash,BlindPartisans,1
Clowncarcrash,GoodNewsStock,1
Clowncarcrash,PPathole,1
Clowncarcrash,de_sh0t,1
Clowncarcrash,elonmusk,1
CoalitionDamned,EvrybodynthrMom,1
CoalitionDamned,GailAlfarATX,1
CoalitionDamned,IheartTesla,1
CoalitionDamned,JenniCurrent,1
CoalitionDamned,Kristennetten,1
CoalitionDamned,Tesla,1
CoalitionDamned,TeslaOwnersEBay,1
CoalitionDamned,blueskykites,1
CoalitionDamned,daelmor,1
CoalitionDamned,elonmusk,1
CoalitionDamned,teslacn,1
Cocreator420,garyblack00,1
Cocreator420,hikingskiing,1
CoderTrader008,ErikSTownsend,1
CoderTrader008,elonmusk,1
CodingEtudes,BigDicksPickz,5
CodingEtudes,Gaspari14902991,1
CodingEtudes,GenX_ftw,5
CodingEtudes,JanLang04,1
CodingEtudes,LibertarianPOC,3
CodingEtudes,MarshalDillon2,1
CodingEtudes,MattWallace888,5
CodingEtudes,Tesla,1
CodingEtudes,elonmusk,5
CodingEtudes,fischer_price7,5
CodingEtudes,giosaia,2
CodyPitch,EvrybodynthrMom,1
CodyPitch,GailAlfarATX,1
CodyPitch,IheartTesla,1
CodyPitch,JenniCurrent,1
CodyPitch,Kristennetten,1
CodyPitch,Tesla,1
CodyPitch,TeslaOwnersEBay,1
CodyPitch,blueskykites,1
CodyPitch,daelmor,1
CodyPitch,elonmusk,1
CodyPitch,teslacn,1
Coldfell1,CassandraHalli7,3
Coldfell1,RafaWartel,3
Coldfell1,deezhips,3
Coldfell1,elonmusk,3
Coldfell1,mn_google,3
Coldfell1,pantyboysama,3
ColinByTheCoast,1977pandora,1
ColinByTheCoast,BlackRock_UK,5
ColinByTheCoast,Chris_Banksie,1
ColinByTheCoast,JaneLorelie,2
ColinByTheCoast,coleman61041,1
ColinByTheCoast,fairchargeuk,1
ColinEFLawrence,EvrybodynthrMom,1
ColinEFLawrence,GailAlfarATX,1
ColinEFLawrence,IheartTesla,1
ColinEFLawrence,JenniCurrent,1
ColinEFLawrence,Kristennetten,1
ColinEFLawrence,Tesla,1
ColinEFLawrence,TeslaOwnersEBay,1
ColinEFLawrence,blueskykites,1
ColinEFLawrence,daelmor,1
ColinEFLawrence,elonmusk,1
ColinEFLawrence,teslacn,1
ColinNutt,TheAlexisKraft,1
ColinNutt,coldgamecrispy,1
ColinNutt,elonmusk,1
ColmeHugo,Eltraviezoarce5,1
Combat_Vet693,RickMcIntosh16,1
Combat_Vet693,elonmusk,1
Combat_Vet693,greg16676935420,1
Conan68305J,NounaNunu2050,1
Conan68305J,squawksquare,1
ConcreteCox,Tesla,1
ConcreteCox,TeslaOwnersUK,1
ConcreteCox,elonmusk,1
Conoscite,EvrybodynthrMom,1
Conoscite,GailAlfarATX,1
Conoscite,IheartTesla,1
Conoscite,JenniCurrent,1
Conoscite,Kristennetten,1
Conoscite,Tesla,1
Conoscite,TeslaOwnersEBay,1
Conoscite,blueskykites,1
Conoscite,daelmor,1
Conoscite,elonmusk,1
Conoscite,teslacn,1
ConsConscious,AltcoinDailyio,1
ConsConscious,constantine741,1
ConsConscious,elonmusk,1
ConservaTwig,SavingAmerica4U,1
ConservaTwig,SonOfCormac_,1
ConservaTwig,elonmusk,1
CopiusDevil,MartyMcFry4,1
CopiusDevil,Po1ybiu5,1
CopiusDevil,davey914,1
CopiusDevil,thehill,1
Cornubot,ChapeauClaqu3,1
Cornubot,thehuffdoback,1
CorunnaB_,Tesla,1
CorunnaB_,Trading212,1
Corvus_corone99,elonmusk,1
CounselNet,elonmusk,1
CountMoh,EvrybodynthrMom,1
CountMoh,GailAlfarATX,1
CountMoh,IheartTesla,1
CountMoh,JenniCurrent,1
CountMoh,Kristennetten,1
CountMoh,Tesla,1
CountMoh,TeslaOwnersEBay,1
CountMoh,blueskykites,1
CountMoh,daelmor,1
CountMoh,elonmusk,1
CountMoh,teslacn,1
Cowaboonga1435,Carrie_Jeanne,1
Cowaboonga1435,Richard_Schiff,1
Cowaboonga1435,Tesla,1
Cowaboonga1435,TheGOPisRacist,1
Cowaboonga1435,christineh_58,1
Cowaboonga1435,elonmusk,1
Cowaboonga1435,kushibo,1
Cowboys4Life49,elonmusk,1
Cowcumber,BLKMDL3,1
CraftSmerald,Komanch,1
CraftSmerald,SugusSusanaTW,1
CranstonDwayne,elonmusk,1
CranstonDwayne,garyblack00,2
CranstonDwayne,hikingskiing,1
Crazy84Just,EvrybodynthrMom,1
Crazy84Just,GailAlfarATX,1
Crazy84Just,IheartTesla,1
Crazy84Just,JenniCurrent,1
Crazy84Just,Kristennetten,1
Crazy84Just,Tesla,1
Crazy84Just,TeslaOwnersEBay,1
Crazy84Just,blueskykites,1
Crazy84Just,daelmor,1
Crazy84Just,elonmusk,1
Crazy84Just,teslacn,1
CrazyWeeMonkey,JaredChamney,5
CrazyWeeMonkey,Knightw0lf_,2
CrazyWeeMonkey,SawyerMerritt,5
CrazyWeeMonkey,TechPreacher,5
CrazyWeeMonkey,Tesla,5
CrazyWeeMonkey,j_vikingland,5
CrippWiz,elonmusk,1
CroneWitch_51,BetoORourke,1
CroneWitch_51,Bugman94,1
CroneWitch_51,Colin_Cromien,1
CroneWitch_51,RossSchumann,1
CroneWitch_51,butterflyketch,1
CroneWitch_51,jacoker2,1
Cruelnunusual1,EvrybodynthrMom,1
Cruelnunusual1,GailAlfarATX,1
Cruelnunusual1,IheartTesla,1
Cruelnunusual1,JenniCurrent,1
Cruelnunusual1,Kristennetten,1
Cruelnunusual1,Tesla,1
Cruelnunusual1,TeslaOwnersEBay,1
Cruelnunusual1,blueskykites,1
Cruelnunusual1,daelmor,1
Cruelnunusual1,elonmusk,1
Cruelnunusual1,teslacn,1
CrushingLife81,squawksquare,2
Crveh,Most_Maximus,1
Crypjw23,MatthwETH,1
Cryptid_71,GM,1
Cryptikwriter,squawksquare,1
CryptoDictiona2,elonmusk,1
CryptoDog312,EvrybodynthrMom,1
CryptoDog312,GailAlfarATX,1
CryptoDog312,IheartTesla,1
CryptoDog312,JenniCurrent,1
CryptoDog312,Kristennetten,1
CryptoDog312,Tesla,1
CryptoDog312,TeslaOwnersEBay,1
CryptoDog312,blueskykites,1
CryptoDog312,daelmor,1
CryptoDog312,elonmusk,1
CryptoDog312,teslacn,1
CryptoEGA,elonmusk,1
CryptoFLP,juanif17,1
CryptoJolly98,EvrybodynthrMom,1
CryptoJolly98,GailAlfarATX,1
CryptoJolly98,IheartTesla,1
CryptoJolly98,JenniCurrent,1
CryptoJolly98,Kristennetten,1
CryptoJolly98,Tesla,1
CryptoJolly98,TeslaOwnersEBay,1
CryptoJolly98,blueskykites,1
CryptoJolly98,daelmor,1
CryptoJolly98,elonmusk,1
CryptoJolly98,teslacn,1
CryptoJunky34,Metaverse_Expo,1
CryptoJunky34,SOS_Lounge,1
CryptoJunky34,Sonofdoge_,1
CryptoJunky34,Tesla,1
CryptoJunky34,elonmusk,1
CryptoMatt357,rovercrc,1
CryptoNCoffeee,EvrybodynthrMom,2
CryptoNCoffeee,GailAlfarATX,2
CryptoNCoffeee,IheartTesla,2
CryptoNCoffeee,JenniCurrent,2
CryptoNCoffeee,Kristennetten,2
CryptoNCoffeee,Tesla,2
CryptoNCoffeee,TeslaOwnersEBay,2
CryptoNCoffeee,blueskykites,2
CryptoNCoffeee,daelmor,2
CryptoNCoffeee,elonmusk,2
CryptoNCoffeee,rosababy1111,1
CryptoNCoffeee,teslacn,2
CryptoRehab,BAYC2745,1
CryptoRehab,ezu_xyz,1
CryptoRehab,tweetdeez757,1
CryptoRich0x69,danprimack,1
Cryptochanzy,inmortalcrypto,1
Cryptolowest,EvrybodynthrMom,2
Cryptolowest,GailAlfarATX,2
Cryptolowest,IheartTesla,2
Cryptolowest,JenniCurrent,2
Cryptolowest,Kristennetten,2
Cryptolowest,Tesla,2
Cryptolowest,TeslaOwnersEBay,2
Cryptolowest,blueskykites,2
Cryptolowest,daelmor,2
Cryptolowest,elonmusk,2
Cryptolowest,teslacn,2
Cryptoverse95,ElonGoatToken,1
Cryptoverse95,EvaFoxU,1
Cryptoverse95,SignalLTC,1
Cryptoverse95,Tesla,1
Cryptoverse95,elongoatclub,1
Cryptoverse95,elonmusk,1
CtHStarki,LucidMotors,1
CtHStarki,Tesla,1
CtHStarki,Tesla2Lucid,1
CtHStarki,elonmusk,1
CtHStarki,masegoslin,1
Cu04860969Nancy,EvrybodynthrMom,1
Cu04860969Nancy,GailAlfarATX,1
Cu04860969Nancy,IheartTesla,1
Cu04860969Nancy,JenniCurrent,1
Cu04860969Nancy,Kristennetten,1
Cu04860969Nancy,Tesla,1
Cu04860969Nancy,TeslaOwnersEBay,1
Cu04860969Nancy,blueskykites,1
Cu04860969Nancy,daelmor,1
Cu04860969Nancy,elonmusk,1
Cu04860969Nancy,teslacn,1
Culkin00,EvrybodynthrMom,1
Culkin00,GailAlfarATX,1
Culkin00,IheartTesla,1
Culkin00,JenniCurrent,1
Culkin00,Kristennetten,1
Culkin00,Tesla,1
Culkin00,TeslaOwnersEBay,1
Culkin00,blueskykites,1
Culkin00,daelmor,1
Culkin00,elonmusk,1
Culkin00,teslacn,1
CultDaddy420,LovingWildlyfe,1
CulturalCompass,TeslasWords,1
Curttmfg,Abstrvct,1
Curttmfg,cryptomemegod,1
Cusperrose,elonmusk,1
CyberCandide,CapitalRational,1
CyberCandide,zerohedge,2
CyberXNish,elonmusk,1
Cyrus_Alabel,MikeIsaac,1
Cyrus_Alabel,seldo,1
CzechArtGirl,tesla_adri,1
CzuprynskiJarek,DBurkland,1
CzuprynskiJarek,EvrybodynthrMom,3
CzuprynskiJarek,GailAlfarATX,3
CzuprynskiJarek,IheartTesla,3
CzuprynskiJarek,JenniCurrent,3
CzuprynskiJarek,Kristennetten,3
CzuprynskiJarek,Tesla,3
CzuprynskiJarek,TeslaOwnersEBay,3
CzuprynskiJarek,blueskykites,3
CzuprynskiJarek,daelmor,3
CzuprynskiJarek,elonmusk,3
CzuprynskiJarek,teslacn,3
D675,ItsBillN,3
D675,Tesla,4
D675,TeslaOwnersUK,4
D675,TrackEVs,1
D675,elonmusk,4
D71911949,LucidMotors,1
D71911949,Tesla,1
D71911949,Tesla2Lucid,1
D71911949,elonmusk,1
D71911949,masegoslin,1
DAG_Investments,buccocapital,1
DALGREN6,EvrybodynthrMom,3
DALGREN6,GailAlfarATX,3
DALGREN6,IheartTesla,3
DALGREN6,JenniCurrent,3
DALGREN6,Kristennetten,3
DALGREN6,RaymanIsWoat,1
DALGREN6,Tesla,3
DALGREN6,TeslaOwnersEBay,3
DALGREN6,blueskykites,3
DALGREN6,daelmor,3
DALGREN6,elonmusk,3
DALGREN6,teslacn,3
DAMasiello,MuellerSheWrote,1
DBo36184584,DimaZeniuk,1
DBo36184584,Tesla,1
DBo36184584,elonmusk,1
DBurkland,EvrybodynthrMom,1
DBurkland,GailAlfarATX,1
DBurkland,IheartTesla,1
DBurkland,JenniCurrent,1
DBurkland,Kristennetten,1
DBurkland,MFrunker,1
DBurkland,Tesla,3
DBurkland,TeslaOwnersEBay,1
DBurkland,_bennettm_,1
DBurkland,blueskykites,1
DBurkland,daelmor,1
DBurkland,elonmusk,3
DBurkland,omg_tesla,2
DBurkland,raffaeru,1
DBurkland,teslacn,1
DC19583,elonmusk,1
DCC_Dub,Bthorn511,1
DCC_Dub,Most_Maximus,1
DCC_Dub,noob08050,1
DDangle71742223,BillyM2k,2
DDangle71742223,EvaFoxU,2
DDangle71742223,elonmusk,2
DDangle71742223,tesla_adri,2
DJBurges,alex_avoigt,1
DJSatane,elonmusk,1
DJSatane,xAlden,1
DJoelAdebayoLaw,DavidHundeyin,1
DJoelAdebayoLaw,hassandez,1
DJoelAdebayoLaw,umehofficial,1
DKorsakovas,alex_avoigt,1
DKorsakovas,oneiropagides,1
DLaneBreckenri1,Point_of_Gold,3
DLaneBreckenri1,SawyerMerritt,3
DLaneBreckenri1,Tesla,3
DLaneBreckenri1,TeslaCharging,3
DLaneBreckenri1,WholeMarsBlog,3
DMG672,ddofinternet,1
DONDOGE5000,APompliano,1
DONDOGE5000,balajis,1
DRayRaven,elonmusk,1
DRayRaven,itsJeffTiedrich,1
DSmithofficial,EvrybodynthrMom,1
DSmithofficial,GailAlfarATX,1
DSmithofficial,IheartTesla,1
DSmithofficial,JenniCurrent,1
DSmithofficial,Kristennetten,1
DSmithofficial,Tesla,1
DSmithofficial,TeslaOwnersEBay,1
DSmithofficial,blueskykites,1
DSmithofficial,daelmor,1
DSmithofficial,elonmusk,1
DSmithofficial,teslacn,1
DTEV111,EvrybodynthrMom,1
DTEV111,GailAlfarATX,1
DTEV111,IheartTesla,1
DTEV111,JenniCurrent,1
DTEV111,Kristennetten,1
DTEV111,Tesla,1
DTEV111,TeslaOwnersEBay,1
DTEV111,blueskykites,1
DTEV111,daelmor,1
DTEV111,elonmusk,1
DTEV111,teslacn,1
DW90714,elonmusk,1
DX9772,Tesla,1
DX9772,thyAshes,1
D_Ryan_Rose,elonmusk,1
DaBcBandit,JohnEDeaton1,1
DaRealMilkBagz,BigTechAlert,1
DaRealMilkBagz,Twitter,1
DaRealMilkBagz,paraga,1
DaRealMilkBagz,teslaownersSV,1
Da___Wolf,adamdavidson,1
DaanJuize,Charles_Leclerc,1
DaanJuize,F1,1
DaanJuize,HonestCityFan10,1
DaanJuize,UkkieFeitz,1
DaanJuize,yuiiii24838942,1
Dabears44444,JfkQ17,1
DadFollowing,TulsiGabbard,2
DalmauParera,CarlosDG_Tesla,1
DalmauParera,Tesla,1
Damhezy15,Crazy84Just,1
Damhezy15,EvrybodynthrMom,2
Damhezy15,GailAlfarATX,2
Damhezy15,IheartTesla,2
Damhezy15,JeffKraus12,1
Damhezy15,JenniCurrent,2
Damhezy15,Kristennetten,2
Damhezy15,LOLGOP,1
Damhezy15,Tesla,2
Damhezy15,TeslaOwnersEBay,2
Damhezy15,alex_avoigt,1
Damhezy15,blueskykites,2
Damhezy15,daelmor,2
Damhezy15,elonmusk,2
Damhezy15,pinon_frijoles,1
Damhezy15,teslacn,2
DamianRigby,BCBrownell,1
DamlaAHN14,EvrybodynthrMom,2
DamlaAHN14,GailAlfarATX,2
DamlaAHN14,IheartTesla,2
DamlaAHN14,JenniCurrent,2
DamlaAHN14,Kristennetten,2
DamlaAHN14,Tesla,2
DamlaAHN14,TeslaOwnersEBay,2
DamlaAHN14,blueskykites,2
DamlaAHN14,daelmor,2
DamlaAHN14,elonmusk,2
DamlaAHN14,teslacn,2
DamorD62238041,GujaratPolice,1
DamorD62238041,elonmusk,1
Dan37209169,MDXcrypto,1
DanDuryeas,EvrybodynthrMom,1
DanDuryeas,GailAlfarATX,1
DanDuryeas,IheartTesla,1
DanDuryeas,JenniCurrent,1
DanDuryeas,Kristennetten,1
DanDuryeas,Tesla,1
DanDuryeas,TeslaOwnersEBay,1
DanDuryeas,blueskykites,1
DanDuryeas,daelmor,1
DanDuryeas,elonmusk,1
DanDuryeas,teslacn,1
DanMcDonough17,EvrybodynthrMom,1
DanMcDonough17,GailAlfarATX,1
DanMcDonough17,IheartTesla,1
DanMcDonough17,JenniCurrent,1
DanMcDonough17,Kristennetten,1
DanMcDonough17,Tesla,1
DanMcDonough17,TeslaOwnersEBay,1
DanMcDonough17,blueskykites,1
DanMcDonough17,daelmor,1
DanMcDonough17,elonmusk,1
DanMcDonough17,teslacn,1
DanRamsFan,GigaSomerset,1
DanRamsFan,SawyerMerritt,1
DanRamsFan,Tesla,1
DanRamsFan,TeslaCharging,1
DanRamsFan,ZainS180,1
DanZuckerman4,EvrybodynthrMom,1
DanZuckerman4,GailAlfarATX,1
DanZuckerman4,IheartTesla,1
DanZuckerman4,JenniCurrent,1
DanZuckerman4,Kristennetten,1
DanZuckerman4,Tesla,1
DanZuckerman4,TeslaOwnersEBay,1
DanZuckerman4,blueskykites,1
DanZuckerman4,daelmor,1
DanZuckerman4,elonmusk,1
DanZuckerman4,teslacn,1
Dan_A_Gillies,elonmusk,1
Dan_A_Gillies,itsALLrisky,1
Dandroid__,DismalGaming,1
Dangero42204763,EvrybodynthrMom,1
Dangero42204763,GailAlfarATX,1
Dangero42204763,IheartTesla,1
Dangero42204763,JenniCurrent,1
Dangero42204763,Kristennetten,1
Dangero42204763,Tesla,1
Dangero42204763,TeslaOwnersEBay,1
Dangero42204763,blueskykites,1
Dangero42204763,daelmor,1
Dangero42204763,elonmusk,1
Dangero42204763,teslacn,1
Dani_el_Nero,BlackberryXRP,1
DanielA45401154,Anton_Holmlund,1
DanielA45401154,rektor_linnea,1
DanielA45401154,simonrisberg,1
DanielBechler2,DudenhofferAUTO,1
DanielCMarvin1,Tesla,1
DanielCMarvin1,teslavangelist,1
DanielDanielyes,DWinnie05,1
DanielDanielyes,elonmusk,1
DanielDelCarp13,elonmusk,1
DanielF93536231,EvrybodynthrMom,1
DanielF93536231,GailAlfarATX,1
DanielF93536231,IheartTesla,1
DanielF93536231,JenniCurrent,1
DanielF93536231,Kristennetten,1
DanielF93536231,Tesla,1
DanielF93536231,TeslaOwnersEBay,1
DanielF93536231,blueskykites,1
DanielF93536231,daelmor,1
DanielF93536231,elonmusk,1
DanielF93536231,teslacn,1
DanielS78239707,omg_tesla,3
DannyC58078084,Tesla,1
DannyC58078084,elonmusk,1
DannyC58078084,tesla_adri,1
DanteZeeDante1,EvrybodynthrMom,1
DanteZeeDante1,GailAlfarATX,1
DanteZeeDante1,IheartTesla,1
DanteZeeDante1,JenniCurrent,1
DanteZeeDante1,Kristennetten,1
DanteZeeDante1,Tesla,1
DanteZeeDante1,TeslaOwnersEBay,1
DanteZeeDante1,blueskykites,1
DanteZeeDante1,daelmor,1
DanteZeeDante1,elonmusk,1
DanteZeeDante1,teslacn,1
DarcyCain,IN_KnightRider,1
DarcyCain,PPathole,1
DarcyCain,elonmusk,1
DarcyCain,ikleinit,1
DarcyCain,r__narne,1
DarrenM62560862,PPathole,1
DarrenM62560862,Tesla,1
DarrenM62560862,elonmusk,1
Darryl_Pinto,rohanrgupta,1
Dashisnew,EvrybodynthrMom,1
Dashisnew,GailAlfarATX,1
Dashisnew,IheartTesla,1
Dashisnew,JenniCurrent,1
Dashisnew,Kristennetten,1
Dashisnew,Tesla,1
Dashisnew,TeslaOwnersEBay,1
Dashisnew,blueskykites,1
Dashisnew,daelmor,1
Dashisnew,elonmusk,1
Dashisnew,teslacn,1
DatasciLearner,EvrybodynthrMom,2
DatasciLearner,GailAlfarATX,2
DatasciLearner,IheartTesla,2
DatasciLearner,JenniCurrent,2
DatasciLearner,JoinTeamB,2
DatasciLearner,Kristennetten,2
DatasciLearner,Tesla,2
DatasciLearner,TeslaOwnersEBay,2
DatasciLearner,blueskykites,2
DatasciLearner,daelmor,2
DatasciLearner,elonmusk,2
DatasciLearner,teslacn,2
DaveAnd07074001,AaronCl62680488,1
DaveAnd07074001,TaylorOgan,1
DaveAnd07074001,j69655970,1
DaveAnd07074001,standingRock6,1
DaveQZhang,IMxSTILLxLEGEND,2
DaveQZhang,PaulStout10,1
DaveQZhang,Tesla,2
DaveQZhang,absolutely_perf,1
DaveTheWave1998,elonmusk,1
DaveWaugh10,EvrybodynthrMom,1
DaveWaugh10,GailAlfarATX,1
DaveWaugh10,IheartTesla,1
DaveWaugh10,JenniCurrent,1
DaveWaugh10,Kristennetten,1
DaveWaugh10,Tesla,1
DaveWaugh10,TeslaOwnersEBay,1
DaveWaugh10,blueskykites,1
DaveWaugh10,daelmor,1
DaveWaugh10,elonmusk,1
DaveWaugh10,teslacn,1
Dave_Enna,FrankLuntz,1
DavidAcostaJua1,EvrybodynthrMom,1
DavidAcostaJua1,GailAlfarATX,1
DavidAcostaJua1,IheartTesla,1
DavidAcostaJua1,JenniCurrent,1
DavidAcostaJua1,Kristennetten,1
DavidAcostaJua1,Tesla,1
DavidAcostaJua1,TeslaOwnersEBay,1
DavidAcostaJua1,blueskykites,1
DavidAcostaJua1,daelmor,1
DavidAcostaJua1,elonmusk,1
DavidAcostaJua1,teslacn,1
DavidDu78425736,elonmusk,1
DavidGa25855591,elonmusk,1
DavidJ62838693,Albertahunt1950,1
DavidJ62838693,BarnettforAZ,1
DavidJ62838693,elonmusk,1
DavidLund6,TSLAfanboy,1
DavidMavis11,garyblack00,1
DavidPopicil,BlanikZ,1
DavidPopicil,OndrejBacina,1
DavidPopicil,PetrCejka74,1
DavidPopicil,Tesla,1
DavidStonebarg2,ScottNations,1
DavidrByrnes,EvrybodynthrMom,1
DavidrByrnes,GailAlfarATX,1
DavidrByrnes,IheartTesla,1
DavidrByrnes,JenniCurrent,1
DavidrByrnes,Kristennetten,1
DavidrByrnes,Tesla,1
DavidrByrnes,TeslaOwnersEBay,1
DavidrByrnes,blueskykites,1
DavidrByrnes,daelmor,1
DavidrByrnes,elonmusk,1
DavidrByrnes,teslacn,1
DavyPGH,Retrogamebrews,1
DawidBultrowicz,elonmusk,1
Dawn197666,SZ_Wirtschaft,1
DawningMorning,PeercoinPPC,1
DawningMorning,Tesla,1
DawningMorning,TheSkelet0r,1
DawningMorning,hosseeb,1
DawningMorning,scottmelker,1
DayIightMoon_,MURAMASAFAN2001,1
DayanandSriniv2,darthbob88,1
DayanandSriniv2,prageru,1
DaytonTUphold,MailOnline,1
DayveDean,amgarratt,1
DayveDean,bppulseuk,1
DeFiEnthusiast3,PeercoinPPC,1
DeFiEnthusiast3,Tesla,1
DeFiEnthusiast3,TheSkelet0r,1
DeFiEnthusiast3,hosseeb,1
DeFiEnthusiast3,scottmelker,1
DeGrijzeMassa,EvrybodynthrMom,1
DeGrijzeMassa,GailAlfarATX,1
DeGrijzeMassa,IheartTesla,1
DeGrijzeMassa,JenniCurrent,1
DeGrijzeMassa,Kristennetten,1
DeGrijzeMassa,Tesla,1
DeGrijzeMassa,TeslaOwnersEBay,1
DeGrijzeMassa,blueskykites,1
DeGrijzeMassa,daelmor,1
DeGrijzeMassa,elonmusk,1
DeGrijzeMassa,teslacn,1
DePancorvo,elonmusk,1
DeaconTomLang,FrankFaust18,1
DeaconTomLang,LucidMotors,1
DeaconTomLang,Tesla,1
DeaconTomLang,Tesla2Lucid,1
DeaconTomLang,elonmusk,1
DeaconTomLang,masegoslin,1
DeanSheikh1,John_Hempton,1
DeanSheikh1,ShortingIsFun,1
DeanSheikh1,elonmusk,1
Deanzsyclone,LucidMotors,1
Deanzsyclone,Tesla,1
Deanzsyclone,Tesla2Lucid,1
Deanzsyclone,elonmusk,1
Deanzsyclone,masegoslin,1
DeathCar72,MsEmilyEdwards,1
DebateBroTactix,elonmusk,1
DebbielubBrown,Xole_25,1
DebeeMI,Melnyks_Liver,1
DebeeMI,TheAlexisKraft,3
DebeeMI,ThomasMoneyhon,3
DebeeMI,coldgamecrispy,3
DebeeMI,elonmusk,3
DebeeMI,socratesxoxo,2
DebeeMI,thefarcentrist,3
DebrajPaul00007,EvrybodynthrMom,1
DebrajPaul00007,GailAlfarATX,1
DebrajPaul00007,IheartTesla,1
DebrajPaul00007,JenniCurrent,1
DebrajPaul00007,Kristennetten,1
DebrajPaul00007,RealMaxtern,1
DebrajPaul00007,Tesla,1
DebrajPaul00007,TeslaOwnersEBay,1
DebrajPaul00007,blueskykites,1
DebrajPaul00007,daelmor,1
DebrajPaul00007,elonmusk,1
DebrajPaul00007,teslacn,1
Debruges2,arcenetac,1
Debruges2,josycesarini,1
Debruges2,mice8664,1
Debruges2,petitmeccheloup,1
Debruges2,xavierlaurent5,1
DedRed18,elonmusk,1
DedRed18,genuine_m_,1
DeepValStocks,LFCCapital7,1
DeepakOffline,BrendaD10572797,1
DeepakOffline,Tesla,1
DeepakOffline,elonmusk,1
Deepakn29115178,Falconwingsnj,1
Deepakn29115178,Tesla,1
DefitigerArmy,EvrybodynthrMom,1
DefitigerArmy,GailAlfarATX,1
DefitigerArmy,IheartTesla,1
DefitigerArmy,JenniCurrent,1
DefitigerArmy,Kristennetten,1
DefitigerArmy,Tesla,1
DefitigerArmy,TeslaOwnersEBay,1
DefitigerArmy,blueskykites,1
DefitigerArmy,daelmor,1
DefitigerArmy,elonmusk,1
DefitigerArmy,teslacn,1
Defnotaspoof,MsMfrunker,1
Defnotaspoof,ShortingIsFun,1
DefyTrump2020,elonmusk,1
DegenCrypto5,Cryp43,1
DegenCrypto5,elonmusk,1
Degen_Hodl,EvrybodynthrMom,1
Degen_Hodl,GailAlfarATX,1
Degen_Hodl,IheartTesla,1
Degen_Hodl,JenniCurrent,1
Degen_Hodl,Kristennetten,1
Degen_Hodl,Tesla,1
Degen_Hodl,TeslaOwnersEBay,1
Degen_Hodl,blueskykites,1
Degen_Hodl,daelmor,1
Degen_Hodl,elonmusk,1
Degen_Hodl,teslacn,1
DemApples00,elonmusk,1
DemLiiberials,elonmusk,1
DemocracyDefen4,elonmusk,2
DenisefromCali,Reuters,1
Denna12_0,Tesla__nikola,4
Denna12_0,nowayouthh,4
Denny4428,jonnajarian,1
DerOetzmann,Juergen_Kaiser,1
Der_JoMa,SawyerMerritt,1
Der_JoMa,Tesla,1
Der_JoMa,TeslaCharging,1
Der_Vevemeister,EvrybodynthrMom,1
Der_Vevemeister,GailAlfarATX,1
Der_Vevemeister,IheartTesla,1
Der_Vevemeister,JenniCurrent,1
Der_Vevemeister,Kristennetten,1
Der_Vevemeister,Tesla,1
Der_Vevemeister,TeslaOwnersEBay,1
Der_Vevemeister,blueskykites,1
Der_Vevemeister,daelmor,1
Der_Vevemeister,elonmusk,1
Der_Vevemeister,teslacn,1
DesaTinoCasal,TESLA_CREADOR,2
DesertDog8989,Bombiggy1,4
DesertDog8989,DesinNam1,3
DesertDog8989,NikitaSachdev01,4
DesertDog8989,TD_Tesla,5
Desertmedik,elonmusk,1
DesinNam1,Bombiggy1,8
DesinNam1,DesertDog8989,1
DesinNam1,GosbeeVanessa,6
DesinNam1,Kat_230775,6
DesinNam1,NikitaSachdev01,1
DesinNam1,TD_Tesla,13
DesinNam1,TheCardiganB,2
DesinNam1,invest_answers,1
DesinNam1,robertrosenfeld,5
DesireePrieto,TXMichelle_Cruz,1
DeusExMachina69,DerGraslutscher,1
DeusExMachina69,VeroWendland,1
DevCatR,DWhitmanBTC,1
DevCatR,EvrybodynthrMom,1
DevCatR,GailAlfarATX,1
DevCatR,GirlsBurnTrump,1
DevCatR,IheartTesla,1
DevCatR,InoSaturn,1
DevCatR,JenniCurrent,1
DevCatR,Kristennetten,1
DevCatR,TerryTibbsOG,1
DevCatR,Tesla,1
DevCatR,TeslaOwnersEBay,1
DevCatR,blueskykites,1
DevCatR,business,2
DevCatR,daelmor,1
DevCatR,elonmusk,2
DevCatR,lisaminshall58,2
DevCatR,teslacn,1
DeveloperDonkey,elonmusk,1
DevenBoss,MatthwETH,1
DewdSaid,45Lori1,1
DewdSaid,LKehley,1
DewdSaid,SpaceX,1
DewdSaid,Tesla,1
DewdSaid,Twitter,1
DewdSaid,XRPenthusiast1,1
DewdSaid,boringcompany,1
DewdSaid,elonmusk,1
DewdSaid,neuralink,1
Dewi_Ioan,business,1
Dewi_Ioan,judietallman,1
Dgaspar00,shivon,1
DhawalAbhonkar,elonmusk,1
DhawalAbhonkar,xAlden,1
DhieuAzuma,Falconwingsnj,1
DhieuAzuma,Tesla,1
DiInzou,elonmusk,1
DiamanteSangre,DarthInvestor1,1
Dianafowles,AlucaALUCA,2
Dianafowles,AudreyDesisto,2
Dianafowles,CCHarrison67,2
Dianafowles,Cheryl_L_Hyde,2
Dianafowles,Janice_Garner,2
Dianafowles,KnowSmallParts,2
Dianafowles,LoriMoreno,2
Dianafowles,LoveThatYacht,2
Dianafowles,MicheleLanfrank,2
Dianafowles,MsJuliaParker,2
Dianafowles,Saun_Fischer,2
Dianafowles,TathamSmith,2
Dianafowles,Tesla,2
Dianafowles,YoYostarbaby77,2
Dianafowles,rockyohio,2
Dianafowles,sarahjeanfry,2
DickPillzerian,elonmusk,1
DillonDecal,Kaleb4rest,1
DillonDecal,LawSpider,1
DillonDecal,Tesla,1
DillonDecal,business,1
DillonDecal,elonmusk,1
DimaZeniuk,Tesla,1
DimaZeniuk,ewwgaas,1
Dina43810070,Timcast,1
Dina43810070,ValueAnalyst1,1
Dina43810070,elonmusk,1
DinelloLuc,Timcast,1
DinelloLuc,slbrazz,1
DinnahDawg,RealDanODowd,1
DinnahDawg,Richard_Schiff,1
DinnahDawg,Tesla,1
DinnahDawg,drew95ca,1
DinnahDawg,elonmusk,1
DirtyTesLa,28delayslater,1
DirtyTesLa,Cyberfleet_NFT,1
DirtyTesLa,LifesatestAceit,1
DirtyTesLa,NCSLovi,1
DirtyTesLa,SawyerMerritt,2
DirtyTesLa,Tesla,8
DirtyTesLa,ValueAnalyst1,3
DirtyTesLa,_winston_FSD,1
DirtyTesLa,costakonti1,1
DirtyTesLa,elonmusk,3
DirtyTesLa,j_vikingland,2
DirtyTesLa,loveallaroundu,1
DisasterFemboy,JUNlPER,1
Discretewolf,RedNinjaOne,1
Discretewolf,Timcast,2
Diveej_,EvrybodynthrMom,1
Diveej_,GailAlfarATX,1
Diveej_,IheartTesla,1
Diveej_,JenniCurrent,1
Diveej_,Kristennetten,1
Diveej_,Tesla,1
Diveej_,TeslaOwnersEBay,1
Diveej_,blueskykites,1
Diveej_,daelmor,1
Diveej_,elonmusk,1
Diveej_,teslacn,1
DividendExcess,ViktorTveit,1
DividendExcess,utbytteprinsen,1
DivingDeveloper,DriveTeslaca,2
DivingDeveloper,SpaceX,2
DivingDeveloper,Tesla,2
DivingDeveloper,TeslaUpdateInfo,2
DivingDeveloper,elonmusk,2
DivingDeveloper,joexn,2
Diwashjoshi8,Falconwingsnj,1
Diwashjoshi8,SpaceX,1
Diwashjoshi8,Tesla,2
Diwashjoshi8,lovemesomemusk,1
DixiKloos,BetoORourke,1
DjBoolanger,LiamNielsens,1
DjBoolanger,MattWallace888,1
DjBoolanger,Uber_Support,1
DjBoolanger,constantlybannd,1
DjBoolanger,elonmusk,1
DjBoolanger,fischer_price7,1
DjBoolanger,flopwalk,1
DjKdj06dz,meryy_tesla,1
DjKled007,EvrybodynthrMom,1
DjKled007,GailAlfarATX,1
DjKled007,IheartTesla,1
DjKled007,JenniCurrent,1
DjKled007,Kristennetten,1
DjKled007,Tesla,1
DjKled007,TeslaOwnersEBay,1
DjKled007,blueskykites,1
DjKled007,daelmor,1
DjKled007,elonmusk,1
DjKled007,teslacn,1
DjMoon761,elonmusk,1
Djole022756255,PPathole,1
Djole022756255,Tesla,1
Djole022756255,elonmusk,1
Dnl1978,FinanceSmitty,1
DoBetterCA,HamiltonPolice,1
DoBetterCA,MarcSkulnick,1
DoBetterCA,StewKlazinga,1
DoKimCPA,99brownKaryl,2
DoKimCPA,PauljHorton,2
DoKimCPA,R6Alex,2
DoKimCPA,Tesla,2
DoKimCPA,TeslaDiva99,2
DoKimCPA,WhatsupFranks,2
DoKimCPA,atk0506,2
DoKimCPA,blueskykites,2
DoKimCPA,hope4494,2
DoNextUntilDone,Andst7,1
DoSRa1n,JustSonic7,2
DoSRa1n,elonmusk,2
DobackHuffInc,EvrybodynthrMom,1
DobackHuffInc,GailAlfarATX,1
DobackHuffInc,IheartTesla,1
DobackHuffInc,JenniCurrent,1
DobackHuffInc,Kristennetten,1
DobackHuffInc,Tesla,1
DobackHuffInc,TeslaOwnersEBay,1
DobackHuffInc,blueskykites,1
DobackHuffInc,daelmor,1
DobackHuffInc,elonmusk,1
DobackHuffInc,teslacn,1
Dobby172,ADAC,1
Dobby172,robinvonrobintv,1
Dobby172,volkswagen,1
DobrocudniD,SerbiaBased,5
DobrocudniD,Tom_coool,5
DobrocudniD,trbltrbl1,5
DocFranchise,DimaZeniuk,1
DocFranchise,Evan_All_Mighty,1
DocFranchise,EvrybodynthrMom,1
DocFranchise,GailAlfarATX,1
DocFranchise,IheartTesla,1
DocFranchise,JenniCurrent,1
DocFranchise,Kristennetten,1
DocFranchise,Tesla,2
DocFranchise,TeslaOwnersEBay,1
DocFranchise,blueskykites,1
DocFranchise,daelmor,1
DocFranchise,elonmusk,2
DocFranchise,teslacn,1
DoctorDenise,PPathole,2
DoctorDenise,XRMultiverse,2
DoctorDenise,aasifferdous,2
DoctorDenise,crush3ddd,2
DoctorDenise,elonmusk,2
DoctorDenise,ranguitar,2
Doge4Faithful,divinegrackle,1
DogeBro69,Tesla,1
DogeBro69,TheDogeBird,1
DogeBro69,sgtesco,1
DogeNobody,GM,1
DogeNobody,elonmusk,1
Doge_France,elonmusk,1
DogecoinPostive,EvrybodynthrMom,1
DogecoinPostive,GailAlfarATX,1
DogecoinPostive,IheartTesla,1
DogecoinPostive,JenniCurrent,1
DogecoinPostive,Kristennetten,1
DogecoinPostive,Tesla,1
DogecoinPostive,TeslaOwnersEBay,1
DogecoinPostive,WholeMarsBlog,1
DogecoinPostive,blueskykites,1
DogecoinPostive,daelmor,1
DogecoinPostive,elonmusk,2
DogecoinPostive,teslacn,1
Doggie_wumpus,TeslaStars,1
Doggie_wumpus,raffaeru,1
Doggie_wumpus,tesla_adri,1
Doggie_wumpus,u110110,1
DogsAreBtr,bennyjohnson,1
Dogwalk_media,EvrybodynthrMom,2
Dogwalk_media,GailAlfarATX,2
Dogwalk_media,IheartTesla,2
Dogwalk_media,JenniCurrent,2
Dogwalk_media,Kristennetten,2
Dogwalk_media,Tesla,2
Dogwalk_media,TeslaOwnersEBay,2
Dogwalk_media,blueskykites,2
Dogwalk_media,daelmor,2
Dogwalk_media,elonmusk,2
Dogwalk_media,lee_mccaleb,1
Dogwalk_media,teslacn,2
Dom94656454,Tesla,1
Dom94656454,cis5YnJE607xzs5,1
Domenick_Y,Nissan,1
Domenick_Y,TeslaTruckClub,1
DonBens7990,EvrybodynthrMom,1
DonBens7990,GailAlfarATX,1
DonBens7990,IheartTesla,1
DonBens7990,JenniCurrent,1
DonBens7990,Kristennetten,1
DonBens7990,Tesla,1
DonBens7990,TeslaOwnersEBay,1
DonBens7990,blueskykites,1
DonBens7990,daelmor,1
DonBens7990,elonmusk,1
DonBens7990,teslacn,1
Don_Bue,LovingWildlyfe,1
Don_Bue,agusnox,1
Don_Bue,orthereaboot,1
Don_Bue,squawksquare,2
Don_Pancho_vi,CYBRTRK420,1
Don_Pancho_vi,DirtyTesLa,1
Don_Pancho_vi,Tesla,1
Don_Pancho_vi,elonmusk,1
Donald75402899,WholeMarsBlog,1
Donald75402899,elonmusk,1
DonaldL12520125,squawksquare,1
Donatweetme,DirtyTesLa,2
Donatweetme,Tesla,2
DonchoGunchev,EvrybodynthrMom,1
DonchoGunchev,GailAlfarATX,1
DonchoGunchev,IheartTesla,1
DonchoGunchev,JenniCurrent,1
DonchoGunchev,Kristennetten,1
DonchoGunchev,Tesla,1
DonchoGunchev,TeslaOwnersEBay,1
DonchoGunchev,blueskykites,1
DonchoGunchev,daelmor,1
DonchoGunchev,elonmusk,1
DonchoGunchev,teslacn,1
DonkeyJulio,NBCNews,1
DonkeyJulio,marcuspatt1776,1
DonnaVeVa,Milan54541,1
DonnaVeVa,plutokratija19,1
DonnyTucker,elonmusk,1
DonnyTucker,engineers_feed,1
DonnyTucker,thebseymore,1
Donny_jhay,DavidHundeyin,1
Donny_jhay,OdeDixon,1
DontFollowStan,AlexxxCoal,1
DopreKLK,elonmusk,1
Dottie07730239,LucidMotors,2
Dottie07730239,Tesla,2
Dottie07730239,Tesla2Lucid,2
Dottie07730239,elonmusk,2
Dottie07730239,masegoslin,2
Dottie07730239,withabeverage,2
DoubleTriple_OG,elonmusk,1
DouglasRink3,PoetOishi,1
DouglasRink3,TheRickWilson,1
Douwenoort,ton_aarts,1
DowntroddenInDC,YETICoolers,1
DowntroddenInDC,elmachuca,1
DrFeeelGoood,Dennis_be_here,1
DrKnowItAll16,PaulMoraski,1
DrKnowItAll16,Tesla,1
DrKnowItAll16,elonmusk,1
DrLizStafford,JsyMusicService,1
DrLizStafford,SueYoung351,1
DrLizStafford,musicedsolution,1
DrPrade92714565,Falconwingsnj,1
DrPrade92714565,Tesla,1
DrStockman21,EvrybodynthrMom,1
DrStockman21,GailAlfarATX,1
DrStockman21,IheartTesla,1
DrStockman21,JenniCurrent,1
DrStockman21,Kristennetten,1
DrStockman21,Tesla,1
DrStockman21,TeslaOwnersEBay,1
DrStockman21,blueskykites,1
DrStockman21,daelmor,1
DrStockman21,elonmusk,1
DrStockman21,itsALLrisky,1
DrStockman21,teslacn,1
DrTulejko,elonmusk,1
DrTulejko,teslaownersSV,1
Dr_Balkanicus,BapsiBoban,1
DrayTrades,elonmusk,1
DreamStarter_1,EvrybodynthrMom,1
DreamStarter_1,GailAlfarATX,1
DreamStarter_1,IheartTesla,1
DreamStarter_1,JenniCurrent,1
DreamStarter_1,Kristennetten,1
DreamStarter_1,Tesla,1
DreamStarter_1,TeslaOwnersEBay,1
DreamStarter_1,blueskykites,1
DreamStarter_1,daelmor,1
DreamStarter_1,elonmusk,1
DreamStarter_1,teslacn,1
DrevetCyril,Erijk_lcz,1
DrevetCyril,turbofr,1
Drew29844265,elibo_17,1
Drew29844265,mitsyarty,1
Drewbles82,EvrybodynthrMom,1
Drewbles82,GailAlfarATX,1
Drewbles82,IheartTesla,1
Drewbles82,JenniCurrent,1
Drewbles82,Kristennetten,1
Drewbles82,Tesla,1
Drewbles82,TeslaOwnersEBay,1
Drewbles82,blueskykites,1
Drewbles82,daelmor,1
Drewbles82,elonmusk,1
Drewbles82,teslacn,1
Driver_1314,formulers,1
Drth0rn,NovElection2024,1
Drunk_Opinions,business,1
DucLuu223,ReliableGuru,1
DudeVotes,GayCarBoys,1
DuncanA59483379,SawyerMerritt,1
DuncanA59483379,Tesla,1
DuncanA59483379,TeslaCharging,1
DunkenKBliths,elonmusk,1
DunkenKBliths,flemsha,1
Dunwael,_Passon_,1
DusaSrecna,BoskoObradovic,1
Dustin__Wyoming,DRayRaven,1
Dustin__Wyoming,elonmusk,1
Dustin__Wyoming,itsJeffTiedrich,1
DutchHolland12,3YearLetterman,1
DutchHolland12,AndrewM13354484,1
DutchHolland12,elonmusk,1
DutchieHuigens,NeilBoltonRSPL,1
DutchieHuigens,stekkerauto,1
Dwojtasiak,Tesla,1
Dwojtasiak,Teslarati,1
Dwojtasiak,elonmusk,1
Dwojtasiak,wojcikofficial,1
DylandeBro,CdnFreedomGirl,1
DylandeBro,TheRealKeean,1
DylandeBro,oinkettesupreme,1
Dyoung1208,DaOGTriple,1
Dyoung1208,NW_StayDet,1
Dyoung1208,TrollHu17756443,1
Dyoung1208,TruthRenegade1,1
Dyoung1208,UnhingedCrones,1
Dyoung1208,VigorLynx,1
Dyoung1208,masharn_lewis,1
Dyoung1208,sayetaryor,1
DystopianRevolt,elonmusk,1
DzokoslavVutric,BoskoObradovic,1
DzokoslavVutric,SolzenjicinH,1
EATTHER01271082,elonmusk,1
EAutoPionier,MaingauEnergie,1
EAutoPionier,Rentscherchiert,1
EAutoPionier,umrath,1
ECcoupling,JohnPatman4,1
ECcoupling,squawksquare,2
EE_Fakten,MietTesla,1
EE_Fakten,TTichelofen,1
EG108005117,TESLA_is_FUTURE,1
EGrind26,TD_Tesla,11
ESlibrarian,DimaZeniuk,1
ESlibrarian,Tesla,1
ESlibrarian,elonmusk,1
ESlibrarian,wlam326,1
EV01174284,TeeTee_tesla,1
EV01174284,sono106,1
EV4EU,DirtyTesLa,1
EV4EU,Tesla,1
EV4EU,TeslaStars,1
EV4EU,elonmusk,1
EV4EU,scottwww,1
EZebroni,99brownKaryl,1
EZebroni,PauljHorton,1
EZebroni,R6Alex,1
EZebroni,Tesla,1
EZebroni,TeslaDiva99,1
EZebroni,WhatsupFranks,1
EZebroni,atk0506,1
EZebroni,blueskykites,1
EZebroni,hope4494,1
E_G0LDSTE1N,Chaskanaui1,1
EalyShannon,unusual_whales,1
EchtoGammut,squawksquare,1
EconomicManBlog,JonBryant421,1
EconomicManBlog,Tweet_Removed,1
Economicopoly,GTCost,1
Economicopoly,MSCI_Inc,1
Economicopoly,MoodysInvSvc,1
Economicopoly,SPGMarketIntel,1
Economicopoly,elonmusk,1
EdBraiman,elonmusk,1
Eddie8717,vicious696,1
EddieArabaci,Billbrowder,1
EddieArabaci,benjy_613,1
EddieArabaci,elonmusk,1
Eden7749,Elies13700,1
EdetGIni,HasbullaHive,1
EdohAyao,quineatal,1
EdwinLe15469796,Carbo_CBL,1
EdwinLe15469796,SosaUTD,2
EdwinLe15469796,elonmusk,2
Eexemplega,EvrybodynthrMom,1
Eexemplega,GailAlfarATX,1
Eexemplega,IheartTesla,1
Eexemplega,JenniCurrent,1
Eexemplega,Kristennetten,1
Eexemplega,Tesla,1
Eexemplega,TeslaOwnersEBay,1
Eexemplega,blueskykites,1
Eexemplega,daelmor,1
Eexemplega,elonmusk,1
Eexemplega,teslacn,1
ElXoferDelPresi,FNCatalunya,1
ElXoferDelPresi,josepmas8,1
EldiariodeHerni,EvrybodynthrMom,1
EldiariodeHerni,GailAlfarATX,1
EldiariodeHerni,IheartTesla,1
EldiariodeHerni,JenniCurrent,1
EldiariodeHerni,Kristennetten,1
EldiariodeHerni,Tesla,1
EldiariodeHerni,TeslaOwnersEBay,1
EldiariodeHerni,blueskykites,1
EldiariodeHerni,daelmor,1
EldiariodeHerni,elonmusk,1
EldiariodeHerni,teslacn,1
ElectrifyingCom,Nickishields,1
ElectrifyingCom,Tesla,1
ElectrifyingCom,electricfelix,1
ElenaLimonta3,DimaZeniuk,1
ElenaLimonta3,Tesla,1
ElenaLimonta3,elonmusk,1
Elenna79311358,Kid_Sandens,1
ElephantInUSA,elonmusk,1
Elizabe16032179,billtheking165,1
Elizabe16032179,elonmusk,1
ElizabethCrit,EvrybodynthrMom,1
ElizabethCrit,GailAlfarATX,1
ElizabethCrit,IheartTesla,1
ElizabethCrit,JenniCurrent,1
ElizabethCrit,Kristennetten,1
ElizabethCrit,Tesla,1
ElizabethCrit,TeslaOwnersEBay,1
ElizabethCrit,blueskykites,1
ElizabethCrit,daelmor,1
ElizabethCrit,elonmusk,1
ElizabethCrit,teslacn,1
EllMicah,EvrybodynthrMom,1
EllMicah,GailAlfarATX,1
EllMicah,IheartTesla,1
EllMicah,JenniCurrent,1
EllMicah,Kristennetten,1
EllMicah,Tesla,1
EllMicah,TeslaOwnersEBay,1
EllMicah,blueskykites,1
EllMicah,daelmor,1
EllMicah,elonmusk,1
EllMicah,teslacn,1
EllisK4Freedom,KimIversenShow,1
Elmachoopresor1,RodriguezManuel,1
ElonMusk1322,elonmusk,1
ElonaldJTrump,EvrybodynthrMom,1
ElonaldJTrump,GailAlfarATX,1
ElonaldJTrump,IheartTesla,1
ElonaldJTrump,JenniCurrent,1
ElonaldJTrump,Kristennetten,1
ElonaldJTrump,Tesla,1
ElonaldJTrump,TeslaOwnersEBay,1
ElonaldJTrump,blueskykites,1
ElonaldJTrump,daelmor,1
ElonaldJTrump,elonmusk,1
ElonaldJTrump,teslacn,1
EltricThunder,PCMag,1
EltricThunder,Tesla,3
EltricThunder,WR4NYGov,1
EltricThunder,WholeMarsBlog,1
EltricThunder,adamhoov,1
EltricThunder,cis5YnJE607xzs5,2
EltricThunder,elonmusk,1
EltricThunder,longtoad1789,1
EltricThunder,magneaus,1
EltricThunder,mrlevine,1
EltricThunder,standingRock6,1
EltricThunder,stevenmarkryan,1
EltricThunder,thyAshes,1
Elviratrades,Falconwingsnj,1
Elviratrades,Tesla,1
ElvisKYG,MatchasmMatt,1
Elypse2021,Tesla,1
Elypse2021,Ulkamak1,1
Elypse2021,muratpak,1
Elypse2021,opensea,1
Eman856,WholeMarsBlog,1
EmanonNamow,elonmusk,1
EmilioASG,LaVerdadDeTesla,1
EmilioASG,earcos,1
EmilyAnita65,elonmusk,1
Emmyeast1,EvrybodynthrMom,1
Emmyeast1,GailAlfarATX,1
Emmyeast1,IheartTesla,1
Emmyeast1,JenniCurrent,1
Emmyeast1,Kristennetten,1
Emmyeast1,Tesla,1
Emmyeast1,TeslaOwnersEBay,1
Emmyeast1,blueskykites,1
Emmyeast1,daelmor,1
Emmyeast1,elonmusk,1
Emmyeast1,teslacn,1
EmperorGrinnar,EvrybodynthrMom,4
EmperorGrinnar,GailAlfarATX,4
EmperorGrinnar,IheartTesla,4
EmperorGrinnar,JenniCurrent,4
EmperorGrinnar,Kristennetten,4
EmperorGrinnar,Tesla,4
EmperorGrinnar,TeslaOwnersEBay,4
EmperorGrinnar,blueskykites,4
EmperorGrinnar,daelmor,4
EmperorGrinnar,doge_albania,1
EmperorGrinnar,elonmusk,4
EmperorGrinnar,maiko1820,2
EmperorGrinnar,teslacn,4
EnClaveDerecho,JMVillalobos1,3
EnamIbrat,elonmusk,1
EnchilupeVerde,Martin_H22,1
EndlessPlaid,SawyerMerritt,1
EndlessPlaid,Tesla,2
EndlessPlaid,TeslaCharging,1
EndlessPlaid,WholeMarsBlog,1
EndlessPlaid,adamhoov,1
EndlessPlaid,kchau,1
EndlessPlaid,thyAshes,1
EnjoyTheDecline,FinanceSmitty,1
EnjoyTheDecline,Marst84,1
EnohAyaych,EvrybodynthrMom,1
EnohAyaych,GailAlfarATX,1
EnohAyaych,IheartTesla,1
EnohAyaych,JenniCurrent,1
EnohAyaych,Kristennetten,1
EnohAyaych,Tesla,1
EnohAyaych,TeslaOwnersEBay,1
EnohAyaych,blueskykites,1
EnohAyaych,daelmor,1
EnohAyaych,elonmusk,1
EnohAyaych,teslacn,1
Enrico02135927,12KeineAhnung,1
Enrico02135927,JPProeger,1
Enrico02135927,readersacrobat,1
Er98273861,EvrybodynthrMom,1
Er98273861,GailAlfarATX,1
Er98273861,IheartTesla,1
Er98273861,JenniCurrent,1
Er98273861,Kristennetten,1
Er98273861,Tesla,1
Er98273861,TeslaOwnersEBay,1
Er98273861,blueskykites,1
Er98273861,daelmor,1
Er98273861,elonmusk,1
Er98273861,teslacn,1
Ercanzm89220977,sushisevmem,1
Ercanzm89220977,tokcem,1
Erdrikoflegend,0n3160,1
Erdrikoflegend,TheAlexisKraft,1
Erdrikoflegend,ThomasMoneyhon,1
Erdrikoflegend,coldgamecrispy,1
Erdrikoflegend,elonmusk,1
EricDuffin23,Falconwingsnj,1
EricDuffin23,Tesla,1
EricPerrinDuSud,LaurentBibas,1
Ericmem,DudCanoe58,1
Ericmem,catincoggnito,1
EringoB02429272,CatFanatic9,1
EringoB02429272,GeneralCattis,1
EringoB02429272,HarryCatPurrs,1
EringoB02429272,LuminousNumino1,1
EringoB02429272,PeterRabbit67,1
EringoB02429272,TERRYW_UK,1
EringoB02429272,ThePhilosopurr,1
EringoB02429272,YogaGer,1
EringoB02429272,briano29,1
EringoB02429272,eliznoelle,1
EringoB02429272,lymeist,1
EringoB02429272,meow2you,1
EringoB02429272,ranchera71,1
EsbenJohnson,WholeMarsBlog,1
EsbenJohnson,elonmusk,1
EsbenJohnson,harshalhbhosale,1
EsbenJohnson,waitbutwhy,1
Espinosa89David,rovercrc,1
EsquireErrant,gunsnrosesgirl3,1
Etarniceriu17,SnazzyQ,4
Etarniceriu17,brooklindevil,4
Etarniceriu17,elonmusk,5
Etarniceriu17,tavisgrows,1
EternleNotes,EvrybodynthrMom,4
EternleNotes,GailAlfarATX,4
EternleNotes,IheartTesla,4
EternleNotes,JenniCurrent,4
EternleNotes,Kristennetten,4
EternleNotes,Tesla,4
EternleNotes,TeslaOwnersEBay,4
EternleNotes,blueskykites,4
EternleNotes,daelmor,4
EternleNotes,elonmusk,4
EternleNotes,teslacn,4
EthanHu63649628,DobackHuffInc,1
EthanHu63649628,LovingWildlyfe,1
Ev92Revolution,Ominsey,1
Ev92Revolution,alex_avoigt,1
EvButton,ElecHighway,1
EvButton,MrMikeStanton,1
EvEvangelist,M82Real,1
EvEvangelist,Tesla,2
EvEvangelist,TeslaBest,1
EvEvangelist,TeslaPodcast,1
EvEvangelist,WholeMarsBlog,1
EvEvangelist,elonmusk,1
EvEvangelist,garyblack00,1
EvEvangelist,heydave7,1
EvEvangelist,jesseb4me,1
EvEvangelist,stevenmarkryan,1
EvEvangelist,teslafi,1
EvThat,MichaelG_MI,1
EvThat,teslaeconomist,1
Evan_All_Mighty,EvrybodynthrMom,1
Evan_All_Mighty,GailAlfarATX,1
Evan_All_Mighty,IheartTesla,1
Evan_All_Mighty,JenniCurrent,1
Evan_All_Mighty,Kristennetten,1
Evan_All_Mighty,Tesla,1
Evan_All_Mighty,TeslaOwnersEBay,1
Evan_All_Mighty,blueskykites,1
Evan_All_Mighty,daelmor,1
Evan_All_Mighty,elonmusk,1
Evan_All_Mighty,teslacn,1
Ever19Tower,EvrybodynthrMom,1
Ever19Tower,GailAlfarATX,1
Ever19Tower,IheartTesla,1
Ever19Tower,JenniCurrent,1
Ever19Tower,Kristennetten,1
Ever19Tower,Tesla,1
Ever19Tower,TeslaOwnersEBay,1
Ever19Tower,blueskykites,1
Ever19Tower,daelmor,1
Ever19Tower,elonmusk,1
Ever19Tower,teslacn,1
Everman,carlquintanilla,1
Evgenia1492,EvrybodynthrMom,1
Evgenia1492,GailAlfarATX,1
Evgenia1492,IheartTesla,1
Evgenia1492,JenniCurrent,1
Evgenia1492,Kristennetten,1
Evgenia1492,Tesla,1
Evgenia1492,TeslaOwnersEBay,1
Evgenia1492,blueskykites,1
Evgenia1492,daelmor,1
Evgenia1492,elonmusk,1
Evgenia1492,teslacn,1
ExelyMax,MuellerSheWrote,1
ExplainThisBob,ChrisSeason,1
ExplorerArts,LKehley,1
Extraoel,MaxAbrahms,1
ExtrordinaryNga,JennBeautiful,1
EzerRatchaga,AlbertBridgeCap,9
EzerRatchaga,MatanMarx,9
EzerRatchaga,MatchasmMatt,9
EzerRatchaga,WholeMarsBlog,1
F1Ruaraidh,FullyChargedShw,1
F1Ruaraidh,JackScarlett17,1
F1Ruaraidh,Tesla,2
F1Ruaraidh,TeslaOwnersUK,1
F1Ruaraidh,TwoBitDaVinci,1
F1Ruaraidh,elonmusk,1
F1Womble,EvrybodynthrMom,1
F1Womble,GailAlfarATX,1
F1Womble,IheartTesla,1
F1Womble,JenniCurrent,1
F1Womble,Kristennetten,1
F1Womble,Tesla,1
F1Womble,TeslaOwnersEBay,1
F1Womble,blueskykites,1
F1Womble,daelmor,1
F1Womble,elonmusk,1
F1Womble,teslacn,1
FAQUERETERMAX,GhostPoet_,1
FAQUERETERMAX,Iam_EmperorAlex,1
FAQUERETERMAX,androidcentral,1
FERALROBOTS,joshtpm,1
FERALROBOTS,no2sin,1
FRED__MICHAUD,tesla_adri,1
FSB_L,DirtyTxn,1
FSB_L,LeftySr,1
FSB_L,business,1
FSD_5_Star_Dude,DirtyTesLa,1
FSDbetaa,tesla_raj,1
FXgaming15,coal69420,1
Fabiolafrias9,EvrybodynthrMom,1
Fabiolafrias9,GailAlfarATX,1
Fabiolafrias9,IheartTesla,1
Fabiolafrias9,JenniCurrent,1
Fabiolafrias9,Kristennetten,1
Fabiolafrias9,Tesla,1
Fabiolafrias9,TeslaOwnersEBay,1
Fabiolafrias9,blueskykites,1
Fabiolafrias9,daelmor,1
Fabiolafrias9,elonmusk,1
Fabiolafrias9,teslacn,1
FahadislamMohd,elonmusk,1
FaikMuratunel,wrzl,1
Falconwingsnj,Martin_Maffard,1
Falconwingsnj,Tesla,2
Falconwingsnj,thepaulkerton,1
FamilieNala,HIThomasFranke,1
FamousSheymus1,seanhannity,1
Faniapintoneves,Falconwingsnj,1
Faniapintoneves,Tesla,1
FantasSstix,PPathole,1
FantasSstix,Tesla,1
FantasSstix,elonmusk,1
FareehaIrfanMD,Tehmas7,1
FareehaIrfanMD,ZulfiqarAhmed69,1
FarmGirlLife123,Teslanews10,1
Farzadthe1st,WholeMarsBlog,1
FatgutzEvans,business,1
FaustianSpirit2,SebRoss4,1
FaustianSpirit2,mazureusz,1
Feefifo101,EvrybodynthrMom,1
Feefifo101,GailAlfarATX,1
Feefifo101,IheartTesla,1
Feefifo101,JenniCurrent,1
Feefifo101,Kristennetten,1
Feefifo101,Tesla,1
Feefifo101,TeslaOwnersEBay,1
Feefifo101,blueskykites,1
Feefifo101,daelmor,1
Feefifo101,elonmusk,1
Feefifo101,teslacn,1
FelixKern2,FinanceSmitty,1
FelixKern2,RalphMa57830113,1
FelixSchlang,vincent13031925,1
Femanonymously,EvrybodynthrMom,2
Femanonymously,GailAlfarATX,2
Femanonymously,IheartTesla,2
Femanonymously,JenniCurrent,2
Femanonymously,Kristennetten,2
Femanonymously,Tesla,2
Femanonymously,TeslaOwnersEBay,2
Femanonymously,blueskykites,2
Femanonymously,daelmor,2
Femanonymously,elonmusk,2
Femanonymously,sarahnaomi110,1
Femanonymously,teslacn,2
FermanLedezman1,engineers_feed,1
FermisSocks,BLKMDL3,1
FermisSocks,CYBRTRK420,1
FermisSocks,ChanBrosRun,3
FermisSocks,DirtyTesLa,1
FermisSocks,Iamingi1,1
FermisSocks,Joscocok,1
FermisSocks,LucidMotors,1
FermisSocks,SawyerMerritt,2
FermisSocks,Tesla,4
FermisSocks,Tesla2Lucid,1
FermisSocks,TeslaCharging,1
FermisSocks,TeslaTruckClub,1
FermisSocks,elonmusk,4
FermisSocks,iliketeslas,1
FermisSocks,j_vikingland,2
FermisSocks,lazygott,1
FermisSocks,masegoslin,1
FermisSocks,mcolbert80,1
FermisSocks,tesla_adri,1
FermisSocks,verge,4
Fernand27673550,EvrybodynthrMom,1
Fernand27673550,GailAlfarATX,1
Fernand27673550,IheartTesla,1
Fernand27673550,JenniCurrent,1
Fernand27673550,Kristennetten,1
Fernand27673550,Tesla,1
Fernand27673550,TeslaOwnersEBay,1
Fernand27673550,blueskykites,1
Fernand27673550,daelmor,1
Fernand27673550,elonmusk,1
Fernand27673550,teslacn,1
FernandoTona1,anthagas,1
Fiberoptixxx,EZebroni,1
Fiberoptixxx,Tesla,1
Fiberoptixxx,turo,1
FiftySeth,laurenboebert,1
FinalFrontierTX,A_Division_Bell,1
FinalFrontierTX,BetoORourke,5
FinalFrontierTX,Facts_Are_Hard,1
FinalFrontierTX,MontyBoa99,1
FinalFrontierTX,lissysvage,1
FinalFrontierTX,rking78708,1
FinanceSmitty,FelixKern2,1
FinanceSmitty,convl0,1
FinansMerak137,metincamdibi,1
Finanzlehrling,FinanceSmitty,1
Finanzlehrling,fipsyfip,1
Finanzlehrling,stockmum,1
Fingerz503,GodNiz,1
Fingerz503,Tesla,2
Fingerz503,thyAshes,2
FinishJon,TESLA_CREADOR,1
Fio_96_,elonmusk,1
FirecrackerNFTs,ElonGoatToken,1
FirecrackerNFTs,EvaFoxU,1
FirecrackerNFTs,SignalLTC,1
FirecrackerNFTs,Tesla,1
FirecrackerNFTs,elongoatclub,1
FirecrackerNFTs,elonmusk,1
Fisherm81322577,PPathole,1
Fisherm81322577,elonmusk,1
Fisherm81322577,punjiam,1
FitnessKlubNr1,AHaman1916,3
FitnessKlubNr1,Tesla,3
FitnessKlubNr1,Teslarati,3
FitnessKlubNr1,elonmusk,3
FitnessKlubNr1,wojcikofficial,3
FivelMaus,Schuldensuehner,1
FivelMaus,supvalentin,1
FivelMaus,tylinstoy,1
FlaTesla,squawksquare,1
Flagday60,periclesukraine,1
FlaiteOrsini,Diego_figueroav,1
FlaiteOrsini,Juristadelsur,1
FlaiteOrsini,andresalvar5,1
FlamingCanine,HSouthwellFE,1
Flashinski17,Namensgleichhe1,1
Flashinski17,sorgeweniger,1
FloZeugsUndSo,squawksquare,1
FlossedMind,elonmusk,1
FogelmanShawn,Falconwingsnj,1
FogelmanShawn,Tesla,1
Fone_Guy,EstherKokkelman,1
Fone_Guy,Tesla,1
Fone_Guy,pbleij,1
FoosballH2O,stevanzetti,1
ForeignPacifist,KLM,1
ForeignPacifist,PieterOmtzigt,1
ForeignPacifist,Tesla,1
ForeignPacifist,lientje1967,1
ForeignPacifist,pvd_toekomst,1
Foresig65,WholeMarsBlog,1
Foresig65,elonmusk,1
Former_CAM,A7imd,1
Former_CAM,CorrosiveBspin,1
Former_CAM,elonmusk,2
Former_CAM,jordo2323,1
FormerlyKaren,elonmusk,1
FormerlyKaren,itsJeffTiedrich,1
FoxMainey,Falconwingsnj,1
FoxMainey,Tesla,1
Fradatama,ardynugraha27,1
Fradatama,yearoxycontin,1
Francesca1Diasi,EvrybodynthrMom,1
Francesca1Diasi,GailAlfarATX,1
Francesca1Diasi,IheartTesla,1
Francesca1Diasi,JenniCurrent,1
Francesca1Diasi,Kristennetten,1
Francesca1Diasi,Tesla,1
Francesca1Diasi,TeslaOwnersEBay,1
Francesca1Diasi,blueskykites,1
Francesca1Diasi,daelmor,1
Francesca1Diasi,elonmusk,1
Francesca1Diasi,teslacn,1
Francis86340619,EvrybodynthrMom,1
Francis86340619,GailAlfarATX,1
Francis86340619,IheartTesla,1
Francis86340619,JenniCurrent,1
Francis86340619,Kristennetten,1
Francis86340619,Tesla,1
Francis86340619,TeslaOwnersEBay,1
Francis86340619,blueskykites,1
Francis86340619,daelmor,1
Francis86340619,elonmusk,1
Francis86340619,teslacn,1
FranciscoChime2,GailAlfarATX,2
FranciscoChime2,IheartTesla,2
FranciscoChime2,JenniCurrent,2
FranciscoChime2,Kristennetten,2
FranciscoChime2,Tesla,2
FranciscoChime2,TeslaOwnersEBay,2
FranciscoChime2,blueskykites,2
FranciscoChime2,daelmor,2
FranciscoChime2,elonmusk,2
FranciscoChime2,teslacn,2
FrankFaust18,LucidMotors,4
FrankFaust18,Tesla,4
FrankFaust18,Tesla2Lucid,4
FrankFaust18,elonmusk,4
FrankFaust18,masegoslin,4
FrankGalban3,Falconwingsnj,1
FrankGalban3,Tesla,1
FrappuccinoSlim,BusinessmanLego,1
FraserMRASCIPO,LovingWildlyfe,1
FraserMRASCIPO,RealisticBull,1
Fraslin,Julienn59,1
Fraslin,marcelgarrigou,1
Frazier22Rick,Falconwingsnj,4
Frazier22Rick,NiddrieRichard,3
Frazier22Rick,SayingwhatU,1
Frazier22Rick,Tesla,4
Frazier22Rick,TheAVNetworkGuy,1
FredPickles007,Tesla,1
FredPickles007,TeslaOwnersUK,1
FredPickles007,elonmusk,1
FredPow25017479,BunkFreamon,1
FredPow25017479,GriffinTheLege1,1
FredPow25017479,WingsofGHG,1
FredPow25017479,elonmusk,1
FredPow25017479,engineers_feed,1
FredPow25017479,thebseymore,1
FrederickZiffel,Rc8rW,1
FrederickZiffel,RobertELBowman,1
FrederickZiffel,Turbo8oost,1
FrederickZiffel,senafan1901,1
FreeCryply,PPathole,1
FreeCryply,Tesla,1
FreeCryply,elonmusk,1
FreedomSteve101,morgfair,1
FreedomSteve101,verge,1
FreeeeeSpeeeech,EvrybodynthrMom,1
FreeeeeSpeeeech,GailAlfarATX,1
FreeeeeSpeeeech,IheartTesla,1
FreeeeeSpeeeech,JenniCurrent,1
FreeeeeSpeeeech,Kristennetten,1
FreeeeeSpeeeech,Tesla,1
FreeeeeSpeeeech,TeslaOwnersEBay,1
FreeeeeSpeeeech,blueskykites,1
FreeeeeSpeeeech,daelmor,1
FreeeeeSpeeeech,elonmusk,1
FreeeeeSpeeeech,teslacn,1
FriesandPop432,EvrybodynthrMom,1
FriesandPop432,GailAlfarATX,1
FriesandPop432,IheartTesla,1
FriesandPop432,JenniCurrent,1
FriesandPop432,Kristennetten,1
FriesandPop432,Tesla,1
FriesandPop432,TeslaOwnersEBay,1
FriesandPop432,blueskykites,1
FriesandPop432,daelmor,1
FriesandPop432,elonmusk,1
FriesandPop432,teslacn,1
FritzBhler1,Weltwoche,1
FritzBhler1,m_matuschek,1
FritzBhler1,tack_bob,1
Fruckley,sixtus,1
FthePump1,Holley_News,1
FthePump1,Lucid,1
FthePump1,LucidMotors,1
FthePump1,Tesla,2
FthePump1,Tesla2Lucid,1
FthePump1,TeslaClubSoCal,1
FthePump1,TwixDaPoodle,1
FthePump1,cis5YnJE607xzs5,1
FuchsRalfX,Tesla,1
FuchsRalfX,elonmusk,1
FuchsRalfX,tesla_adri,1
FuerstDustin,Ampel_Watch,1
FuerstDustin,Wissing,1
Fulgenc75074598,TESLA_CREADOR,1
Fullmag83,TeamMichelin,1
Fullmag83,VilebrequinAuto,1
Funk2funkDiaz,LeilaniDowding,3
Funk2funkDiaz,Tesla,2
Funk2funkDiaz,ageez25,3
Funk2funkDiaz,elonmusk,2
Funk2funkDiaz,jedigardener,3
GBApollo,EPavlic,1
GBApollo,EvaFoxU,1
GBApollo,SawyerMerritt,1
GBApollo,Tesla,1
GBApollo,TeslaAndDoge,1
GBApollo,TeslaNY,1
GBApollo,TeslaOwnersEBay,1
GBApollo,WholeMarsBlog,1
GBApollo,elonmusk,1
GBApollo,klwtts,1
GBApollo,mayemusk,1
GBApollo,teslaownersSV,1
GDLS16,DirtyTesLa,2
GDLS16,Tesla,2
GDLS16,elonmusk,1
GGGinvestor,LucidMotors,1
GGGinvestor,Tesla,1
GGGinvestor,Tesla2Lucid,1
GGGinvestor,elonmusk,1
GGGinvestor,masegoslin,1
GHillajian,EvrybodynthrMom,1
GHillajian,GailAlfarATX,1
GHillajian,IheartTesla,1
GHillajian,JenniCurrent,1
GHillajian,Kristennetten,1
GHillajian,Tesla,1
GHillajian,TeslaOwnersEBay,1
GHillajian,blueskykites,1
GHillajian,daelmor,1
GHillajian,elonmusk,1
GHillajian,teslacn,1
GODFIGMXNTS,elonmusk,1
GP_freespeech,MoS_Investing,1
GRobLewis,adamdavidson,1
G_Godowski,sixtus,1
Gabri_Benci,fatazoe,1
Gabri_Benci,nonnachicca58,1
Gabriel24571390,EvrybodynthrMom,1
Gabriel24571390,GailAlfarATX,1
Gabriel24571390,IheartTesla,1
Gabriel24571390,JenniCurrent,1
Gabriel24571390,Kristennetten,1
Gabriel24571390,Tesla,1
Gabriel24571390,TeslaOwnersEBay,1
Gabriel24571390,blueskykites,1
Gabriel24571390,daelmor,1
Gabriel24571390,elonmusk,1
Gabriel24571390,teslacn,1
GabrielVaraljay,hron84,1
GabrielVaraljay,marcinger,1
GacNikola,Milan54541,1
GacNikola,SaaIli18,1
GageTay49682759,elonmusk,1
GagliardiLou,squawksquare,1
GailAlfarATX,AustinTeslaClub,1
GailAlfarATX,CraigMMorgan,1
GailAlfarATX,ERCOT_ISO,1
GailAlfarATX,EvrybodynthrMom,1
GailAlfarATX,IheartTesla,1
GailAlfarATX,JenniCurrent,1
GailAlfarATX,JohnEG78,1
GailAlfarATX,Kristennetten,1
GailAlfarATX,MichaelDanberry,1
GailAlfarATX,SanAntonioTesla,1
GailAlfarATX,Tesla,2
GailAlfarATX,TeslaOwnersEBay,1
GailAlfarATX,TeslaSolar,1
GailAlfarATX,aaronglz23,1
GailAlfarATX,blueskykites,1
GailAlfarATX,daelmor,1
GailAlfarATX,elonmusk,1
GailAlfarATX,heydave7,1
GailAlfarATX,oncor,1
GailAlfarATX,roundrock,1
GailAlfarATX,teslacn,1
GalConstitution,Former_Marine_,1
GalConstitution,OpenAI,1
GalConstitution,Tesla,1
GalConstitution,elonmusk,1
GalConstitution,neuralink,1
Gamebent1,elonmusk,1
Gamefi2023,EvrybodynthrMom,1
Gamefi2023,GailAlfarATX,1
Gamefi2023,IheartTesla,1
Gamefi2023,JenniCurrent,1
Gamefi2023,Kristennetten,1
Gamefi2023,Tesla,1
Gamefi2023,TeslaOwnersEBay,1
Gamefi2023,blueskykites,1
Gamefi2023,daelmor,1
Gamefi2023,elonmusk,1
Gamefi2023,teslacn,1
Gamer1Grown,Plushplaxicuss,3
Gamer1Grown,SnazzyQ,3
Gamer1Grown,amishsolanki,3
Gamer1Grown,elonmusk,3
GangulySrijohn,DG_NTA,1
GangulySrijohn,SaniSara11,1
GangulySrijohn,dpradhanbjp,1
Ganzedijker,FVDamsterdam,1
Gardner4ever,SenStabenow,1
GargaBloom,heychulkim,1
GargaBloom,makemoneycfa,1
GargaBloom,squawksquare,1
GarrettJMoffitt,EvrybodynthrMom,1
GarrettJMoffitt,GailAlfarATX,1
GarrettJMoffitt,IheartTesla,1
GarrettJMoffitt,JenniCurrent,1
GarrettJMoffitt,Kristennetten,1
GarrettJMoffitt,Tesla,2
GarrettJMoffitt,TeslaOwnersEBay,1
GarrettJMoffitt,blueskykites,1
GarrettJMoffitt,daelmor,1
GarrettJMoffitt,elonmusk,1
GarrettJMoffitt,teslacn,1
GarrettJMoffitt,thyAshes,1
GaryPer68539108,Tesla,1
GaryPer68539108,WholeMarsBlog,1
GaryPer68539108,elonmusk,1
GaryPer68539108,garrettsite,1
GaryPer68539108,teslaloosa,1
GauchoNFT,EvrybodynthrMom,1
GauchoNFT,GailAlfarATX,1
GauchoNFT,IheartTesla,1
GauchoNFT,JenniCurrent,1
GauchoNFT,Kristennetten,1
GauchoNFT,Tesla,1
GauchoNFT,TeslaOwnersEBay,1
GauchoNFT,blueskykites,1
GauchoNFT,daelmor,1
GauchoNFT,elonmusk,1
GauchoNFT,teslacn,1
GauthBoul,TheLilyCroft,1
GayCarBoys,DudeVotes,1
GbAhsen,tokcem,1
GeekFreakBoutiq,MollyJongFast,1
GeetAgarwal14,RohanFing,1
GeetAgarwal14,TriggeredInsaan,1
GeetAgarwal14,YTCreatorsIndia,1
GeetAgarwal14,YouTubeIndia,1
Geezer_Tweeter,TheMaverickWS,1
GeistRabbit,elonmusk,1
GeistRabbit,kathrynresister,1
GeistRabbit,maxoutrage,1
Geminlce,MariahScientist,1
GenaT25,squawksquare,1
GeneralMayhem,DavidPenneyPRW,1
GengarHernandez,elonmusk,1
GeorgeKastriot,Milan54541,1
GeorgeKastriot,man_norwegian,1
GeraldWaterous,Reuters,1
Geraldi64979343,EvrybodynthrMom,1
Geraldi64979343,GailAlfarATX,1
Geraldi64979343,IheartTesla,1
Geraldi64979343,JenniCurrent,1
Geraldi64979343,Kristennetten,1
Geraldi64979343,Tesla,1
Geraldi64979343,TeslaOwnersEBay,1
Geraldi64979343,blueskykites,1
Geraldi64979343,daelmor,1
Geraldi64979343,elonmusk,1
Geraldi64979343,teslacn,1
GerardVerhoef,caseofdees,1
GerardVriend3,AJJDordt,1
GerardVriend3,Yazanne,1
GerardVriend3,robdewijk,1
GernotHutter,derbrutkasten,2
GernotHutter,refurbed_com,2
GernotHutter,windisch_p,2
Gerry79983367,LucidMotors,1
Gerry79983367,Tesla,1
Gerry79983367,Tesla2Lucid,1
Gerry79983367,elonmusk,1
Gerry79983367,masegoslin,1
GettinTwitta,Tesla,1
GettinTwitta,TeslaOwnersUK,1
GettinTwitta,elonmusk,1
GiantNyk,Forbes,1
GiantNyk,WholeMarsBlog,1
GiantNyk,elonmusk,1
GibbDesigner,jula7701,1
GigaSomerset,SawyerMerritt,1
GigaSomerset,Tesla,1
GigaSomerset,TeslaCharging,1
GigaSomerset,ZainS180,1
GilderanRahl,HullTeslaModel3,4
GilderanRahl,Tesla,4
GilderanRahl,TeslaOwnersUK,4
GilderanRahl,davidjamesdj,4
GilderanRahl,elonmusk,4
Gilroyo,Franktheshank88,1
Giobalsamo,Teslaconomics,1
Gitarre_Thomas,FinanceSmitty,1
GlenMah,CodingMark,1
GlenMah,CovelloMassimo,1
GlenMah,Gators_n_Hokies,1
GlenMah,Inelonwetrust__,1
GlenMah,MFrunker,1
GlenMah,TacosandTeslas,1
GlenMah,TeslaChillMode,1
GlenMah,TeslaGong,1
GlenMah,TeslaMilton,1
GlenMah,UNPLGD3,1
GlenMah,akidesir,1
GlenMah,hsumacher,1
GlenMah,nickwhoward,1
GlenMah,tesla_raj,1
GlenMah,teslaquadcities,1
GlenMah,tesletter,1
GlennPh23422523,elonmusk,1
GlennPh23422523,itsJeffTiedrich,1
GmeImmortan,Copper1692,1
GnomonChronicl1,hhensell,1
GodIsTheOrgasm,EvrybodynthrMom,1
GodIsTheOrgasm,GailAlfarATX,1
GodIsTheOrgasm,IheartTesla,1
GodIsTheOrgasm,JenniCurrent,1
GodIsTheOrgasm,Kristennetten,1
GodIsTheOrgasm,Tesla,1
GodIsTheOrgasm,TeslaOwnersEBay,1
GodIsTheOrgasm,blueskykites,1
GodIsTheOrgasm,daelmor,1
GodIsTheOrgasm,elonmusk,1
GodIsTheOrgasm,teslacn,1
GodNiz,Tesla,1
GodNiz,thyAshes,1
Godismyjudge16,conspiracyb0t,1
GoldenSteveBike,EvaFoxU,1
Goldfiinger77,Umbisam,1
GoodGrimey,Dorsalfinnn,1
GoodGrimey,caitoz,1
GoodGrimey,jackcampbell711,1
GordonsFishDix,13ericralph31,1
GordonsFishDix,ByrdeCapital,1
GordonsFishDix,Dagnum_PI,1
GordonsFishDix,KrestTest,1
GordonsFishDix,Tesla2Lucid,1
GordonsFishDix,Teslarati,1
GordonsFishDix,Umbisam,1
GordonsFishDix,WholeMarsBlog,1
GordonsFishDix,elonmusk,3
GordonsFishDix,forge_work,1
GordonsFishDix,grantbelden,1
GordonsFishDix,masegoslin,1
GordonsFishDix,opiniongooo,1
GordonsFishDix,projectworkx,1
GordonsFishDix,teslaownersSV,1
GosbeeVanessa,Bombiggy1,4
GosbeeVanessa,DesinNam1,4
GosbeeVanessa,Kat_230775,3
GosbeeVanessa,TD_Tesla,4
GravellSam,Tesla,1
GravellSam,elonmusk,1
GravellSam,tesla_adri,1
Greateastern17,Tesla,1
GreenTreeVSYM,elonmusk,1
GregHowell1,matwatsoncars,1
GregHowell1,peddletofloor,1
Gregson36673847,Tesla,1
Gregson36673847,elonmusk,1
Gregson36673847,tesla_adri,1
Grey0187,elonmusk,1
GreyAreaUK,CalisCihan,1
GreyAreaUK,MoonlitMonkey69,1
GreyAreaUK,PPathole,1
GreyAreaUK,elonmusk,1
GreyAreaUK,punjiam,1
GrrlDivergent,amdilley,1
GtcMichu,squawksquare,1
Gthingsahead,DRayRaven,1
Gthingsahead,elonmusk,1
Gthingsahead,itsJeffTiedrich,1
GuerillaInvest1,RafaWartel,1
GuerillaInvest1,deezhips,1
GuerillaInvest1,elonmusk,1
GuerillaInvest1,mn_google,1
GuerillaInvest1,pantyboysama,1
GuileZb,Verownika,1
GuillermoRein,PhysInHistory,1
GulledgeKurt,EvrybodynthrMom,1
GulledgeKurt,GailAlfarATX,1
GulledgeKurt,IheartTesla,1
GulledgeKurt,JenniCurrent,1
GulledgeKurt,Kristennetten,1
GulledgeKurt,Tesla,1
GulledgeKurt,TeslaOwnersEBay,1
GulledgeKurt,blueskykites,1
GulledgeKurt,daelmor,1
GulledgeKurt,elonmusk,1
GulledgeKurt,teslacn,1
Gurkan4142,EvrybodynthrMom,1
Gurkan4142,GailAlfarATX,1
Gurkan4142,IheartTesla,1
Gurkan4142,JenniCurrent,1
Gurkan4142,Kristennetten,1
Gurkan4142,Tesla,1
Gurkan4142,TeslaOwnersEBay,1
Gurkan4142,blueskykites,1
Gurkan4142,daelmor,1
Gurkan4142,elonmusk,1
Gurkan4142,teslacn,1
Guust_Kadaver,Picocomero,1
Guust_Kadaver,SBergsma,1
Guust_Kadaver,augurkendraaier,1
Guust_Kadaver,picnic,1
GuyWithABoat,EvrybodynthrMom,1
GuyWithABoat,GailAlfarATX,1
GuyWithABoat,IheartTesla,1
GuyWithABoat,JenniCurrent,1
GuyWithABoat,Kristennetten,1
GuyWithABoat,Tesla,1
GuyWithABoat,TeslaOwnersEBay,1
GuyWithABoat,blueskykites,1
GuyWithABoat,daelmor,1
GuyWithABoat,elonmusk,1
GuyWithABoat,teslacn,1
Gwen060588,EvrybodynthrMom,1
Gwen060588,GailAlfarATX,1
Gwen060588,IheartTesla,1
Gwen060588,JenniCurrent,1
Gwen060588,Kristennetten,1
Gwen060588,Tesla,1
Gwen060588,TeslaOwnersEBay,1
Gwen060588,blueskykites,1
Gwen060588,daelmor,1
Gwen060588,elonmusk,1
Gwen060588,teslacn,1
HBahlzack,DimaZeniuk,1
HBahlzack,Murphy2712,1
HBahlzack,Tesla,1
HBahlzack,elonmusk,1
HBahlzack,mohamed96644337,1
HD2onPBdotcom,putey_pute,1
HILITINGHOCKEY,mantalicious,1
HILITINGHOCKEY,tim4hire,1
HIThomasFranke,FamilieNala,1
HPL_id5,tesla_tesra,3
HabsHkg,squawksquare,2
Hadi82339397,EvrybodynthrMom,1
Hadi82339397,GailAlfarATX,1
Hadi82339397,IheartTesla,1
Hadi82339397,JenniCurrent,1
Hadi82339397,Kristennetten,1
Hadi82339397,Tesla,1
Hadi82339397,TeslaOwnersEBay,1
Hadi82339397,blueskykites,1
Hadi82339397,daelmor,1
Hadi82339397,elonmusk,1
Hadi82339397,teslacn,1
Hagan6Lindsay,LucidMotors,1
Hagan6Lindsay,Tesla,1
Hagan6Lindsay,Tesla2Lucid,1
Hagan6Lindsay,elonmusk,1
Hagan6Lindsay,masegoslin,1
Hags37,DimaZeniuk,1
Hags37,Tesla,1
Hags37,elonmusk,1
Hairball_63,EvrybodynthrMom,1
Hairball_63,GailAlfarATX,1
Hairball_63,IheartTesla,1
Hairball_63,JenniCurrent,1
Hairball_63,Kristennetten,1
Hairball_63,Tesla,1
Hairball_63,TeslaOwnersEBay,1
Hairball_63,blueskykites,1
Hairball_63,daelmor,1
Hairball_63,elonmusk,1
Hairball_63,teslacn,1
HakeemA59823457,beaztbeatz,1
HakeemA59823457,elonmusk,1
Hal9000Ingram,CelticNotorious,1
Halftilted1,garyblack00,1
Hallowyeen,yamgang2004,1
Halo3Slaayer,RobertR02624409,1
Halo3Slaayer,WatcherGuru,1
Halo3Slaayer,elonmusk,1
HamrickPaul,hamandcheese,1
HanhHuuHo,nytimes,1
HannuHsiipola,AuteroMiia,1
Hanx896,AntiCyclingFB,1
HappyJesse,Tesla2Lucid,1
HappyJesse,TeslaForThe_Win,1
HappyJesse,TeslaOwls,1
HappyJesse,elonmusk,1
HappyJesse,masegoslin,1
HappyJesse,teslaownersSV,1
HaradinajRr,BurrneshMalsore,1
HaradinajRr,qaza62,1
HaradinajRr,skegrom,1
HardcoreNick1,TheTurksNFT,1
HarnamGrover,BigTechAlert,1
HarnamGrover,Twitter,1
HarnamGrover,paraga,1
HarnamGrover,teslaownersSV,1
HarryHamill,KirstyRoseOH,1
HarryHamill,Sciencenature14,1
HarryHamill,leseerlaubnis,1
HarryKitt3,nytimes,1
Haulingtmber,EvrybodynthrMom,1
Haulingtmber,GailAlfarATX,1
Haulingtmber,IheartTesla,1
Haulingtmber,JenniCurrent,1
Haulingtmber,Kristennetten,1
Haulingtmber,Tesla,1
Haulingtmber,TeslaOwnersEBay,1
Haulingtmber,blueskykites,1
Haulingtmber,daelmor,1
Haulingtmber,elonmusk,1
Haulingtmber,teslacn,1
HaveFunWorkHar1,EvrybodynthrMom,1
HaveFunWorkHar1,GailAlfarATX,1
HaveFunWorkHar1,IheartTesla,1
HaveFunWorkHar1,JenniCurrent,1
HaveFunWorkHar1,Kristennetten,1
HaveFunWorkHar1,Tesla,1
HaveFunWorkHar1,TeslaOwnersEBay,1
HaveFunWorkHar1,blueskykites,1
HaveFunWorkHar1,daelmor,1
HaveFunWorkHar1,elonmusk,1
HaveFunWorkHar1,teslacn,1
HaveNophir,BlackLabelAdvsr,1
HavestKhome,EvrybodynthrMom,1
HavestKhome,GailAlfarATX,1
HavestKhome,IheartTesla,1
HavestKhome,JenniCurrent,1
HavestKhome,Kristennetten,1
HavestKhome,RaymanIsWoat,1
HavestKhome,Tesla,1
HavestKhome,TeslaOwnersEBay,1
HavestKhome,blueskykites,1
HavestKhome,daelmor,1
HavestKhome,elonmusk,1
HavestKhome,teslacn,1
Hayford64065087,elonmusk,1
Hayford64065087,tentionmisleads,1
HealthyPeoplePL,AHaman1916,1
HealthyPeoplePL,SzczecinMoto,1
HealthyPeoplePL,Tesla,1
HealthyPeoplePL,Teslarati,1
HealthyPeoplePL,elonmusk,1
HealthyPeoplePL,wojcikofficial,1
HeartkidE,VedaPrime,1
Heather_Poole,kamkar7,1
HeckTyIer,CorncobBill,1
HeckTyIer,GodsBrah,1
HeckTyIer,bennyjohnson,1
HeckTyIer,cjgproduxions,1
HeckTyIer,cldrvr,1
HeckTyIer,libsoftiktok,1
HeckTyIer,makar_hater,1
HectorHeath,Morcia,1
Heisenberg0x,elonmusk,1
Heisenberg0x,squawksquare,1
HeiserMeisterG,EvrybodynthrMom,1
HeiserMeisterG,GailAlfarATX,1
HeiserMeisterG,IheartTesla,1
HeiserMeisterG,JenniCurrent,1
HeiserMeisterG,Kristennetten,1
HeiserMeisterG,Tesla,1
HeiserMeisterG,TeslaOwnersEBay,1
HeiserMeisterG,blueskykites,1
HeiserMeisterG,daelmor,1
HeiserMeisterG,elonmusk,1
HeiserMeisterG,teslacn,1
Helena1993i,rovercrc,1
Helloimmyrtle,rovercrc,1
HelmPeter,DerGraslutscher,1
HelmPeter,sorgeweniger,1
HelmPeter,vetsch_peter,1
Hendy759,3YearLetterman,1
Hendy759,MattSX45,1
Hendy759,elonmusk,1
Hendy759,laylalokiodin,1
Heng_ova_2,tulaygokcimen,1
HenriettaShend1,BarnettforAZ,1
HenriettaShend1,NJKILL,1
HenriettaShend1,elonmusk,1
HenzSy,SawyerMerritt,1
HenzSy,Tesla,1
HenzSy,TeslaCharging,1
HermanoBlack,EvrybodynthrMom,1
HermanoBlack,GailAlfarATX,1
HermanoBlack,IheartTesla,1
HermanoBlack,JenniCurrent,1
HermanoBlack,Kristennetten,1
HermanoBlack,Tesla,1
HermanoBlack,TeslaOwnersEBay,1
HermanoBlack,blueskykites,1
HermanoBlack,daelmor,1
HermanoBlack,elonmusk,1
HermanoBlack,teslacn,1
HerrAgren,LarsLowgren,1
HerrAgren,LiveMaharajah,1
HesperideT,dokrugadvojke,1
Hexpressor,Most_Maximus,1
Hexpressor,TheProphetPoet,1
HeyItsChris89,engineers_feed,1
HiBob84,EVREcompany,1
HiBob84,carwowuk,2
Hinge_t,PPathole,1
Hinge_t,SECGov,1
Hinge_t,elonmusk,1
Hinge_t,fly4dat,1
Hirn_Ausschlag,KantHolzKontor,1
HocKeysidhu,Bable321,1
Hodlep,garyblack00,1
Hodlep,squawksquare,1
HoedjeBE,alex_avoigt,1
HokieMattJ,elonmusk,1
HokieMattJ,itsJeffTiedrich,1
HolyNikolaTesla,elonmusk,1
HomerJFong5,elonmusk,1
HomerJFong5,scoutingbylogan,1
HoneyJamTesla,TESLA_ROBOTICS,1
HoppityJohn,Schoolcraft420,1
HoppityJohn,UAP_Therapist,1
Horizon95089898,JonErlichman,1
Horizon95089898,Jpeluche4,1
Horizon95089898,MoeTheMartian,1
Horizon95089898,Tesla,1
Horizon95089898,Tesla2Lucid,2
Horizon95089898,cis5YnJE607xzs5,1
Horizon95089898,elonmusk,2
Horizon95089898,masegoslin,2
Horizon95089898,shanytc,1
Horizon95089898,teslaownersSV,2
HorseSpotter,Barnacules,1
Hossenfaus1,EvrybodynthrMom,1
Hossenfaus1,GailAlfarATX,1
Hossenfaus1,IheartTesla,1
Hossenfaus1,JenniCurrent,1
Hossenfaus1,Kristennetten,1
Hossenfaus1,Tesla,1
Hossenfaus1,TeslaOwnersEBay,1
Hossenfaus1,blueskykites,1
Hossenfaus1,daelmor,1
Hossenfaus1,elonmusk,1
Hossenfaus1,teslacn,1
HourADayGamer,jimg1976,1
Housebythelake1,EvrybodynthrMom,1
Housebythelake1,GailAlfarATX,1
Housebythelake1,IheartTesla,1
Housebythelake1,JenniCurrent,1
Housebythelake1,Kristennetten,1
Housebythelake1,Tesla,1
Housebythelake1,TeslaOwnersEBay,1
Housebythelake1,blueskykites,1
Housebythelake1,daelmor,1
Housebythelake1,elonmusk,1
Housebythelake1,teslacn,1
HowzitUSA,Rogerasalways,2
HowzitUSA,elonmusk,1
Hrezolitaz,Falconwingsnj,1
Hrezolitaz,Tesla,1
HromDrom,SavingAmerica4U,1
HromDrom,elonmusk,1
HueVanguard,elonmusk,1
HullTeslaModel3,DirtyTesLa,1
HullTeslaModel3,GilderanRahl,2
HullTeslaModel3,JezD7588,1
HullTeslaModel3,MikeDWinter,1
HullTeslaModel3,Tesla,10
HullTeslaModel3,TeslaOwnersUK,5
HullTeslaModel3,VisitLakeGeneva,1
HullTeslaModel3,davidjamesdj,3
HullTeslaModel3,elonmusk,5
HullTeslaModel3,graeme_cobb,3
HullTeslaModel3,jkanbi,1
HullTeslaModel3,mylakegeneva,1
HullTeslaModel3,valyrianxsteel,1
HumbertoRiveros,Diego_figueroav,1
HumbleQuant,Snarky_Penguin,1
HumbleQuant,bvaleblv,1
HumbleQuant,elonmusk,1
HumbleQuant,kellenflanagan,1
HumbleQuant,unusual_whales,1
Humlae20,DudeInvests,1
Humlae20,EV_Research,1
Humlae20,auto,1
HummerHealey,LucidMotors,1
HummerHealey,Tesla,1
HummerHealey,Tesla2Lucid,1
HummerHealey,elonmusk,1
HummerHealey,masegoslin,1
Humpidumpi2,LudaLisl,1
Humpidumpi2,TeslaOwls,1
Huseyinn4701,MatthwETH,1
HuwAWilliams,SharePickers,1
HyladeeBanu_AG,DayoAmusa,1
Hyper_Falcon,elonmusk,1
HzFinch,simoneland69,1
IAmBoreder,EvrybodynthrMom,1
IAmBoreder,GailAlfarATX,1
IAmBoreder,IheartTesla,1
IAmBoreder,JenniCurrent,1
IAmBoreder,Kristennetten,1
IAmBoreder,Tesla,1
IAmBoreder,TeslaOwnersEBay,1
IAmBoreder,blueskykites,1
IAmBoreder,daelmor,1
IAmBoreder,elonmusk,1
IAmBoreder,teslacn,1
IDKFA3,MissJilianne,1
IDKFA3,corbinwilliams,1
IDKFA3,elonmusk,1
IEOUAMS_,Most_Maximus,1
II_Legit_IIQuit,elonmusk,1
IIllIlIllIIIlll,squawksquare,1
IMAGIF_IDEAS,ISABELR00418554,1
IMxSTILLxLEGEND,DaveQZhang,1
IMxSTILLxLEGEND,Tesla,1
IPossible77,Ajcool2020,1
IPossible77,POTUS,1
IPossible77,SenJoniErnst,1
IQPKhFf3ELXWsGg,tesla_kobe,1
ISABELR00418554,IMAGIF_IDEAS,1
Iam_Nasiruddeen,EvrybodynthrMom,1
Iam_Nasiruddeen,GailAlfarATX,1
Iam_Nasiruddeen,IheartTesla,1
Iam_Nasiruddeen,JenniCurrent,1
Iam_Nasiruddeen,Kristennetten,1
Iam_Nasiruddeen,Tesla,1
Iam_Nasiruddeen,TeslaOwnersEBay,1
Iam_Nasiruddeen,blueskykites,1
Iam_Nasiruddeen,daelmor,1
Iam_Nasiruddeen,elonmusk,1
Iam_Nasiruddeen,teslacn,1
IanSamyth,SawyerMerritt,1
IanSamyth,Tesla,1
IanSamyth,TeslaCharging,1
IanSamyth,elonmusk,1
IanSamyth,squawksquare,3
IgFran8791,fallinlovia,1
Igor08Terzic,Tesla2Lucid,1
Igor08Terzic,elonmusk,1
Igor08Terzic,masegoslin,1
Igor08Terzic,teslaownersSV,1
Ilanpeishi,itsdanthekidd,2
Ilanpeishi,kiki_pessi,2
Ilanpeishi,sofiamilk_,2
ImZmanYT,MLBONFOX,1
ImZmanYT,Tesla_369,1
ImZmanYT,chaim345,1
Imie__Nazwisko,SzczecinMoto,1
Imie__Nazwisko,Tesla,1
Imie__Nazwisko,Teslarati,1
Imie__Nazwisko,elonmusk,1
Imie__Nazwisko,wojcikofficial,1
InaPutin,ipoochai,1
IncJiday,Mayowathefirst,1
IncJiday,dachykes,1
Individ02501777,elonmusk,1
Infinitynova131,Charlie1337420,1
Infinitynova131,dillipSbakchod,1
Infoagerevolt,elonmusk,1
InitiativeRaum1,MonikaHerrmann1,1
InkyMoenn,YaOnlyLivvOnce,1
Instagrams609,EvrybodynthrMom,1
Instagrams609,GailAlfarATX,1
Instagrams609,IheartTesla,1
Instagrams609,JenniCurrent,1
Instagrams609,Kristennetten,1
Instagrams609,Tesla,1
Instagrams609,TeslaOwnersEBay,1
Instagrams609,blueskykites,1
Instagrams609,daelmor,1
Instagrams609,elonmusk,1
Instagrams609,teslacn,1
InterceptorJay,YaGirlSakiB,1
Inugamiz,Most_Maximus,1
Invest4finance,dissectmarkets,1
Investing_MyWay,SKSHAH2K,1
Investing_MyWay,garyblack00,1
Investing_MyWay,squawksquare,1
Iomegaman,NunesAlt,1
Iomegaman,elonmusk,1
Ipeedinyourpool,LucidMotors,1
Ipeedinyourpool,Tesla,1
Ipeedinyourpool,Tesla2Lucid,1
Ipeedinyourpool,elonmusk,1
Ipeedinyourpool,masegoslin,1
IraolaRodrigo,Horizon95089898,1
IraolaRodrigo,Tesla2Lucid,1
IraolaRodrigo,elonmusk,1
IraolaRodrigo,masegoslin,1
IraolaRodrigo,teslaownersSV,1
IrmaColin14,WholeMarsBlog,1
IrmaColin14,elonmusk,4
IrnoSimone,EvrybodynthrMom,1
IrnoSimone,GailAlfarATX,1
IrnoSimone,IheartTesla,1
IrnoSimone,JenniCurrent,1
IrnoSimone,Kristennetten,1
IrnoSimone,Tesla,1
IrnoSimone,TeslaOwnersEBay,1
IrnoSimone,blueskykites,1
IrnoSimone,daelmor,1
IrnoSimone,elonmusk,1
IrnoSimone,pinon_frijoles,1
IrnoSimone,teslacn,1
IronBatJJ,elonmusk,1
IronMan198XAD,Coalsmoke1,1
IronMan198XAD,elonmusk,1
Ironman_E,99brownKaryl,1
Ironman_E,DimaZeniuk,1
Ironman_E,DirtyTesLa,1
Ironman_E,PauljHorton,1
Ironman_E,R6Alex,1
Ironman_E,Tesla,7
Ironman_E,TeslaDiva99,1
Ironman_E,WhatsupFranks,1
Ironman_E,atk0506,1
Ironman_E,blueskykites,1
Ironman_E,elonmusk,5
Ironman_E,hope4494,1
Ironman_E,raffaeru,2
Ironman_E,tesla_adri,4
Ironprogress,GCRClassic,1
Ironprogress,Sage647,1
Ironprogress,balleroffchain,1
Ironprogress,stancexbt,1
IrshadS14541104,Falconwingsnj,1
IrshadS14541104,Tesla,1
IssaNourou,dwaynovichy,1
Isthiswhatyouw2,Timcast,1
ItBeCaleb,Tesla,1
ItBeCaleb,thyAshes,1
ItsAndyRyan,BoeserJanet,2
ItsAndyRyan,MattWallace888,2
ItsAndyRyan,elonmusk,2
ItsBillN,Tesla,1
ItsBillN,TeslaOwnersUK,1
ItsBillN,elonmusk,1
ItsTeaTimeJ,EvrybodynthrMom,1
ItsTeaTimeJ,GailAlfarATX,1
ItsTeaTimeJ,IheartTesla,1
ItsTeaTimeJ,JenniCurrent,1
ItsTeaTimeJ,Kristennetten,1
ItsTeaTimeJ,Tesla,1
ItsTeaTimeJ,TeslaOwnersEBay,1
ItsTeaTimeJ,blueskykites,1
ItsTeaTimeJ,daelmor,1
ItsTeaTimeJ,elonmusk,1
ItsTeaTimeJ,teslacn,1
ItssTshepiii,Falconwingsnj,1
ItssTshepiii,Tesla,1
Itstimeforplan2,JoostNiemoller,1
Itstimeforplan2,KWinkelaar,1
Itstimeforplan2,remcoh,1
Itzibu1,DGS_LV_NRW,1
Itzibu1,EUROSOLAR_D,1
Itzibu1,Klima_Mahner,1
Itzibu1,bEEmerkenswert,1
Itzibu1,krisztinaandre,1
Itzibu1,sfv_de,1
Ivan_S3XY,Asphaltech,3
Ivan_S3XY,slye,3
Ivaniqui,upelienta_sss,1
Izraelis,Aloha79000,1
J915t,TheMaverickWS,1
JAbEVShQ7P3hGG4,sana37mmt2,1
JAbEVShQ7P3hGG4,tesla_avs,2
JAlvarezJr,DMC_Ryan,1
JAlvarezJr,JoelSherman808,1
JAlvarezJr,SaraJAwesome,1
JAlvarezJr,SawyerMerritt,1
JAlvarezJr,Tesla,1
JAlvarezJr,TeslaPodcast,1
JAlvarezJr,elonmusk,1
JAlvarezJr,garyblack00,1
JAlvarezJr,jasper_saunders,1
JAlvarezJr,squawksquare,1
JAlvarezJr,stevenmarkryan,1
JCortoMaltes,TESLA_CREADOR,1
JD90730473,LucidMotors,1
JD90730473,Tesla,1
JD90730473,Tesla2Lucid,1
JD90730473,elonmusk,1
JD90730473,masegoslin,1
JGonzalestarget,Moofness,1
JJ6692,PaikCapital,1
JLue80,Keyztothecity93,1
JMIR67,TonoSVJ,1
JMVillalobos1,EnClaveDerecho,2
JMVillalobos1,EsquireEs,1
JMarkrum,ChrisSuchanWOAI,1
JMcbadu,EvrybodynthrMom,4
JMcbadu,GailAlfarATX,4
JMcbadu,IheartTesla,4
JMcbadu,JenniCurrent,4
JMcbadu,Kristennetten,4
JMcbadu,Tesla,4
JMcbadu,TeslaOwnersEBay,4
JMcbadu,blueskykites,4
JMcbadu,daelmor,4
JMcbadu,elonmusk,4
JMcbadu,lewins_ian,1
JMcbadu,luistrelles9,1
JMcbadu,seth1st,1
JMcbadu,teslacn,4
JMeinco,jessicasorn,1
JPBeaver76,EvrybodynthrMom,1
JPBeaver76,GailAlfarATX,1
JPBeaver76,IheartTesla,1
JPBeaver76,JenniCurrent,1
JPBeaver76,Kristennetten,1
JPBeaver76,Tesla,1
JPBeaver76,TeslaOwnersEBay,1
JPBeaver76,blueskykites,1
JPBeaver76,daelmor,1
JPBeaver76,elonmusk,1
JPBeaver76,teslacn,1
JRVisscher,FermisSocks,1
JRVisscher,LucidMotors,1
JRVisscher,Tesla,1
JRVisscher,Tesla2Lucid,1
JRVisscher,elonmusk,1
JRVisscher,masegoslin,1
JRead777,WholeMarsBlog,1
JRead777,garyblack00,1
JRead777,hikingskiing,1
JRunzddagger1,SharkJeev,1
JRunzddagger1,Tesla,1
JST_Politics,elonmusk,1
JST_Politics,itsJeffTiedrich,1
JT16832513,garyblack00,1
JT38126415,MechaJayZilla,1
JT38126415,tier10k,1
JTMarshIII,Flyhaikuckoo,1
JTMarshIII,washingtonpost,1
JTelebak,greg16676935420,1
JZhou1000,EvrybodynthrMom,1
JZhou1000,GailAlfarATX,1
JZhou1000,IheartTesla,1
JZhou1000,JenniCurrent,1
JZhou1000,Kristennetten,1
JZhou1000,Tesla,1
JZhou1000,TeslaOwnersEBay,1
JZhou1000,blueskykites,1
JZhou1000,daelmor,1
JZhou1000,elonmusk,1
JZhou1000,teslacn,1
J__Smallberries,EvrybodynthrMom,1
J__Smallberries,GailAlfarATX,1
J__Smallberries,IheartTesla,1
J__Smallberries,JenniCurrent,1
J__Smallberries,Kristennetten,1
J__Smallberries,Tesla,1
J__Smallberries,TeslaOwnersEBay,1
J__Smallberries,blueskykites,1
J__Smallberries,daelmor,1
J__Smallberries,elonmusk,1
J__Smallberries,teslacn,1
J_ton_santos,TeslaJoy,1
Jab5GMetaverse,MrBeast,1
Jab5GMetaverse,elonmusk,1
JaccoGijben,ReneJanV,1
JacekB19860327,auto_moto_pl,1
Jackson35883938,WholeMarsBlog,1
Jackson35883938,elonmusk,1
JacobB1290H,EvrybodynthrMom,1
JacobB1290H,GailAlfarATX,1
JacobB1290H,IheartTesla,1
JacobB1290H,JenniCurrent,1
JacobB1290H,Kristennetten,1
JacobB1290H,Tesla,1
JacobB1290H,TeslaOwnersEBay,1
JacobB1290H,blueskykites,1
JacobB1290H,daelmor,1
JacobB1290H,elonmusk,1
JacobB1290H,teslacn,1
JacobFields,SawyerMerritt,1
JacobRJones,garyblack00,1
JacobRJones,hikingskiing,1
JacobSAllinson,FilipeMartinh10,1
JacobSAllinson,MikeHudema,1
JacobSAllinson,Tesla,1
JacobSAllinson,bobbyllew,1
JacobSAllinson,guychilvers,1
JadhavSankalpa,AnilSinghvi_,1
Jah280618342,EvrybodynthrMom,1
Jah280618342,GailAlfarATX,1
Jah280618342,IheartTesla,1
Jah280618342,JenniCurrent,1
Jah280618342,Kristennetten,1
Jah280618342,Tesla,1
Jah280618342,TeslaOwnersEBay,1
Jah280618342,blueskykites,1
Jah280618342,daelmor,1
Jah280618342,elonmusk,1
Jah280618342,teslacn,1
JaimyFox,StansaidAirport,1
JaimyFox,ton_aarts,1
JaiteGiles,EvrybodynthrMom,1
JaiteGiles,GailAlfarATX,1
JaiteGiles,IheartTesla,1
JaiteGiles,JenniCurrent,1
JaiteGiles,Kristennetten,1
JaiteGiles,Tesla,1
JaiteGiles,TeslaOwnersEBay,1
JaiteGiles,blueskykites,1
JaiteGiles,daelmor,1
JaiteGiles,elonmusk,1
JaiteGiles,teslacn,1
JakekarlP,elonmusk,1
Jakub_Busko,SzczecinMoto,1
Jakub_Busko,Tesla,1
Jakub_Busko,Teslarati,1
Jakub_Busko,elonmusk,1
Jakub_Busko,wojcikofficial,1
James95895463,rschmied,1
JamesBr666,99brownKaryl,1
JamesBr666,PauljHorton,1
JamesBr666,R6Alex,1
JamesBr666,Tesla,1
JamesBr666,TeslaDiva99,1
JamesBr666,WhatsupFranks,1
JamesBr666,atk0506,1
JamesBr666,blueskykites,1
JamesBr666,dennis_p,1
JamesBr666,hope4494,1
JamesFibonacci,LucidMotors,1
JamesFibonacci,Tesla,1
JamesFibonacci,Tesla2Lucid,1
JamesFibonacci,elonmusk,1
JamesFibonacci,masegoslin,1
JamesRaxz,MichaelGemar,1
JamesRaxz,joshtpm,1
JamesRoyn,elonmusk,1
Jamesz888888,InsideEVs,1
JamieWh02343818,Artorias_98,1
JamieWh02343818,DerekLewis711,1
JamieWh02343818,PeterCa63154584,1
JamieWh02343818,RealstacefaceM,1
JamieWh02343818,elonmusk,1
JamieWh02343818,xAlden,1
JanetNe73624057,bevedoni,1
Jare37157459,JuhaBor,1
Jare37157459,StephenWealthy_,1
Jare37157459,bennyjohnson,1
JaredChamney,CrazyWeeMonkey,12
JaredChamney,Knightw0lf_,6
JaredChamney,SawyerMerritt,12
JaredChamney,TechPreacher,12
JaredChamney,Tesla,12
JaredChamney,j_vikingland,12
JaredThomas_P,Dom94656454,1
JaredThomas_P,Tesla,2
JaredThomas_P,cis5YnJE607xzs5,2
JarekLity,elonmusk,1
Jarmelification,Dirtyhorizon2,1
Jarmelification,SeanMColeman1,1
Jarmelification,gatewaypundit,1
Jarmelification,true4_red,1
JaseCoates,Minorex4Tesla,1
JaseCoates,SANJAYVITARA,1
JaseCoates,garyblack00,1
JaseCoates,jimfarley98,1
JasonHornbuckle,alasoyokimi,1
JasonHornbuckle,compound248,1
JasonPa111,EvrybodynthrMom,2
JasonPa111,GailAlfarATX,2
JasonPa111,IheartTesla,2
JasonPa111,JenniCurrent,2
JasonPa111,Kristennetten,2
JasonPa111,RaymanIsWoat,1
JasonPa111,Tesla,2
JasonPa111,TeslaOwnersEBay,2
JasonPa111,blueskykites,2
JasonPa111,daelmor,2
JasonPa111,elonmusk,2
JasonPa111,teslacn,2
JasonStrummer,itsKatieJLester,1
JasshanM,jimmyrunsmoney,1
JayChen02511962,blovereviews,1
JayKuykendall,BLKMDL3,1
JayKuykendall,Speenuh,1
JayKuykendall,Tesla,1
JayMMiah,Eve_Barlow,1
JayMMiah,MaxAbrahms,1
JayRama17,TeslaSg,1
JayRama17,garyblack00,1
JayReding,Robotbeat,1
JayRembert2,Investingcom,1
Jazziest175,EvrybodynthrMom,1
Jazziest175,GailAlfarATX,1
Jazziest175,IheartTesla,1
Jazziest175,JenniCurrent,1
Jazziest175,Kristennetten,1
Jazziest175,Tesla,1
Jazziest175,TeslaOwnersEBay,1
Jazziest175,blueskykites,1
Jazziest175,daelmor,1
Jazziest175,elonmusk,1
Jazziest175,teslacn,1
Jazzmaniac3,Hummelfee5,3
Jazzmaniac3,VenetianCora,3
Jazzmaniac3,kuc_9,3
Jbuddy617,EvrybodynthrMom,1
Jbuddy617,GailAlfarATX,1
Jbuddy617,IheartTesla,1
Jbuddy617,JenniCurrent,1
Jbuddy617,Kristennetten,1
Jbuddy617,Tesla,1
Jbuddy617,TeslaOwnersEBay,1
Jbuddy617,blueskykites,1
Jbuddy617,daelmor,1
Jbuddy617,elonmusk,1
Jbuddy617,teslacn,1
JcGarcia925,elonmusk,1
JeanneMadelein,EvrybodynthrMom,1
JeanneMadelein,GailAlfarATX,1
JeanneMadelein,IheartTesla,1
JeanneMadelein,JenniCurrent,1
JeanneMadelein,Kristennetten,1
JeanneMadelein,Tesla,1
JeanneMadelein,TeslaOwnersEBay,1
JeanneMadelein,blueskykites,1
JeanneMadelein,daelmor,1
JeanneMadelein,elonmusk,1
JeanneMadelein,teslacn,1
Jeff75241155,EvrybodynthrMom,1
Jeff75241155,GailAlfarATX,1
Jeff75241155,IheartTesla,1
Jeff75241155,JenniCurrent,1
Jeff75241155,Kristennetten,1
Jeff75241155,Tesla,1
Jeff75241155,TeslaOwnersEBay,1
Jeff75241155,blueskykites,1
Jeff75241155,daelmor,1
Jeff75241155,elonmusk,1
Jeff75241155,teslacn,1
Jeffreyshmeffry,DrPippaM,1
Jeffreyshmeffry,LukaDuvnjak,1
Jeffreyshmeffry,Sentinel_co,1
Jeffreyshmeffry,ShrekKeplr,1
Jeffreyshmeffry,akashnet_,1
Jella_princeza,arianastam,1
Jellyeater2,Imie__Nazwisko,1
Jellyeater2,SzczecinMoto,1
Jellyeater2,Tesla,2
Jellyeater2,Teslarati,2
Jellyeater2,elonmusk,2
Jellyeater2,wojcikofficial,2
JelonMusks,Tesla,1
JelonMusks,elonmusk,1
JelonMusks,pkentma,1
JenIsWaving,EvrybodynthrMom,1
JenIsWaving,GailAlfarATX,1
JenIsWaving,IheartTesla,1
JenIsWaving,JenniCurrent,1
JenIsWaving,Kristennetten,1
JenIsWaving,Tesla,1
JenIsWaving,TeslaOwnersEBay,1
JenIsWaving,blueskykites,1
JenIsWaving,daelmor,1
JenIsWaving,elonmusk,1
JenIsWaving,teslacn,1
JennBeautiful,ExtrordinaryNga,1
JeralKirwan,SquawkCNBC,1
JeralKirwan,elonmusk,1
JeratinK,thuhkang,1
Jeremy07555555,Tesla,1
Jeremy07555555,elonmusk,1
Jeremy07555555,tesla_adri,1
JessicaRehrig33,EvrybodynthrMom,1
JessicaRehrig33,GailAlfarATX,1
JessicaRehrig33,IheartTesla,1
JessicaRehrig33,JenniCurrent,1
JessicaRehrig33,Kristennetten,1
JessicaRehrig33,Tesla,1
JessicaRehrig33,TeslaOwnersEBay,1
JessicaRehrig33,blueskykites,1
JessicaRehrig33,daelmor,1
JessicaRehrig33,elonmusk,1
JessicaRehrig33,teslacn,1
Jessie11512434,Tesla,1
Jessie11512434,busbyjon,1
Jessie11512434,elonmusk,1
Jevaughn_Brown,RocMegamanX,1
JgoBluewave,elonmusk,2
Jim03878223,passthebeano,1
Jim19499911,squawksquare,2
JimDawg60,BLKMDL3,1
JimDawg60,Tesla,1
JimDawg60,elonmusk,1
Jimjumperman,RealWillyBot,1
Jimjumperman,arvalis,1
Jimjumperman,concodanomics,1
JimmyDisMe,TheAlexisKraft,1
JimmyDisMe,coldgamecrispy,1
JimmyDisMe,elonmusk,1
JimmyMaybay,joncoopertweets,1
JimmyTsang0327,elonmusk,1
Jimmydean20211,elonmusk,1
Jimmydean20211,unusual_whales,1
Jimmyzoupa,Teresaluet,1
Jimmyzoupa,seanhannity,1
Jitin42069,EvrybodynthrMom,1
Jitin42069,GailAlfarATX,1
Jitin42069,IheartTesla,1
Jitin42069,JenniCurrent,1
Jitin42069,Kristennetten,1
Jitin42069,Tesla,1
Jitin42069,TeslaOwnersEBay,1
Jitin42069,blueskykites,1
Jitin42069,daelmor,1
Jitin42069,elonmusk,1
Jitin42069,teslacn,1
Jkzeuschronos,elonmusk,1
JlMBO_JONES,Jpeluche4,1
JlMBO_JONES,LucidMotors,1
JlMBO_JONES,MotorTrend,1
JlMBO_JONES,NoerholtDK,1
JlMBO_JONES,Tesla,1
JlMBO_JONES,Tesla2Lucid,1
JlMBO_JONES,berserksun,1
JlMBO_JONES,elonmusk,1
JlMBO_JONES,jonahmhuff,1
JlMBO_JONES,masegoslin,1
Jlobean,elonmusk,1
Jmerz551,Falconwingsnj,1
Jmerz551,Tesla,1
Jo25182640,story_journal,1
JoaoMSBarbosa,DavidCo64134059,1
JoaoMarcolino84,EstherKokkelman,1
JoaoMarcolino84,Tesla,1
JochenH_14,DimaZeniuk,1
JochenH_14,Tesla,1
JochenH_14,_pacific_labs_,1
JochenH_14,elonmusk,1
JochenH_14,rako_sebastian,1
JoeTransue,Tesla,1
JoeTransue,jesseb4me,1
JoeTransue,teslafi,1
JoeTurco,RepThomasMassie,1
JoeTurco,bubbaswine,1
Joeisabadger,DimaZeniuk,1
Joeisabadger,SawyerMerritt,1
Joeisabadger,Tesla,1
Joeisabadger,elonmusk,1
Joetorch1,EvrybodynthrMom,1
Joetorch1,GailAlfarATX,1
Joetorch1,IheartTesla,1
Joetorch1,JenniCurrent,1
Joetorch1,Kristennetten,1
Joetorch1,Tesla,1
Joetorch1,TeslaOwnersEBay,1
Joetorch1,blueskykites,1
Joetorch1,daelmor,1
Joetorch1,elonmusk,1
Joetorch1,teslacn,1
JoeyPenniman,Tesla2Lucid,1
JoeyPenniman,elonmusk,1
JoeyPenniman,masegoslin,1
JoeyPenniman,teslaownersSV,1
JoeyPeralez,PPathole,1
JoeyPeralez,Tesla,1
JoeyPeralez,elonmusk,1
John42402,heydave7,1
JohnA_USMCvet,skeletired,1
JohnAnth61,tesla_jokes,1
JohnCam97360054,Ronniemarkets,1
JohnCon89879921,David_Tracey,1
JohnDHerzog,SawyerMerritt,2
JohnDHerzog,Tesla,2
JohnDHerzog,TeslaCharging,2
JohnDHerzog,math8222,1
JohnEG78,AustinTeslaClub,1
JohnEG78,CraigMMorgan,1
JohnEG78,ERCOT_ISO,1
JohnEG78,GailAlfarATX,1
JohnEG78,MichaelDanberry,1
JohnEG78,SanAntonioTesla,1
JohnEG78,Tesla,1
JohnEG78,TeslaSolar,1
JohnEG78,oncor,1
JohnEG78,roundrock,1
JohnForReals,JBarthalomue,1
JohnForReals,garyblack00,1
JohnMotard,EvrybodynthrMom,1
JohnMotard,GailAlfarATX,1
JohnMotard,IheartTesla,1
JohnMotard,JenniCurrent,1
JohnMotard,Kristennetten,1
JohnMotard,Tesla,1
JohnMotard,TeslaOwnersEBay,1
JohnMotard,blueskykites,1
JohnMotard,daelmor,1
JohnMotard,elonmusk,1
JohnMotard,teslacn,1
JohnPatman4,Jofishdesign,1
JohnPatman4,squawksquare,1
JohnRifle7,WholeMarsBlog,1
JohnRifle7,elonmusk,1
JohnTiter9,WholeMarsBlog,1
John_Hempton,DoNotLose,1
John_Hempton,StanphylCap,1
John_Taylor_312,LucidMotors,1
John_Taylor_312,Tesla,1
John_Taylor_312,Tesla2Lucid,1
John_Taylor_312,elonmusk,1
John_Taylor_312,kubebase,1
John_Taylor_312,masegoslin,1
John_wintersIV,NFT_EASTWOOD,1
John_wintersIV,Tesla,1
John_wintersIV,elonmusk,1
Johnhender240,business,1
JohnsonGeeta,elonmusk,1
Johnson_DavidW,EvrybodynthrMom,1
Johnson_DavidW,GailAlfarATX,1
Johnson_DavidW,IheartTesla,1
Johnson_DavidW,JenniCurrent,1
Johnson_DavidW,Kristennetten,1
Johnson_DavidW,Tesla,1
Johnson_DavidW,TeslaOwnersEBay,1
Johnson_DavidW,blueskykites,1
Johnson_DavidW,daelmor,1
Johnson_DavidW,elonmusk,1
Johnson_DavidW,teslacn,1
JohnstonFredJ,Dennis_Porter_,2
JohnstonFredJ,shortwallstreet,2
JoinTeamB,DatasciLearner,2
JoinTeamB,EvrybodynthrMom,3
JoinTeamB,GailAlfarATX,3
JoinTeamB,IheartTesla,3
JoinTeamB,JenniCurrent,3
JoinTeamB,Kristennetten,3
JoinTeamB,Tesla,3
JoinTeamB,TeslaOwnersEBay,3
JoinTeamB,blueskykites,3
JoinTeamB,daelmor,3
JoinTeamB,elonmusk,3
JoinTeamB,teslacn,3
Joker14770813,Seigi_IcorEos,1
JonesyWestches1,elonmusk,1
Jonty3,BB4ll,1
Jonty3,Tesla,1
Jonty3,TeslaOwnersUK,1
Jonty3,elonmusk,1
Jonty3,tesla_adri,1
JordanPeterj,HSouthwellFE,5
JorgeAmooooooor,DeMonReymon,1
JosMarq68403179,lfguerreiro,1
Joscocok,1stPrinciples4L,3
Joscocok,MmeAlexandraS,1
Joscocok,blovereviews,3
Joscocok,elonmusk,1
Joscocok,garyblack00,1
Joscocok,kurtatx,3
Joscocok,townerman1,1
Joscocok,wanda_hudson,1
JoseHai11,elonmusk,1
JosephWarrensf1,PPathole,1
JosephWarrensf1,Tesla,1
JosephWarrensf1,elonmusk,1
JoshWest247,FthePump1,1
JoshWest247,Holley_News,1
JoshWest247,Lucid,1
JoshWest247,LucidMotors,1
JoshWest247,Tesla,1
JoshWest247,Tesla2Lucid,1
JoshWest247,TeslaClubSoCal,1
JoshWest247,TwixDaPoodle,1
JoshWest247,masegoslin,1
JoyBarbourscot1,Falconwingsnj,1
JoyBarbourscot1,Tesla,1
Jpeluche4,Fastandannoyed,1
Jpeluche4,LucidMotors,1
Jpeluche4,Telsajesse,1
Jpeluche4,Tesla,1
Jpeluche4,Tesla2Lucid,1
Jpeluche4,elonmusk,1
Jpeluche4,masegoslin,1
Jrclange,SawyerMerritt,1
Jrclange,nomad_tesla,1
Jrgen31,DudenhofferAUTO,1
JuanMiguelAlfa4,TESLA_CREADOR,1
JuanP1087,Joe_Billy_Wart,1
JuanP1087,elonmusk,1
JuanP1087,engineers_feed,1
JuanRicardoDiaz,WholeMarsBlog,1
JuhoRanta,TuukkaMard,2
JuhoRanta,eye93009919,2
JuhoRanta,riikkamarip,2
Julesofthwood,ExoAcademian,1
JuliaGulia5280,DRayRaven,1
JuliaGulia5280,buzzman123,1
JuliaGulia5280,elonmusk,1
JuliaGulia5280,itsJeffTiedrich,1
JuliansCat2,EvrybodynthrMom,1
JuliansCat2,GailAlfarATX,1
JuliansCat2,IheartTesla,1
JuliansCat2,JenniCurrent,1
JuliansCat2,Kristennetten,1
JuliansCat2,Tesla,1
JuliansCat2,TeslaOwnersEBay,1
JuliansCat2,blueskykites,1
JuliansCat2,daelmor,1
JuliansCat2,elonmusk,1
JuliansCat2,teslacn,1
JulieAnnRacino,museumofscience,1
Julyperr81,PPathole,1
Julyperr81,Tesla,1
Julyperr81,elonmusk,1
JuniorCartxer,MrBeast,1
JuniorCartxer,elonmusk,1
JuraPijandura,Petrovi58613324,1
JustSmokey_147,nypost,1
JustinDazzler,GailAlfarATX,1
JustinDazzler,IheartTesla,1
JustinDazzler,JenniCurrent,1
JustinDazzler,Kristennetten,1
JustinDazzler,Tesla,1
JustinDazzler,TeslaOwnersEBay,1
JustinDazzler,blueskykites,1
JustinDazzler,daelmor,1
JustinDazzler,dogehodl2021,1
JustinDazzler,elonmusk,1
JustinDazzler,teslacn,1
JustinTemplerSr,1Objectivist,1
JustinTemplerSr,AlexEpstein,1
JustinTemplerSr,BatcaveSlimer,1
JustinTemplerSr,Caitlineli1,1
JustinTemplerSr,DVLDOGPatriot,1
JustinTemplerSr,Drewsinden,1
JustinTemplerSr,Ecotainment_YT,1
JustinTemplerSr,GeraldKutney,1
JustinTemplerSr,Island_Aum,1
JustinTemplerSr,MFer_Jones_,1
JustinTemplerSr,MarkRPellegrino,1
JustinTemplerSr,RobJonas856,1
JustinTemplerSr,SlagOffTwits,1
JustinTemplerSr,Stem2022V,1
JustinTemplerSr,TheDisproof,1
JustinTemplerSr,avidfilm,1
JustinTemplerSr,big_time_rusher,1
JustinTemplerSr,ellyf3r,1
JustinTemplerSr,flexibledragnet,1
JustinTemplerSr,githrazael,1
JustinTemplerSr,gvmiabreak,1
JustinTemplerSr,lucaberta,1
JustinTemplerSr,mcjewkes,1
JustinTemplerSr,primroseBob,1
JustinTemplerSr,robhon_,1
JustinTemplerSr,skepticscience,1
JustinTemplerSr,wlbeeton,1
Justin_Finn_Liu,elonmusk,1
Justin__1904,Karl_Lauterbach,1
Justin__NC,elonmusk,1
Justin__NC,glasfurd31,1
Jwarchol,EvrybodynthrMom,1
Jwarchol,GailAlfarATX,1
Jwarchol,IheartTesla,1
Jwarchol,JenniCurrent,1
Jwarchol,Kristennetten,1
Jwarchol,Tesla,1
Jwarchol,TeslaOwnersEBay,1
Jwarchol,blueskykites,1
Jwarchol,daelmor,1
Jwarchol,elonmusk,1
Jwarchol,teslacn,1
K0m0d0drag0n,EvrybodynthrMom,1
K0m0d0drag0n,GailAlfarATX,1
K0m0d0drag0n,IheartTesla,1
K0m0d0drag0n,JenniCurrent,1
K0m0d0drag0n,Kristennetten,1
K0m0d0drag0n,Tesla,1
K0m0d0drag0n,TeslaOwnersEBay,1
K0m0d0drag0n,blueskykites,1
K0m0d0drag0n,daelmor,1
K0m0d0drag0n,elonmusk,1
K0m0d0drag0n,teslacn,1
K1W1robin,Bombiggy1,1
K1W1robin,EGrind26,1
K1W1robin,Kat_230775,1
K1W1robin,TD_Tesla,1
K1W1robin,minsey3,1
K21_FX,TheAlexisKraft,1
K21_FX,coldgamecrispy,1
K21_FX,elonmusk,1
K3f1r1,piotr_makowiec,1
K3f1r1,pisorgpl,1
KBaileyjr,Falconwingsnj,1
KBaileyjr,Tesla,1
KDirubio,Tesla,1
KDirubio,ajtourville,1
KDirubio,elonmusk,1
KDirubio,omead,1
KDirubio,peterdog15,1
KGorobinska,BingBongLLC,1
KGorobinska,JCOviedo6,1
KM07070,elonmusk,1
KPD_TPOS,Tesla,1
KRLUV9,FreedomMustWin1,1
KRLUV9,JillayneMC,1
KRLUV9,stopagitpropnow,1
KSO676,Tesla,1
KSO676,TeslaClubAT,1
KSO676,elonmusk,1
KSO676,teslaownersSV,1
KSueReal1,MollyJongFast,1
KUEAcademy,elonmusk,1
K_P_W3,eliant_capital,1
KadhimAlhuri,GailAlfarATX,1
KadhimAlhuri,IheartTesla,1
KadhimAlhuri,JenniCurrent,1
KadhimAlhuri,Kristennetten,1
KadhimAlhuri,Tesla,1
KadhimAlhuri,TeslaOwnersEBay,1
KadhimAlhuri,blueskykites,1
KadhimAlhuri,daelmor,1
KadhimAlhuri,elonmusk,1
KadhimAlhuri,teslacn,1
KadhimAlhuri,teslaownersSV,1
KaizosCapital,BowTiedBull,1
KaizosCapital,Twitter,1
KaizosCapital,elonmusk,1
Kakkarotftw,RickMcIntosh16,1
Kakkarotftw,elonmusk,1
Kakkarotftw,greg16676935420,1
KaleyGoode,EvrybodynthrMom,1
KaleyGoode,GailAlfarATX,1
KaleyGoode,IheartTesla,1
KaleyGoode,JenniCurrent,1
KaleyGoode,Kristennetten,1
KaleyGoode,Tesla,1
KaleyGoode,TeslaOwnersEBay,1
KaleyGoode,blueskykites,1
KaleyGoode,daelmor,1
KaleyGoode,elonmusk,1
KaleyGoode,teslacn,1
KamHatesHumans,joncoopertweets,1
KameekMusic,elonmusk,1
KamichiSullenUS,Pmgraham86,1
KangFei10,LordPente,1
KangFei10,TicTocTick,1
KangFei10,squawksquare,1
Karen1Thomson,EvrybodynthrMom,2
Karen1Thomson,GailAlfarATX,2
Karen1Thomson,IheartTesla,2
Karen1Thomson,JenniCurrent,2
Karen1Thomson,Kristennetten,2
Karen1Thomson,Tesla,2
Karen1Thomson,TeslaOwnersEBay,2
Karen1Thomson,blueskykites,2
Karen1Thomson,daelmor,2
Karen1Thomson,elonmusk,2
Karen1Thomson,teslacn,2
Karen50082946,TxFreedomCaucus,1
KarimZiane,elonmusk,1
Karkalokefalos,DimaZeniuk,1
Karkalokefalos,Tesla,1
Karkalokefalos,elonmusk,1
Karkalokefalos,rako_sebastian,1
Karl____V,NichtTK,1
Karmandalorian,CrunchEV,1
Karmandalorian,PolestarCars,1
Karmandalorian,a___rho,1
Karmandalorian,iamgabesanchez,1
Karmandalorian,teslashillbot,1
Karthik48966191,WholeMarsBlog,1
Karthik48966191,elonmusk,1
Karthikponnada9,elonmusk,1
Karzn465,EvrybodynthrMom,1
Karzn465,GailAlfarATX,1
Karzn465,IheartTesla,1
Karzn465,JenniCurrent,1
Karzn465,Kristennetten,1
Karzn465,Tesla,1
Karzn465,TeslaOwnersEBay,1
Karzn465,blueskykites,1
Karzn465,daelmor,1
Karzn465,elonmusk,1
Karzn465,teslacn,1
Kaseki_Kussaku,AKA_AII,1
Kat_230775,Bombiggy1,3
Kat_230775,DesinNam1,3
Kat_230775,GosbeeVanessa,3
Kat_230775,TD_Tesla,3
KathiF33,elonmusk,1
KathleenComas,Falconwingsnj,1
KathleenComas,Tesla,1
KbWholesome,Less_HumbleTeej,1
Kcsunny2,Falconwingsnj,1
Kcsunny2,Tesla,1
Kcsunny2,dennis_murphy,1
Kdpointman,Ravoyd,1
Kdpointman,TataMotors,1
Kdpointman,anandmahindra,1
KeelKeel13,BurnerSowells,1
KeelKeel13,elonmusk,1
KeelKeel13,r__narne,1
KeithInKeyWest,Not_a_CFP_,1
KeithInKeyWest,elonmusk,1
KeithInKeyWest,garyblack00,1
KeithInKeyWest,heydave7,1
KemClawson,brandenflasch,1
KenKolke,EvrybodynthrMom,1
KenKolke,GailAlfarATX,1
KenKolke,IheartTesla,1
KenKolke,JenniCurrent,1
KenKolke,Kristennetten,1
KenKolke,Tesla,1
KenKolke,TeslaOwnersEBay,1
KenKolke,blueskykites,1
KenKolke,daelmor,1
KenKolke,elonmusk,1
KenKolke,teslacn,1
KennethJOath,CassandraHalli7,1
KennethJOath,Coldfell1,1
KennethJOath,RafaWartel,1
KennethJOath,deezhips,1
KennethJOath,elonmusk,1
KennethJOath,mn_google,1
KennethJOath,pantyboysama,1
Kenneth_TCG,Metaverse_Expo,1
Kenneth_TCG,SOS_Lounge,1
Kenneth_TCG,Sonofdoge_,1
Kenneth_TCG,Tesla,1
Kenneth_TCG,elonmusk,1
Kenneth_Thomsen,Kristian_Jensen,1
Kenneth_Thomsen,larsloekke,1
KenzXYZ,LucidMotors,1
KenzXYZ,Tesla,1
KenzXYZ,Tesla2Lucid,1
KenzXYZ,elonmusk,1
KenzXYZ,masegoslin,1
KerbalNut,515rippinum,1
KerbalNut,SawyerMerritt,1
KerbalNut,_Juve_Tesla,1
KettlerScience,elonmusk,2
KevinMelnuk,squawksquare,1
KevinOtten14,Tesla,1
KevinOtten14,elonmusk,1
KevinOtten14,tesla_adri,1
KhaledAlnhmy,elonmusk,1
Khazar__94,fixer_miss,1
Khortytsya_zp,2015_tesla,3
KiaEV6GTline,WholeMarsBlog,1
KiaEV6GTline,garyblack00,1
KiaEV6GTline,hikingskiing,1
Kikarasu,SaintHoax,1
Kikarasu,ZazOrange,1
KimCJorgensen,Baz14587134,1
KimCJorgensen,stekkerauto,2
KimKlausSellsAZ,99brownKaryl,1
KimKlausSellsAZ,PauljHorton,1
KimKlausSellsAZ,R6Alex,1
KimKlausSellsAZ,Tesla,1
KimKlausSellsAZ,TeslaDiva99,1
KimKlausSellsAZ,WhatsupFranks,1
KimKlausSellsAZ,atk0506,1
KimKlausSellsAZ,blueskykites,1
KimKlausSellsAZ,hope4494,1
KimYunChat,EvrybodynthrMom,1
KimYunChat,GailAlfarATX,1
KimYunChat,IheartTesla,1
KimYunChat,JenniCurrent,1
KimYunChat,Kristennetten,1
KimYunChat,Tesla,1
KimYunChat,TeslaOwnersEBay,1
KimYunChat,blueskykites,1
KimYunChat,daelmor,1
KimYunChat,elonmusk,1
KimYunChat,teslacn,1
Kimcheejuice3,elonmusk,1
KineMeuh,lacasadelphysio,1
KingLudvigXVI,DRayRaven,1
KingLudvigXVI,elonmusk,1
KingLudvigXVI,itsJeffTiedrich,1
KingLudvigXVI,zunzie,1
KingokGregory,BTW0205,1
KiwandeBalaji,LucidMotors,1
KiwandeBalaji,Tesla,1
KiwandeBalaji,Tesla2Lucid,1
KiwandeBalaji,elonmusk,1
KiwandeBalaji,masegoslin,1
KiwiTenPtak,AHaman1916,13
KiwiTenPtak,BartoszKowalcz,5
KiwiTenPtak,FitnessKlubNr1,11
KiwiTenPtak,Tesla,13
KiwiTenPtak,Teslarati,13
KiwiTenPtak,elonmusk,13
KiwiTenPtak,wojcikofficial,13
KjwTired,DrunkMohel,1
KjwTired,GenX_ftw,1
KjwTired,MattWallace888,1
KjwTired,NSFWPoliticsNow,1
KjwTired,bilbili20,1
KjwTired,elonmusk,1
KjwTired,fischer_price7,1
KjwTired,iamshawnjones,1
KjwTired,karhifer,1
Knightw0lf_,CYBRTRK420,1
Knightw0lf_,CrazyWeeMonkey,5
Knightw0lf_,DirtyTesLa,6
Knightw0lf_,DriveTeslaca,3
Knightw0lf_,JaredChamney,5
Knightw0lf_,Keats67581,1
Knightw0lf_,NotATeslaApp,3
Knightw0lf_,RejaSachin,2
Knightw0lf_,SawyerMerritt,7
Knightw0lf_,ScottPolhamus,1
Knightw0lf_,TechPreacher,5
Knightw0lf_,Tesla,11
Knightw0lf_,Tommyf902,3
Knightw0lf_,blovereviews,1
Knightw0lf_,bookofruth3,1
Knightw0lf_,elonmusk,4
Knightw0lf_,greentheonly,5
Knightw0lf_,iliketeslas,1
Knightw0lf_,itshornyjason,1
Knightw0lf_,j_vikingland,7
Knightw0lf_,kferrDC,1
Knightw0lf_,klwtts,3
Knightw0lf_,luizfl,3
Knightw0lf_,realbalajiraman,1
Knightw0lf_,rivyali,1
KoalaRockero,soypandoracr,1
Konducta4LFE,alfonslopeztena,1
Kondziork2,SzczecinMoto,1
Kondziork2,Tesla,1
Kondziork2,Teslarati,1
Kondziork2,elonmusk,1
Kondziork2,wojcikofficial,1
Konstan78591083,caitoz,1
KoppSalad,Parkarathon_,1
KoppSalad,TESLA_is_FUTURE,1
KoppSalad,TeslarkMAN,1
KorayOztumer,elonmusk,1
KorayOztumer,julie_wade,1
KosareIndia,elonmusk,1
KosareIndia,rose_k01,1
Kosesaray,EvrybodynthrMom,1
Kosesaray,GailAlfarATX,1
Kosesaray,IheartTesla,1
Kosesaray,JenniCurrent,1
Kosesaray,Kristennetten,1
Kosesaray,Tesla,1
Kosesaray,TeslaOwnersEBay,1
Kosesaray,blueskykites,1
Kosesaray,daelmor,1
Kosesaray,elonmusk,1
Kosesaray,teslacn,1
KrdHaene,DJMC01975,1
KrdHaene,ZTPetrizzo,1
KrdHaene,farine_cheryl,1
KrestTest,tesla_jokes,1
Krishell1985,AstroPcfliu,1
Krishell1985,WholeMarsBlog,1
Krishell1985,elonmusk,1
Kristyann39,EvrybodynthrMom,1
Kristyann39,GailAlfarATX,1
Kristyann39,IheartTesla,1
Kristyann39,JenniCurrent,1
Kristyann39,Kristennetten,1
Kristyann39,Tesla,1
Kristyann39,TeslaOwnersEBay,1
Kristyann39,blueskykites,1
Kristyann39,daelmor,1
Kristyann39,elonmusk,1
Kristyann39,teslacn,1
Kuba60511484,AHaman1916,1
Kuba60511484,FitnessKlubNr1,1
Kuba60511484,Tesla,1
Kuba60511484,Teslarati,1
Kuba60511484,elonmusk,1
Kuba60511484,wojcikofficial,1
KurzJohann,AnnaCsn0,1
KurzJohann,EJSchna1958,1
KurzJohann,Technik377,1
KwnF,BreitbartNews,1
KwnF,aintscarylarry,1
KyleSGibson,CathieDWood,1
KyleSGibson,John_Hempton,1
KyleSGibson,LongVollllll,1
KyleSGibson,sbarnettARK,1
KyoTesla_P,north_tesla,3
L0rdFrag,DirtyTesLa,1
L0rdFrag,Tesla,1
L2P_Lust,N_aatPS,1
L2P_Lust,clbth,1
L333LHC,Tesla,2
L333LHC,benjaminhopton,2
L333LHC,holgate177,2
LAComedyAwards,elonmusk,1
LB64915140,BillyM2k,1
LB64915140,elonmusk,1
LBLXX0,DelBoyTrotter13,1
LBLXX0,hodlara,1
LBLXX0,jaygould,1
LCR_Fin_Grp,EvrybodynthrMom,1
LCR_Fin_Grp,GailAlfarATX,1
LCR_Fin_Grp,IheartTesla,1
LCR_Fin_Grp,JenniCurrent,1
LCR_Fin_Grp,Kristennetten,1
LCR_Fin_Grp,Tesla,1
LCR_Fin_Grp,TeslaOwnersEBay,1
LCR_Fin_Grp,blueskykites,1
LCR_Fin_Grp,daelmor,1
LCR_Fin_Grp,elonmusk,1
LCR_Fin_Grp,teslacn,1
LIFE_MC02,EvrybodynthrMom,1
LIFE_MC02,GailAlfarATX,1
LIFE_MC02,IheartTesla,1
LIFE_MC02,JenniCurrent,1
LIFE_MC02,Kristennetten,1
LIFE_MC02,Tesla,1
LIFE_MC02,TeslaOwnersEBay,1
LIFE_MC02,blueskykites,1
LIFE_MC02,daelmor,1
LIFE_MC02,elonmusk,1
LIFE_MC02,teslacn,1
L_EVestbelle,Tesla,1
L_EVestbelle,dennis_p,1
LaCarajaula,TESLA_CREADOR,2
LaCat1Masker,MarcDutroux12,1
LaCat1Masker,savannah_ldgg,1
LaTrey42656396,DimaZeniuk,1
LaTrey42656396,Tesla,1
LaTrey42656396,elonmusk,1
LaVerdadDeTesla,Driver_1314,2
LaVerdadDeTesla,azulelectric_es,1
LaVerdadDeTesla,formulers,2
La_Minix,DRayRaven,1
La_Minix,buzzman123,1
La_Minix,elonmusk,1
La_Minix,itsJeffTiedrich,1
La_Nusky_,TESLA_CREADOR,1
LabelleMercure,IAmJohnAles,1
LabelleMercure,elonmusk,1
Labrat309,Tesla__Mania,2
Labrat309,Vox64YT,2
Labrat309,elonmusk,2
Lacheza24650137,EvrybodynthrMom,1
Lacheza24650137,GailAlfarATX,1
Lacheza24650137,IheartTesla,1
Lacheza24650137,JenniCurrent,1
Lacheza24650137,Kristennetten,1
Lacheza24650137,Tesla,1
Lacheza24650137,TeslaOwnersEBay,1
Lacheza24650137,blueskykites,1
Lacheza24650137,daelmor,1
Lacheza24650137,elonmusk,1
Lacheza24650137,teslacn,1
LaciMarieKnight,EvrybodynthrMom,1
LaciMarieKnight,GailAlfarATX,1
LaciMarieKnight,IheartTesla,1
LaciMarieKnight,JenniCurrent,1
LaciMarieKnight,Kristennetten,1
LaciMarieKnight,MrStevenSteele,1
LaciMarieKnight,Tesla,1
LaciMarieKnight,TeslaOwnersEBay,1
LaciMarieKnight,blueskykites,1
LaciMarieKnight,daelmor,1
LaciMarieKnight,elonmusk,2
LaciMarieKnight,teslacn,1
LadyNana_J,salegen,1
Ladydanka,Petar_1,1
Ladyvulgar2,TESLA_CREADOR,1
Ladyw_IronRing,TheRealKeean,1
Ladyw_IronRing,gayan_john,1
LaertiCrypto,truthpluslogic,1
LaimerH,profgalloway,1
Lamgineer,lucolinga,1
LanHoangTruong,DogecoinPostive,1
LanHoangTruong,EvrybodynthrMom,1
LanHoangTruong,GailAlfarATX,1
LanHoangTruong,IheartTesla,1
LanHoangTruong,JenniCurrent,1
LanHoangTruong,Kristennetten,1
LanHoangTruong,Tesla,1
LanHoangTruong,TeslaOwnersEBay,1
LanHoangTruong,blueskykites,1
LanHoangTruong,daelmor,1
LanHoangTruong,elonmusk,1
LanHoangTruong,teslacn,1
LanceSmith1100,RobertELBowman,1
LandSharkClark,TajoCrypto,1
LandSharkClark,elonmusk,1
Lanenom00,Matty3C,1
Lanenom00,RickMcIntosh16,1
Lanenom00,elonmusk,1
Lanenom00,greg16676935420,1
LanglitzNathan,unusual_whales,1
LantaPekin,gancille,1
LarryGenovese1,BarnettforAZ,1
LarryGenovese1,elonmusk,1
LaryPhillip,SawyerMerritt,1
LaurLethPer,PPathole,1
LaurLethPer,elonmusk,1
LawSpider,Kaleb4rest,1
LawSpider,Tesla,1
LawSpider,business,1
LawSpider,elonmusk,1
LaxSharma11,AngusMcKayII,1
LaxSharma11,WholeMarsBlog,1
LaxSharma11,t_ec,1
LayLaylyalay8,EvrybodynthrMom,1
LayLaylyalay8,GailAlfarATX,1
LayLaylyalay8,IheartTesla,1
LayLaylyalay8,JenniCurrent,1
LayLaylyalay8,Kristennetten,1
LayLaylyalay8,Tesla,1
LayLaylyalay8,TeslaOwnersEBay,1
LayLaylyalay8,blueskykites,1
LayLaylyalay8,daelmor,1
LayLaylyalay8,elonmusk,1
LayLaylyalay8,teslacn,1
LayneHeiny,Machovell1an,1
LayneHeiny,Most_Maximus,1
LayneHeiny,lussaIRL,1
LayneHeiny,tesla10trillion,1
Lazar4Attila,EvrybodynthrMom,1
Lazar4Attila,GailAlfarATX,1
Lazar4Attila,IheartTesla,1
Lazar4Attila,JenniCurrent,1
Lazar4Attila,Kristennetten,1
Lazar4Attila,Tesla,1
Lazar4Attila,TeslaOwnersEBay,1
Lazar4Attila,blueskykites,1
Lazar4Attila,daelmor,1
Lazar4Attila,elonmusk,1
Lazar4Attila,teslacn,1
LbnnAmt,OttMBJ,1
LeafsOfTea,FeloniousMusk,1
LeafsOfTea,engineers_feed,1
LeeH1955,SueMassa256,1
LeeHatherell,DontShootMeX1,1
LeeHatherell,elonmusk,1
LeeHatherell,xAlden,1
LeftySr,DirtyTxn,4
LeftySr,FSB_L,4
LeftySr,business,4
LegalAl02957926,adamdavidson,1
LennartZHH,C_Holler,2
LennartZHH,alex_avoigt,1
LennartZHH,dontgetmusked,1
LennartZHH,fluelimat,2
LennartZHH,olewin,1
LennartZHH,tobi_ohne_bo,1
Lenny27282048,ewarren,1
LentzFlorian,DiedrichLeander,2
LentzFlorian,HellmannTim,1
LeoOnAndroid,PPathole,1
LeoOnAndroid,Tesla,1
LeoOnAndroid,elonmusk,1
Leoila6,EvrybodynthrMom,1
Leoila6,GailAlfarATX,1
Leoila6,IheartTesla,1
Leoila6,JenniCurrent,1
Leoila6,Kristennetten,1
Leoila6,Tesla,1
Leoila6,TeslaOwnersEBay,1
Leoila6,blueskykites,1
Leoila6,daelmor,1
Leoila6,elonmusk,1
Leoila6,teslacn,1
Leothel70868842,elonmusk,1
Leothel70868842,scoutingbylogan,1
LetsGoLucid2022,BrightYawjoy,1
LetsGoLucid2022,LucidMotors,2
LetsGoLucid2022,Tesla,2
LetsGoLucid2022,Tesla2Lucid,2
LetsGoLucid2022,dan_karau,2
LetsGoLucid2022,elonmusk,2
LetsGoLucid2022,masegoslin,2
LetsGoLucid2022,thePike_1,2
Li1990xu,BYDGlobal,1
Li1990xu,DaveZ57863492,1
LibertarianSeth,GOP,1
LibertarianSeth,RoArquette,1
LibertyBibert11,lindyli,1
LifesatestAceit,DirtyTesLa,1
LifesatestAceit,Tesla,1
LikeFleasOnADog,elonmusk,1
LikeFleasOnADog,frankjnovak,1
LikeFleasOnADog,itsJeffTiedrich,1
LindaAma,MattWallace888,1
LindaAma,elonmusk,1
Lipawyd,enzoowyd,1
LisaMil55634277,greg16676935420,1
Lisahauge222,Jacket_Spangler,1
Lisahauge222,ScottAdamsSays,1
Lisahauge222,lastmanlanding,1
LiteratiNagy,EvrybodynthrMom,1
LiteratiNagy,GailAlfarATX,1
LiteratiNagy,IheartTesla,1
LiteratiNagy,JenniCurrent,1
LiteratiNagy,Kristennetten,1
LiteratiNagy,Tesla,1
LiteratiNagy,TeslaOwnersEBay,1
LiteratiNagy,blueskykites,1
LiteratiNagy,daelmor,1
LiteratiNagy,elonmusk,1
LiteratiNagy,teslacn,1
Live_Laugh_Cum_,btshobisprite,1
Live_Laugh_Cum_,youtube_bad,1
LizCratty,DirtyTesLa,1
LizCratty,Tesla,1
LizaUK3,AllThingsTSLA,1
LizaUK3,Tesla,1
LizaUK3,elonmusk,1
Ljb2Liam,Miss_U_Gram,1
LlewxllynUTD,slideawcy,1
Loki1001,cancelmyfunera1,1
Loki1001,opinonhaver,1
Loki1001,varbmos,1
LolliBunny1,EvrybodynthrMom,1
LolliBunny1,GailAlfarATX,1
LolliBunny1,IheartTesla,1
LolliBunny1,JenniCurrent,1
LolliBunny1,Kristennetten,1
LolliBunny1,Tesla,1
LolliBunny1,TeslaOwnersEBay,1
LolliBunny1,blueskykites,1
LolliBunny1,daelmor,1
LolliBunny1,elonmusk,1
LolliBunny1,teslacn,1
LondonCampbel20,Tesla,1
LondonCampbel20,lovemesomemusk,1
Londondewar,squawksquare,1
Lonewol81489192,BoskoObradovic,1
Lonewol81489192,ex_zorz,1
Longhorned,EvrybodynthrMom,1
Longhorned,GailAlfarATX,1
Longhorned,IheartTesla,1
Longhorned,JenniCurrent,1
Longhorned,Kristennetten,1
Longhorned,Tesla,1
Longhorned,TeslaOwnersEBay,1
Longhorned,blueskykites,1
Longhorned,daelmor,1
Longhorned,elonmusk,1
Longhorned,teslacn,1
Lookie89,squawksquare,1
LoopDoGG79,DRayRaven,1
LoopDoGG79,elonmusk,1
LoopDoGG79,itsJeffTiedrich,1
LoopDoGG79,pd771,1
LordComander762,kimba_sonja,1
LordComander762,tagesschau,1
LordNefty,RickMcIntosh16,1
LordNefty,elonmusk,1
LordNefty,greg16676935420,1
LordPente,alex_avoigt,1
LordPente,kurtatx,1
LordPente,oneiropagides,1
Lord_Chestnut,EvrybodynthrMom,1
Lord_Chestnut,GailAlfarATX,1
Lord_Chestnut,IheartTesla,1
Lord_Chestnut,JenniCurrent,1
Lord_Chestnut,Kristennetten,1
Lord_Chestnut,Tesla,1
Lord_Chestnut,TeslaOwnersEBay,1
Lord_Chestnut,blueskykites,1
Lord_Chestnut,daelmor,1
Lord_Chestnut,elonmusk,1
Lord_Chestnut,kian_darwell,1
Lord_Chestnut,teslacn,1
Lordeaux577,EvrybodynthrMom,1
Lordeaux577,GailAlfarATX,1
Lordeaux577,IheartTesla,1
Lordeaux577,JenniCurrent,1
Lordeaux577,Kristennetten,1
Lordeaux577,Tesla,1
Lordeaux577,TeslaOwnersEBay,1
Lordeaux577,blueskykites,1
Lordeaux577,daelmor,1
Lordeaux577,elonmusk,1
Lordeaux577,teslacn,1
LoriLightning,MollyJongFast,1
LoriLightning,elonmusk,1
LoriMeyers1000,EvrybodynthrMom,1
LoriMeyers1000,GailAlfarATX,1
LoriMeyers1000,IheartTesla,1
LoriMeyers1000,JenniCurrent,1
LoriMeyers1000,Kristennetten,1
LoriMeyers1000,Tesla,1
LoriMeyers1000,TeslaOwnersEBay,1
LoriMeyers1000,blueskykites,1
LoriMeyers1000,daelmor,1
LoriMeyers1000,elonmusk,1
LoriMeyers1000,teslacn,1
LoriMoreno,AlucaALUCA,1
LoriMoreno,AudreyDesisto,1
LoriMoreno,CCHarrison67,1
LoriMoreno,Cheryl_L_Hyde,1
LoriMoreno,Dianafowles,1
LoriMoreno,Janice_Garner,1
LoriMoreno,KnowSmallParts,1
LoriMoreno,LoveThatYacht,1
LoriMoreno,MicheleLanfrank,1
LoriMoreno,MsJuliaParker,1
LoriMoreno,Saun_Fischer,1
LoriMoreno,TathamSmith,1
LoriMoreno,Tesla,1
LoriMoreno,YoYostarbaby77,1
LoriMoreno,rockyohio,1
LoriMoreno,sarahjeanfry,1
LosForajidas,EvrybodynthrMom,1
LosForajidas,GailAlfarATX,1
LosForajidas,IheartTesla,1
LosForajidas,JenniCurrent,1
LosForajidas,Kristennetten,1
LosForajidas,Tesla,1
LosForajidas,TeslaOwnersEBay,1
LosForajidas,blueskykites,1
LosForajidas,daelmor,1
LosForajidas,elonmusk,1
LosForajidas,teslacn,1
LostInArtMagic,BackToTheDoge,1
LostInArtMagic,Tesla,1
LoudmouthAB,elonmusk,1
LoudmouthAB,frankjnovak,1
LoudmouthAB,itsJeffTiedrich,1
Louis_at_acam,nexta_tv,2
Louis_at_acam,truth_tesla,2
LovingWildlyfe,BomsteinRick,1
LovingWildlyfe,fibercut,1
LovingWildlyfe,mosicr,1
LowJunHong3,squawksquare,1
Lowrysleftcheak,CutlipJason,1
Lowrysleftcheak,FLastrade,1
Lowrysleftcheak,ForwardFaith,2
Lowrysleftcheak,FriarTuck60,2
Lowrysleftcheak,RobertELBowman,3
Lowrysleftcheak,evansmp1,1
Lrawsignal,DirtyTesLa,1
Lrawsignal,SantoroSystems,2
Lrawsignal,Tesla,1
Lrawsignal,elonmusk,1
LtdGnu,TheBestAkaliEvr,1
LtdGnu,elonmusk,1
Lu_perez184,EvrybodynthrMom,1
Lu_perez184,GailAlfarATX,1
Lu_perez184,IheartTesla,1
Lu_perez184,JenniCurrent,1
Lu_perez184,Kristennetten,1
Lu_perez184,Tesla,1
Lu_perez184,TeslaOwnersEBay,1
Lu_perez184,blueskykites,1
Lu_perez184,daelmor,1
Lu_perez184,elonmusk,1
Lu_perez184,teslacn,1
LubhitJaiswal6,elonmusk,1
LucasLanzellot3,Astronomiaum,1
LucasrbSouza,juleafrustrada,1
Lucid2Moon,DRayRaven,1
Lucid2Moon,elonmusk,1
Lucid2Moon,itsJeffTiedrich,1
Luckyman_1108,2015_tesla,1
Luckyman_1108,Khortytsya_zp,1
Lucsxbox2015,EvrybodynthrMom,1
Lucsxbox2015,GailAlfarATX,1
Lucsxbox2015,IheartTesla,1
Lucsxbox2015,JenniCurrent,1
Lucsxbox2015,Kristennetten,1
Lucsxbox2015,Tesla,1
Lucsxbox2015,TeslaOwnersEBay,1
Lucsxbox2015,blueskykites,1
Lucsxbox2015,daelmor,1
Lucsxbox2015,elonmusk,1
Lucsxbox2015,teslacn,1
LucyMintt,JungtaeP,1
LucyMintt,Tesla,1
LucyMintt,Tesly_USA,1
LucyMintt,YouTube,2
LucyMintt,heavent0208,1
LucyMintt,iankim_TESLA,2
Lucytsaitsai1,1stMarsColonist,1
Lucytsaitsai1,DimaZeniuk,1
Lucytsaitsai1,GailAlfarATX,1
Lucytsaitsai1,Nikola_Truth,1
Lucytsaitsai1,PPathole,1
Lucytsaitsai1,SirineAti,1
Lucytsaitsai1,Tesla,1
Lucytsaitsai1,WholeMarsBlog,1
Lucytsaitsai1,alex_avoigt,1
Lucytsaitsai1,daelmor,1
Lucytsaitsai1,elonmusk,1
LudaLisl,CaptainVoni,2
LudaLisl,Humpidumpi2,1
LudaLisl,TeslaOwls,1
LudaLisl,TeslaStars,2
LudaLisl,Twitter,2
LudaLisl,justmyname1234,2
LudditeDesign,EvrybodynthrMom,1
LudditeDesign,GailAlfarATX,1
LudditeDesign,IheartTesla,1
LudditeDesign,JenniCurrent,1
LudditeDesign,Kristennetten,1
LudditeDesign,Tesla,1
LudditeDesign,TeslaOwnersEBay,1
LudditeDesign,blueskykites,1
LudditeDesign,daelmor,1
LudditeDesign,elonmusk,1
LudditeDesign,teslacn,1
LuigiBucciero2,99brownKaryl,1
LuigiBucciero2,PauljHorton,1
LuigiBucciero2,R6Alex,1
LuigiBucciero2,Tesla,1
LuigiBucciero2,TeslaDiva99,1
LuigiBucciero2,WhatsupFranks,1
LuigiBucciero2,atk0506,1
LuigiBucciero2,blueskykites,1
LuigiBucciero2,hope4494,1
LuizVerteiro,4llude,1
LuizVerteiro,anyxdengo,1
LuizVerteiro,eddieheroic,1
LuizVerteiro,ericolima3,1
LuizVerteiro,fugaziwoozie,1
LuizVerteiro,melonbanzai,1
LukaMilojevi1,BoskoObradovic,1
LukaMilojevi1,MilunovicMiran,1
Luminaria98,Falconwingsnj,1
Luminaria98,Tesla,1
Lurch,SawyerMerritt,1
Lurch,TeslaAlien,1
Lurch,elonmusk,1
Lurch,energyvest,1
Lurch,garyblack00,1
Lurker67888383,Leothel70868842,1
Lurker67888383,elonmusk,1
Lurker67888383,scoutingbylogan,1
Luuk57070860,elonmusk,1
Luzia_con_z,TESLA_CREADOR,1
LydiaKapten,EvrybodynthrMom,1
LydiaKapten,GailAlfarATX,1
LydiaKapten,IheartTesla,1
LydiaKapten,JenniCurrent,1
LydiaKapten,Kristennetten,1
LydiaKapten,Tesla,1
LydiaKapten,TeslaOwnersEBay,1
LydiaKapten,blueskykites,1
LydiaKapten,daelmor,1
LydiaKapten,elonmusk,1
LydiaKapten,teslacn,1
LynnE08249713,elonmusk,1
LynnE08249713,ifgeorgecan,1
LzPods,JhinSpace,1
M44_1RJ,EvrybodynthrMom,1
M44_1RJ,GailAlfarATX,1
M44_1RJ,IheartTesla,1
M44_1RJ,JenniCurrent,1
M44_1RJ,Kristennetten,1
M44_1RJ,Tesla,1
M44_1RJ,TeslaOwnersEBay,1
M44_1RJ,blueskykites,1
M44_1RJ,daelmor,1
M44_1RJ,elonmusk,1
M44_1RJ,teslacn,1
M82Real,EvEvangelist,1
M82Real,Tesla,1
M82Real,TeslaBest,1
M82Real,TeslaPodcast,1
M82Real,WholeMarsBlog,1
M82Real,elonmusk,1
M82Real,garyblack00,1
M82Real,heydave7,1
M82Real,stevenmarkryan,1
M99_TV,younesbelfellah,1
MATHlILDA,convomf,1
MATHlILDA,kosrx,1
MATT11318407,MatthwETH,1
MBD_27,elonmusk,1
MBD_27,frankjnovak,1
MBD_27,itsJeffTiedrich,1
MBD_27,mydear319,1
MBullrock,Azbrian0317,1
MBullrock,TrentHardwood,1
MBullrock,bloomer01,1
MBullrock,davidmweissman,1
MBullrock,elonmusk,1
MBullrock,marcusMarcboss6,1
MCMLXVI_2,Rosa_Torrens2,1
MCabalG,CarlosDG_Tesla,1
MCabalG,jangel_13,1
MCabalG,rrocasalamero,1
MFM1R,EvrybodynthrMom,1
MFM1R,GailAlfarATX,1
MFM1R,IheartTesla,1
MFM1R,JenniCurrent,1
MFM1R,Kristennetten,1
MFM1R,Tesla,1
MFM1R,TeslaOwnersEBay,1
MFM1R,blueskykites,1
MFM1R,daelmor,1
MFM1R,elonmusk,1
MFM1R,teslacn,1
MFrunker,DBurkland,1
MFrunker,SilosEstate,1
MFrunker,Tesla,1
MFrunker,TooOld4_This,1
MFrunker,elonmusk,1
MFrunker,tesla_widow,1
MGFord,StevenTylerAZ,1
MGOBlue2282,Most_Maximus,1
MGozdzikowski,MichaKnapik4,1
MGozdzikowski,Pawe75035274,1
MGozdzikowski,Tesla,1
MGozdzikowski,Teslarati,1
MGozdzikowski,elonmusk,1
MGozdzikowski,wojcikofficial,1
MJ88576770,MattWallace888,1
MJ88576770,SpaceX,1
MJForbes,mdianesmitten,1
MJH_triathlon,Tesla,1
MJH_triathlon,TeslaOwnersUK,1
MLakernation,elonmusk,1
MM_l_007,squawksquare,2
MPat1634,adamdavidson,1
MT12362379,elonmusk,1
MVPMVP2006,EvrybodynthrMom,1
MVPMVP2006,GailAlfarATX,1
MVPMVP2006,IheartTesla,1
MVPMVP2006,JenniCurrent,1
MVPMVP2006,Kristennetten,1
MVPMVP2006,Tesla,1
MVPMVP2006,TeslaOwnersEBay,1
MVPMVP2006,blueskykites,1
MVPMVP2006,daelmor,1
MVPMVP2006,elonmusk,1
MVPMVP2006,teslacn,1
MXMacroTheory,LovingWildlyfe,1
MZerfing21,TeslasWords,1
Ma3dhr0s,MagnusCarlsen,1
Ma3dhr0s,PlayMagnus,1
Ma3dhr0s,elonmusk,1
Ma3dhr0s,xzxxzzxxxzzz,1
MaasdamNoel,NL_Wetenschap,1
MaasdamNoel,kolkmvd,1
Machovell1an,Jrclange,1
Machovell1an,Most_Maximus,1
Machovell1an,lussaIRL,1
MadTr8r,elonmusk,1
MadTr8r,itsonlymoney12,1
MadTr8r,nope_its_lily,1
MadTr8r,southbaytrading,1
MadTr8r,thomasgerlach,1
Maddux2Hell,GAZILLl0N_EAR,1
Maddy56406762,EvrybodynthrMom,1
Maddy56406762,GailAlfarATX,1
Maddy56406762,IheartTesla,1
Maddy56406762,JenniCurrent,1
Maddy56406762,Kristennetten,1
Maddy56406762,Tesla,1
Maddy56406762,TeslaOwnersEBay,1
Maddy56406762,blueskykites,1
Maddy56406762,daelmor,1
Maddy56406762,elonmusk,1
Maddy56406762,teslacn,1
Madwoma26369498,Most_Maximus,1
MaeLynnBallot,elonmusk,1
Maggie050118666,EvrybodynthrMom,1
Maggie050118666,GailAlfarATX,1
Maggie050118666,IheartTesla,1
Maggie050118666,JenniCurrent,1
Maggie050118666,Kristennetten,1
Maggie050118666,Tesla,1
Maggie050118666,TeslaOwnersEBay,1
Maggie050118666,blueskykites,1
Maggie050118666,daelmor,1
Maggie050118666,elonmusk,1
Maggie050118666,teslacn,1
MagnusRex407,Awesome_1000,1
MagnusRex407,engineers_feed,1
MagnusRex407,vetradesys,1
Mahindr89638708,PPathole,1
Mahindr89638708,Tesla,1
Mahindr89638708,elonmusk,1
MahmoudKefi,Tesla,1
Maj_Crouch,Kurts_Tesla,1
Maj_Crouch,Tesla,1
Maj_Crouch,elonmusk,1
MakeItRight45,elonmusk,1
MakeSoilWild,EvrybodynthrMom,2
MakeSoilWild,GailAlfarATX,2
MakeSoilWild,IheartTesla,2
MakeSoilWild,JenniCurrent,2
MakeSoilWild,Kristennetten,2
MakeSoilWild,Tesla,2
MakeSoilWild,TeslaOwnersEBay,2
MakeSoilWild,blueskykites,2
MakeSoilWild,daelmor,2
MakeSoilWild,elonmusk,2
MakeSoilWild,teslacn,2
Makroint,elonmusk,1
MalingeringG,AnteKova7,1
Maliya_9,Falconwingsnj,1
Maliya_9,Tesla,1
MamieSelman,KyivIndependent,1
MamieSelman,Samoskal,1
Man2Smoove,Mseelah1,1
ManCitty9320,EvrybodynthrMom,1
ManCitty9320,GailAlfarATX,1
ManCitty9320,IheartTesla,1
ManCitty9320,JenniCurrent,1
ManCitty9320,Kristennetten,1
ManCitty9320,Tesla,1
ManCitty9320,TeslaOwnersEBay,1
ManCitty9320,blueskykites,1
ManCitty9320,daelmor,1
ManCitty9320,elonmusk,1
ManCitty9320,teslacn,1
ManLiett,EvrybodynthrMom,1
ManLiett,GailAlfarATX,1
ManLiett,IheartTesla,1
ManLiett,JenniCurrent,1
ManLiett,Kristennetten,1
ManLiett,Tesla,1
ManLiett,TeslaOwnersEBay,1
ManLiett,blueskykites,1
ManLiett,daelmor,1
ManLiett,elonmusk,1
ManLiett,teslacn,1
ManOnTheStonks,John18170616,1
ManOnTheStonks,elonmusk,1
ManOnTheStonks,shortbegone,1
ManOnTheStonks,unusual_whales,1
Manarceu5,RanguGamer,1
Mandarsinh,conspiracyb0t,1
ManiishankarJha,Tesla,1
ManiishankarJha,TeslaOwnersUK,1
Manny_Street,EuromaidanPress,1
ManoolsAreCool,stelarosa555555,1
MarcBerns1,BM_Visser,1
MarcoMay83,EvrybodynthrMom,1
MarcoMay83,GailAlfarATX,1
MarcoMay83,IheartTesla,1
MarcoMay83,JenniCurrent,1
MarcoMay83,Kristennetten,1
MarcoMay83,Tesla,1
MarcoMay83,TeslaOwnersEBay,1
MarcoMay83,blueskykites,1
MarcoMay83,daelmor,1
MarcoMay83,elonmusk,1
MarcoMay83,teslacn,1
MarcusFidelius,EvrybodynthrMom,1
MarcusFidelius,GailAlfarATX,1
MarcusFidelius,IheartTesla,1
MarcusFidelius,JenniCurrent,1
MarcusFidelius,Kristennetten,1
MarcusFidelius,Tesla,1
MarcusFidelius,TeslaOwnersEBay,1
MarcusFidelius,blueskykites,1
MarcusFidelius,daelmor,1
MarcusFidelius,elonmusk,1
MarcusFidelius,teslacn,1
Marek19110,alex_avoigt,1
Marek19110,pawlakp,1
Marek19110,rzedowska,1
MarekC05173703,FoldynaJaroslav,1
MarekPolonecJr,Luckyabundance7,1
MarekPolonecJr,dumbanddumberlc,1
MarekPolonecJr,elonmusk,1
Margotrp001,3YearLetterman,1
Margotrp001,AbbeyRoad610,1
Margotrp001,elonmusk,1
Mariaa11147,EvrybodynthrMom,1
Mariaa11147,GailAlfarATX,1
Mariaa11147,IheartTesla,1
Mariaa11147,JenniCurrent,1
Mariaa11147,Kristennetten,1
Mariaa11147,Tesla,1
Mariaa11147,TeslaOwnersEBay,1
Mariaa11147,blueskykites,1
Mariaa11147,daelmor,1
Mariaa11147,elonmusk,1
Mariaa11147,teslacn,1
Marie47730448,Most_Maximus,1
MarieCharon4,elonmusk,1
MarieCharon4,itsJeffTiedrich,1
MarieOfFatima,NotOk54,1
MarieOfFatima,conspiracyb0t,1
MarinaBeltran7,TESLA_CREADOR,2
MarinaRassin,TruthRaider1,1
Mariss_joy,CBUScub,1
Mariss_joy,GuySmith365,1
Mariss_joy,ValidGarry,1
Mariss_joy,yitgordon,1
MariusZam,EvrybodynthrMom,1
MariusZam,GailAlfarATX,1
MariusZam,IheartTesla,1
MariusZam,JenniCurrent,1
MariusZam,Kristennetten,1
MariusZam,Tesla,1
MariusZam,TeslaOwnersEBay,1
MariusZam,blueskykites,1
MariusZam,daelmor,1
MariusZam,elonmusk,1
MariusZam,teslacn,1
Mark13599620,Tesla,1
Mark13599620,TickerSymbolYOU,1
Mark13599620,Twitter,1
Mark13599620,elonmusk,1
MarkEvans1967,fairchargeuk,1
Mark_Allen_P56,Tesla,1
Mark_Allen_P56,lovemesomemusk,1
Mark_Young05,DunkenKBliths,1
Mark_Young05,elonmusk,1
Market199S,SawyerMerritt,1
MarketAdaptaion,TESLA_is_FUTURE,1
MarketSwingPlay,EvrybodynthrMom,2
MarketSwingPlay,GailAlfarATX,2
MarketSwingPlay,IheartTesla,2
MarketSwingPlay,JenniCurrent,2
MarketSwingPlay,Kristennetten,2
MarketSwingPlay,Tesla,2
MarketSwingPlay,TeslaOwnersEBay,2
MarketSwingPlay,blueskykites,2
MarketSwingPlay,corbinwilliams,1
MarketSwingPlay,daelmor,2
MarketSwingPlay,elonmusk,2
MarketSwingPlay,teslacn,2
Marko_Baller,Dottie07730239,1
Marko_Baller,LucidMotors,1
Marko_Baller,Tesla,1
Marko_Baller,Tesla2Lucid,1
Marko_Baller,elonmusk,1
Marko_Baller,masegoslin,1
Marko_Baller,withabeverage,1
Markus_SunPower,SawyerMerritt,2
Markus_SunPower,Tesla,1
Markus_SunPower,TeslaCharging,1
Markus_SunPower,bradsferguson,1
Markus_SunPower,heyitsyashu,1
Marqrk1,MitchyP_9,1
Marqrk1,T2theBauer,1
Marqrk1,elonmusk,1
Marqrk1,r__narne,1
Marst84,FinanceSmitty,1
Martiania1,EvrybodynthrMom,1
Martiania1,GailAlfarATX,1
Martiania1,IheartTesla,1
Martiania1,JenniCurrent,1
Martiania1,Kristennetten,1
Martiania1,Tesla,1
Martiania1,TeslaOwnersEBay,1
Martiania1,blueskykites,1
Martiania1,daelmor,1
Martiania1,elonmusk,1
Martiania1,teslacn,1
Martin02369,CerfiaFR,1
Martin02369,NoWahallaa,1
Martin02369,jsuis_con,1
MartinB49200842,MotorFuelGroup,1
MartinB49200842,au_tom_otive,1
MartinGueven,zerrin_nergis,1
Martin_Maffard,AnowSukaru,1
Martin_Maffard,Falconwingsnj,3
Martin_Maffard,Tesla,3
Martukikinew,TESLA_CREADOR,1
Mary88Rz,Mollyploofkins,1
MaryNhett,Tesla,1
MaryNhett,thyAshes,1
Masr7P,Mflex_joe,1
Masr7P,SockeyeSalm0n,1
Masr7P,TituTweets_,1
Masr7P,elonmusk,1
MatouEcureuil,gaminfr59,3
MatouEcureuil,pearl_tesla,3
MatouEcureuil,teslanatik,3
MattDBramley,elonmusk,1
MattInCincy513,Dadilicious2,1
MattInCincy513,WordsDawn,1
MattInCincy513,elonmusk,1
MattNowak1,barnapkins,1
MattSX45,3YearLetterman,1
MattSX45,elonmusk,1
MattSX45,laylalokiodin,1
MattWallace888,EvrybodynthrMom,1
MattWallace888,GailAlfarATX,1
MattWallace888,IheartTesla,1
MattWallace888,JenniCurrent,1
MattWallace888,Kristennetten,1
MattWallace888,Tesla,1
MattWallace888,TeslaOwnersEBay,1
MattWallace888,blueskykites,1
MattWallace888,daelmor,1
MattWallace888,elonmusk,1
MattWallace888,teslacn,1
Matthew13131863,carwowuk,1
Matthew_H1979,3YearLetterman,2
Matthew_H1979,Angelglobesky1,2
Matthew_H1979,elonmusk,2
MattyC8787,elonmusk,1
MaulidinKhairul,CNNIndonesia,1
Mavica1980,TESLA_CREADOR,1
MaxLuchs1,EvrybodynthrMom,1
MaxLuchs1,GailAlfarATX,1
MaxLuchs1,IheartTesla,1
MaxLuchs1,JenniCurrent,1
MaxLuchs1,Kristennetten,1
MaxLuchs1,Tesla,1
MaxLuchs1,TeslaOwnersEBay,1
MaxLuchs1,blueskykites,1
MaxLuchs1,daelmor,1
MaxLuchs1,elonmusk,1
MaxLuchs1,teslacn,1
MaxMoronovich,MissJilianne,1
MaxMoronovich,soph_rainbow1,1
MayRevolt,BlueOtter75,1
MayRevolt,MollyJongFast,1
MayRevolt,elonmusk,1
MbsrlM,EvrybodynthrMom,1
MbsrlM,GailAlfarATX,1
MbsrlM,IheartTesla,1
MbsrlM,JenniCurrent,1
MbsrlM,Kristennetten,1
MbsrlM,Tesla,1
MbsrlM,TeslaOwnersEBay,1
MbsrlM,blueskykites,1
MbsrlM,daelmor,1
MbsrlM,elonmusk,1
MbsrlM,teslacn,1
McGhostrider,Hummelfee5,1
McGhostrider,Jazzmaniac3,1
McGhostrider,kuc_9,1
McgloopHoop,D0ubleTapper,1
McgloopHoop,KnowNothingTV,1
McgloopHoop,elonmusk,1
MeAndWhoElse,WatcherGuru,1
MeAndWhoElse,elonmusk,1
MeUinNeverland,aion_tesla,1
MechTuyot,Monsieur_Mehdi,1
MechTuyot,afpfr,1
MechTuyot,martonim6p,1
MedicineManWalk,AJProfessional6,1
MedicineManWalk,EvaFoxU,1
MedicineManWalk,EvrybodynthrMom,1
MedicineManWalk,GailAlfarATX,1
MedicineManWalk,IheartTesla,1
MedicineManWalk,JenniCurrent,1
MedicineManWalk,Kristennetten,1
MedicineManWalk,PPathole,1
MedicineManWalk,SECGov,1
MedicineManWalk,Tesla,3
MedicineManWalk,TeslaOwnersEBay,1
MedicineManWalk,Teslaconomics,2
MedicineManWalk,blueskykites,1
MedicineManWalk,daelmor,1
MedicineManWalk,elonmusk,2
MedicineManWalk,lovemesomemusk,1
MedicineManWalk,occupymars42069,1
MedicineManWalk,teslacn,1
MedicineManWalk,teslaownersSV,2
MedicineManWalk,thyAshes,1
Medo_NFP,TESLA_is_FUTURE,1
MeenaArjune,EvrybodynthrMom,1
MeenaArjune,GailAlfarATX,1
MeenaArjune,IheartTesla,1
MeenaArjune,JenniCurrent,1
MeenaArjune,Kristennetten,1
MeenaArjune,Tesla,1
MeenaArjune,TeslaOwnersEBay,1
MeenaArjune,blueskykites,1
MeenaArjune,daelmor,1
MeenaArjune,elonmusk,1
MeenaArjune,teslacn,1
MehNitesh2,MrBeast,1
MehNitesh2,elonmusk,1
MeinPain,eurodolar1980x,1
MeinPain,madyaglizencisi,1
MeinertOlaf,DimaZeniuk,1
MeinertOlaf,Tesla,1
MeinertOlaf,elonmusk,1
MelHavisham,ThrashpandaAD,1
Melahi_Ngaro,RandomKiwi_,1
Melahi_Ngaro,blovereviews,1
MelissaWegman2,elonmusk,1
MelodySongs17,RickMcIntosh16,1
MelodySongs17,elonmusk,1
MelodySongs17,greg16676935420,1
Melody_Maker,babydogeburn_,1
Melody_Maker,elonmusk,1
MercilessTrader,squawksquare,1
MerkleBranch,KennethDredd,1
Merutacompass,iheko_Tesla,2
MesabiBoy,jimcramer,1
MetaMirror_,EvrybodynthrMom,1
MetaMirror_,GailAlfarATX,1
MetaMirror_,IheartTesla,1
MetaMirror_,JenniCurrent,1
MetaMirror_,Kristennetten,1
MetaMirror_,Tesla,1
MetaMirror_,TeslaOwnersEBay,1
MetaMirror_,blueskykites,1
MetaMirror_,daelmor,1
MetaMirror_,elonmusk,1
MetaMirror_,teslacn,1
MexicanoBien,EsquireEs,1
Mezerati72,Tesla,1
Mezerati72,TeslaOwnersUK,1
MiCvetanovic,BoraKonj,1
MicAinMar,EstherKokkelman,1
MicAinMar,Tesla,1
MichaKnapik4,Pawe75035274,2
MichaKnapik4,Tesla,2
MichaKnapik4,Teslarati,2
MichaKnapik4,elonmusk,2
MichaKnapik4,wojcikofficial,2
Michael26457210,WR4NYGov,1
Michael65714379,EvrybodynthrMom,1
Michael65714379,GailAlfarATX,1
Michael65714379,IheartTesla,1
Michael65714379,JenniCurrent,1
Michael65714379,Kristennetten,1
Michael65714379,Tesla,1
Michael65714379,TeslaOwnersEBay,1
Michael65714379,blueskykites,1
Michael65714379,daelmor,1
Michael65714379,elonmusk,1
Michael65714379,teslacn,1
Michael65714379,wowsuchcurrency,1
Michael690690,DarkPrometheus1,1
Michael690690,EllenIllinois,1
Michael690690,JDCocchiarella,3
Michael690690,Jovrix,1
Michael690690,gentleminions1,3
MichaelGandee5,elonmusk,1
MichaelGooley2,EvrybodynthrMom,1
MichaelGooley2,GailAlfarATX,1
MichaelGooley2,IheartTesla,1
MichaelGooley2,JenniCurrent,1
MichaelGooley2,Kristennetten,1
MichaelGooley2,Tesla,1
MichaelGooley2,TeslaOwnersEBay,1
MichaelGooley2,blueskykites,1
MichaelGooley2,daelmor,1
MichaelGooley2,elonmusk,1
MichaelGooley2,teslacn,1
MichaelHaege,JoshSeefried,1
MichaelHaege,elonmusk,1
MichaelMythoug1,DemLiiberials,1
MichaelMythoug1,FoxNews,1
Michel0First,Ashiga13,1
Michel0First,CYBRTRK420,3
Michel0First,DirtyTesLa,6
Michel0First,EVNow,1
Michel0First,P8Riot_,1
Michel0First,Tesla,6
Michel0First,costakonti1,1
Michel0First,craigsfire,1
Michel0First,elonmusk,6
MichelleCossey2,elonmusk,1
MichellePowel49,Tesla,1
MichellePowel49,lovemesomemusk,1
Michu_1971,Tesla,1
Michu_1971,Teslarati,1
Michu_1971,elonmusk,1
Michu_1971,wojcikofficial,1
MickTaylor43,EvrybodynthrMom,1
MickTaylor43,GailAlfarATX,1
MickTaylor43,IheartTesla,1
MickTaylor43,JenniCurrent,1
MickTaylor43,Kristennetten,1
MickTaylor43,Tesla,1
MickTaylor43,TeslaOwnersEBay,1
MickTaylor43,blueskykites,1
MickTaylor43,daelmor,1
MickTaylor43,elonmusk,1
MickTaylor43,teslacn,1
MidThighShorts,BagholderQuotes,1
MidThighShorts,campbellbrianh1,1
Mido51608860,elonmusk,1
MietTesla,SawyerMerritt,1
MietTesla,Tesla,1
MietTesla,TeslaCharging,1
MietTesla,olovelo1,1
MigNaughton,danprimack,1
MiguelDorante5,pedroluisflores,1
MiguelHoyosSaxo,Andresalmeidar,1
MiguelHoyosSaxo,compaiRENE,1
MiguelHoyosSaxo,pato_torres5,1
Mik4eto1,elonmusk,1
Mikael_13_94,FacundoLotfe,1
Mikael_13_94,rocandia10,1
MikeBrownWhoDey,ChivasEagle,1
MikeBrownWhoDey,Max82581778,1
MikeBrownWhoDey,Trill_shitman,1
MikeBrownWhoDey,connaiconqueso,1
MikeBrownWhoDey,elonmusk,1
MikeBrownWhoDey,iamraisini,1
MikeDWinter,HullTeslaModel3,2
MikeDWinter,Tesla,2
MikeDWinter,TeslaOwnersUK,1
MikeDWinter,elonmusk,1
MikeDWinter,graeme_cobb,1
MikeTheRed918,EvrybodynthrMom,1
MikeTheRed918,GailAlfarATX,1
MikeTheRed918,IheartTesla,1
MikeTheRed918,JenniCurrent,1
MikeTheRed918,Kristennetten,1
MikeTheRed918,Tesla,1
MikeTheRed918,TeslaOwnersEBay,1
MikeTheRed918,blueskykites,1
MikeTheRed918,daelmor,1
MikeTheRed918,elonmusk,1
MikeTheRed918,teslacn,1
Mike_Potaczala,elonmusk,1
Mike_Potaczala,itsJeffTiedrich,1
Mirekw2022,elonmusk,1
MissAutobahn1,elonmusk,1
MissAutobahn1,tesla_adri,1
MissJilianne,ScottPolhamus,1
MissTie2020,Juergen_Kaiser,1
MisterEUs2,EvrybodynthrMom,1
MisterEUs2,GailAlfarATX,1
MisterEUs2,IheartTesla,1
MisterEUs2,JenniCurrent,1
MisterEUs2,Kristennetten,1
MisterEUs2,Tesla,1
MisterEUs2,TeslaOwnersEBay,1
MisterEUs2,blueskykites,1
MisterEUs2,daelmor,1
MisterEUs2,elonmusk,1
MisterEUs2,teslacn,1
MisterJ88800135,kellyohgee,1
MistyAutumnJ,elonmusk,1
MistyAutumnJ,greg16676935420,1
MlouVw,elonmusk,1
Mnhotrodbuilder,JBApckfan,1
Mnhotrodbuilder,SawyerMerritt,1
Mnhotrodbuilder,Tesla,1
Mnhotrodbuilder,TeslaModelX,1
Mnhotrodbuilder,elonmusk,1
Mo11575741,3Stocksaday,1
Mo45766118,garyblack00,2
MoRijva32270260,Falconwingsnj,1
MoRijva32270260,Tesla,1
Moataz_ElShark,elonmusk,1
MobiousC,garyblack00,1
MocaTesla,TeeTee_tesla,5
MocaTesla,atsushi_model3,1
MocaTesla,north_tesla,4
Mochaforty5,doehlerd85,1
Model3LongRange,ryota_tesla,1
Model3_R,GOTHAM_Tesla,3
Model3_R,_w4mY,3
ModelSPlaid69,Ali_TeslaMY,1
ModelSPlaid69,Tesla,1
ModelSPlaid69,cb_doge,1
ModelSPlaid69,dezmondOliver,1
ModelSPlaid69,elonmusk,1
ModelSPlaid69,erinmsingh,1
MoeTheMartian,Horizon95089898,2
MoeTheMartian,Jpeluche4,2
MoeTheMartian,Tesla2Lucid,2
MoeTheMartian,elonmusk,2
MoeTheMartian,masegoslin,2
MoeTheMartian,teslaownersSV,2
MohamedAbdulwa,RealNTesla,1
MohamedAbdulwa,engineers_feed,1
Mohammad_Kunkar,EvrybodynthrMom,1
Mohammad_Kunkar,GailAlfarATX,1
Mohammad_Kunkar,IheartTesla,1
Mohammad_Kunkar,JenniCurrent,1
Mohammad_Kunkar,Kristennetten,1
Mohammad_Kunkar,Tesla,1
Mohammad_Kunkar,TeslaOwnersEBay,1
Mohammad_Kunkar,blueskykites,1
Mohammad_Kunkar,daelmor,1
Mohammad_Kunkar,elonmusk,1
Mohammad_Kunkar,teslacn,1
MohitKhyalia,EvrybodynthrMom,1
MohitKhyalia,GailAlfarATX,1
MohitKhyalia,IheartTesla,1
MohitKhyalia,JenniCurrent,1
MohitKhyalia,Kristennetten,1
MohitKhyalia,RealMaxtern,1
MohitKhyalia,Tesla,1
MohitKhyalia,TeslaOwnersEBay,1
MohitKhyalia,blueskykites,1
MohitKhyalia,daelmor,1
MohitKhyalia,elonmusk,1
MohitKhyalia,teslacn,1
MoistBread42069,elonmusk,1
MolliIreland,BryanLam82,1
MolliIreland,Falconwingsnj,1
MolliIreland,Tesla,1
Mom36554279,DIVERSELMP,1
Mom36554279,DRayRaven,1
Mom36554279,elonmusk,1
Mom36554279,itsJeffTiedrich,1
Monlopo,Paracelsus1092,1
Montusharda,elonmusk,1
Moreau12Moreau,UniversTesla,1
Moregodthangod1,EvrybodynthrMom,1
Moregodthangod1,GailAlfarATX,1
Moregodthangod1,IheartTesla,1
Moregodthangod1,JenniCurrent,1
Moregodthangod1,Kristennetten,1
Moregodthangod1,Tesla,1
Moregodthangod1,TeslaOwnersEBay,1
Moregodthangod1,blueskykites,1
Moregodthangod1,daelmor,1
Moregodthangod1,elonmusk,1
Moregodthangod1,teslacn,1
Moses40987588,BaseIncomeQuote,1
Moses40987588,joerogan,1
MosheyevAvi,elonmusk,2
MotherCabriniNY,SSidespin,1
MotherCabriniNY,StanphylCap,1
MotherCabriniNY,slapdash__,1
Motochen,Traktion100,1
Motochen,grumpy_copilot,1
MountainBark,Nors3,1
MountainBark,TheValintyne,1
MountainBark,ultrawide219,1
MoxyMamaBear,profgalloway,1
MrBesnier,TontonRheddy,1
MrBox42429448,EvrybodynthrMom,1
MrBox42429448,GailAlfarATX,1
MrBox42429448,IheartTesla,1
MrBox42429448,JenniCurrent,1
MrBox42429448,Kristennetten,1
MrBox42429448,Tesla,1
MrBox42429448,TeslaOwnersEBay,1
MrBox42429448,blueskykites,1
MrBox42429448,daelmor,1
MrBox42429448,elonmusk,1
MrBox42429448,teslacn,1
MrBrainvestor,CristinaIBalan,1
MrBrainvestor,Richard_Schiff,1
MrBrainvestor,RoArquette,1
MrBrainvestor,Tesla,1
MrBrainvestor,elonmusk,1
MrCSocStuRoom,Tesla,1
MrCSocStuRoom,lovemesomemusk,1
MrDaS13,GCRClassic,2
MrDaS13,OlivierHabi,1
MrDaS13,art_xbt,1
MrHTariq,bbcdoctorwho,1
MrJames__321,BenedictPanda,1
MrJames__321,LucidMotors,2
MrJames__321,Tesla,3
MrJames__321,Tesla2Lucid,2
MrJames__321,TroyTeslike,1
MrJames__321,d_kinimo,1
MrJames__321,elonmusk,3
MrJames__321,masegoslin,2
MrJames__321,ranig,1
MrJames__321,tesla_adri,1
MrJames__321,teslamag,1
MrJames__321,withabeverage,2
MrMadis,esers,1
MrMadis,reinistraidas,1
MrMikeStanton,ElecHighway,1
MrMikeStanton,SimsBSims,1
MrPetovan,cepcam,1
MrSir1514,FrankFaust18,1
MrSir1514,LucidMotors,2
MrSir1514,NHRA,1
MrSir1514,ParkerSalestrom,1
MrSir1514,RaceSonoma,1
MrSir1514,Tesla,2
MrSir1514,Tesla2Lucid,2
MrSir1514,elonmusk,2
MrSir1514,jetsandlucid,1
MrSir1514,masegoslin,2
MrSnoopa,cswarketatora,1
MrTimeAttack,stekkerauto,1
Mr_Stocrates,elonmusk,1
MsAndry2,elonmusk,1
MsJuliaParker,AlucaALUCA,4
MsJuliaParker,AudreyDesisto,4
MsJuliaParker,CCHarrison67,4
MsJuliaParker,Cheryl_L_Hyde,4
MsJuliaParker,Dianafowles,4
MsJuliaParker,Janice_Garner,4
MsJuliaParker,KnowSmallParts,4
MsJuliaParker,LoriMoreno,4
MsJuliaParker,LoveThatYacht,4
MsJuliaParker,MicheleLanfrank,4
MsJuliaParker,Saun_Fischer,4
MsJuliaParker,TathamSmith,4
MsJuliaParker,Tesla,4
MsJuliaParker,YoYostarbaby77,4
MsJuliaParker,rockyohio,4
MsJuliaParker,sarahjeanfry,4
MsMfrunker,28delayslater,1
MsMfrunker,DirtyTesLa,1
MsMfrunker,DutchieHuigens,1
MsMfrunker,ICannot_Enough,1
MsMfrunker,MFrunker,1
MsMfrunker,TheUnderDoge3,1
MsMfrunker,ValueAnalyst1,1
MsMfrunker,daelmor,1
MsProLifeUSA,EvrybodynthrMom,1
MsProLifeUSA,GailAlfarATX,1
MsProLifeUSA,IheartTesla,1
MsProLifeUSA,JenniCurrent,1
MsProLifeUSA,Kristennetten,1
MsProLifeUSA,Tesla,1
MsProLifeUSA,TeslaOwnersEBay,1
MsProLifeUSA,blueskykites,1
MsProLifeUSA,daelmor,1
MsProLifeUSA,elonmusk,1
MsProLifeUSA,teslacn,1
MshellButtercup,SarahBCalif,1
MshellButtercup,ZTPetrizzo,1
MshellButtercup,gtiseth,1
MshellButtercup,hankhillwbeard,1
Msrahmed2,EvrybodynthrMom,1
Msrahmed2,GailAlfarATX,1
Msrahmed2,IheartTesla,1
Msrahmed2,JenniCurrent,1
Msrahmed2,Kristennetten,1
Msrahmed2,Tesla,1
Msrahmed2,TeslaOwnersEBay,1
Msrahmed2,blueskykites,1
Msrahmed2,daelmor,1
Msrahmed2,elonmusk,1
Msrahmed2,teslacn,1
Muas__,PPathole,1
Muas__,Tesla,1
Muas__,elonmusk,1
Muffshop,elonmusk,1
Mukeshkp51,pushpendrakum,1
Mukeshkp51,surjeet60144127,1
Muncheds2,0x748a,1
MunchenGene,Labonitamascota,1
Murphy2712,DimaZeniuk,1
Murphy2712,Tesla,1
Murphy2712,elonmusk,1
Murphy2712,mohamed96644337,1
MuskRatLove420,business,1
Muskan0560,MatthwETH,1
Mwanyalo_01,EvrybodynthrMom,1
Mwanyalo_01,GailAlfarATX,1
Mwanyalo_01,IheartTesla,1
Mwanyalo_01,JenniCurrent,1
Mwanyalo_01,Kristennetten,1
Mwanyalo_01,Tesla,1
Mwanyalo_01,TeslaOwnersEBay,1
Mwanyalo_01,blueskykites,1
Mwanyalo_01,daelmor,1
Mwanyalo_01,elonmusk,1
Mwanyalo_01,teslacn,1
MyMiziziFamily,elonmusk,1
MykidssuperS,EvrybodynthrMom,2
MykidssuperS,GailAlfarATX,2
MykidssuperS,IheartTesla,2
MykidssuperS,JenniCurrent,2
MykidssuperS,Kristennetten,2
MykidssuperS,Tesla,2
MykidssuperS,TeslaOwnersEBay,2
MykidssuperS,blueskykites,2
MykidssuperS,daelmor,2
MykidssuperS,elonmusk,2
MykidssuperS,teslacn,2
NB6569,LucidMotors,1
NB6569,Tesla,1
NB6569,Tesla2Lucid,1
NB6569,elonmusk,1
NB6569,masegoslin,1
NCSLovi,DirtyTesLa,1
NCSLovi,SawyerMerritt,1
NCSLovi,Tesla,1
NCSLovi,j_vikingland,1
NFT_EASTWOOD,John_wintersIV,1
NFT_EASTWOOD,Tesla,1
NFT_EASTWOOD,elonmusk,1
NFTmikedaJew,EvrybodynthrMom,1
NFTmikedaJew,GailAlfarATX,1
NFTmikedaJew,IheartTesla,1
NFTmikedaJew,JenniCurrent,1
NFTmikedaJew,Kristennetten,1
NFTmikedaJew,Tesla,1
NFTmikedaJew,TeslaOwnersEBay,1
NFTmikedaJew,blueskykites,1
NFTmikedaJew,daelmor,1
NFTmikedaJew,elonmusk,1
NFTmikedaJew,teslacn,1
NITECH30,caronazo,1
NUSTUFER,StanphylCap,1
NYC_IS_BACK,bennyjohnson,1
N_Schmid,WholeMarsBlog,1
N_Schmid,garyblack00,1
N_Schmid,hikingskiing,1
N_Schmid,ian_e_richards,1
Nagana_Fela,ughramik,1
Najibben12,meryy_tesla,1
NamastePena,EvrybodynthrMom,1
NamastePena,GailAlfarATX,1
NamastePena,IheartTesla,1
NamastePena,JenniCurrent,1
NamastePena,Kristennetten,1
NamastePena,Tesla,1
NamastePena,TeslaOwnersEBay,1
NamastePena,blueskykites,1
NamastePena,daelmor,1
NamastePena,elonmusk,1
NamastePena,teslacn,1
Namekytal,CarlosDG_Tesla,2
Namekytal,TeslaParaTodos,2
Namekytal,TeslaRedThunder,2
NamesOfLondon,elonmusk,1
NamesOfLondon,garyblack00,1
NamesOfLondon,tesla_jokes,1
NancySara_78,TheAlexisKraft,1
NancySara_78,ThomasMoneyhon,1
NancySara_78,TrentHardwood,1
NancySara_78,coldgamecrispy,1
NancySara_78,elonmusk,1
Nangim__,Santi_nya,1
NarcisistaAnon,RanguGamer,1
Narendr_24,EvrybodynthrMom,1
Narendr_24,GailAlfarATX,1
Narendr_24,IheartTesla,1
Narendr_24,JenniCurrent,1
Narendr_24,Kristennetten,1
Narendr_24,Tesla,1
Narendr_24,TeslaOwnersEBay,1
Narendr_24,blueskykites,1
Narendr_24,daelmor,1
Narendr_24,elonmusk,1
Narendr_24,teslacn,1
Naru12431,EvrybodynthrMom,1
Naru12431,GailAlfarATX,1
Naru12431,IheartTesla,1
Naru12431,JenniCurrent,1
Naru12431,Kristennetten,1
Naru12431,Tesla,1
Naru12431,TeslaOwnersEBay,1
Naru12431,blueskykites,1
Naru12431,daelmor,1
Naru12431,elonmusk,1
Naru12431,teslacn,1
NatLovesFun,EvrybodynthrMom,1
NatLovesFun,GailAlfarATX,1
NatLovesFun,IheartTesla,1
NatLovesFun,JenniCurrent,1
NatLovesFun,Kristennetten,1
NatLovesFun,Tesla,1
NatLovesFun,TeslaOwnersEBay,1
NatLovesFun,blueskykites,1
NatLovesFun,daelmor,1
NatLovesFun,elonmusk,1
NatLovesFun,teslacn,1
Nata_SpaceU,EvaFoxU,1
Nate_1D,elonmusk,1
NathanJames_FL,DirtyTesLa,1
NathanJames_FL,Tesla,1
NathanJames_FL,elonmusk,1
National_Native,ErtanOzyigit,1
National_Native,MehmetTanselY,1
National_Native,metafizikuantum,1
Nebsi2,squawksquare,1
Nebulavexion,EvrybodynthrMom,1
Nebulavexion,GailAlfarATX,1
Nebulavexion,IheartTesla,1
Nebulavexion,JenniCurrent,1
Nebulavexion,Kristennetten,1
Nebulavexion,Tesla,1
Nebulavexion,TeslaOwnersEBay,1
Nebulavexion,blueskykites,1
Nebulavexion,daelmor,1
Nebulavexion,elonmusk,1
Nebulavexion,teslacn,1
Neilsimmo81,ElecHighway,1
Neilsimmo81,MrMikeStanton,1
NenadBo68672194,razvratna,1
NenadMatic19,NeilJacobs,1
NeninRallys,Driver_1314,1
NeninRallys,formulers,1
Nessi45665,watch_union,1
Nevash_Edelo,matt_levine,1
Nevash_Edelo,nope_its_lily,1
Newhalfmeiko,Kasa_Tesla,2
NguyenQuynh2269,EvrybodynthrMom,1
NguyenQuynh2269,GailAlfarATX,1
NguyenQuynh2269,IheartTesla,1
NguyenQuynh2269,JenniCurrent,1
NguyenQuynh2269,Kristennetten,1
NguyenQuynh2269,Tesla,1
NguyenQuynh2269,TeslaOwnersEBay,1
NguyenQuynh2269,blueskykites,1
NguyenQuynh2269,daelmor,1
NguyenQuynh2269,elonmusk,1
NguyenQuynh2269,teslacn,1
NicJongeling,DBurkland,1
NicJongeling,Tesla,1
NicJongeling,elonmusk,1
NicholasMalley,SugaSeanMMA,1
NicholasMalley,Tesla,1
NicholasMalley,__PTAH,1
NicholasMalley,billyyyyy__,1
NicholasMalley,elonmusk,1
NickCaige,DimaZeniuk,1
NickCaige,Tesla,1
NickCaige,elonmusk,1
NickCeausescu,CTVNews,1
NickCeausescu,Tesla,1
NickCeausescu,Twitter,1
NickCeausescu,elonmusk,1
NickCeausescu,macgyver_p,1
Nickybagholder,falafeldiaper1,1
NiddrieRichard,Falconwingsnj,1
NiddrieRichard,Frazier22Rick,1
NiddrieRichard,Tesla,1
Nigel_Mang,KeletsoMss,1
NiggaToDieFor,KeletsoMss,1
NikSamotracia,TESLA_CREADOR,1
Nikkilouderman,Tesla,1
Nikkilouderman,elonmusk,1
Nikkilouderman,tesla_adri,1
Niko_punktum,Diego_figueroav,2
Niko_punktum,claudiseo,1
NikolaSeVratio,SrdjanPrekovic3,1
NikolicMilos9,Cudomir78,1
NikolicMilos9,Faustia66412150,1
NikolicMilos9,MilunovicMiran,1
NikolicMilos9,man_norwegian,2
Nino_Furioso,JTenpennyy,1
NisaHott,EvrybodynthrMom,1
NisaHott,GailAlfarATX,1
NisaHott,IheartTesla,1
NisaHott,JenniCurrent,1
NisaHott,Kristennetten,1
NisaHott,Tesla,1
NisaHott,TeslaOwnersEBay,1
NisaHott,blueskykites,1
NisaHott,daelmor,1
NisaHott,elonmusk,1
NisaHott,teslacn,1
Nisha38636831,EvrybodynthrMom,1
Nisha38636831,GailAlfarATX,1
Nisha38636831,IheartTesla,1
Nisha38636831,JenniCurrent,1
Nisha38636831,Kristennetten,1
Nisha38636831,Tesla,1
Nisha38636831,TeslaOwnersEBay,1
Nisha38636831,blueskykites,1
Nisha38636831,daelmor,1
Nisha38636831,elonmusk,1
Nisha38636831,teslacn,1
NixNosey,elonmusk,1
NkingStive,Tesla,1
NkingStive,lovemesomemusk,1
No1Bagaly,johnredwood,1
NoBullet,SosaUTD,1
NoBullet,elonmusk,1
NobodyQueens,0liviajulianna,1
NobodyQueens,EvrybodynthrMom,1
NobodyQueens,GailAlfarATX,1
NobodyQueens,IheartTesla,1
NobodyQueens,JenniCurrent,1
NobodyQueens,Kristennetten,1
NobodyQueens,Tesla,1
NobodyQueens,TeslaOwnersEBay,1
NobodyQueens,blueskykites,1
NobodyQueens,daelmor,1
NobodyQueens,elonmusk,1
NobodyQueens,teslacn,1
Nobodysignific3,EvrybodynthrMom,1
Nobodysignific3,GailAlfarATX,1
Nobodysignific3,IheartTesla,1
Nobodysignific3,JenniCurrent,1
Nobodysignific3,Kristennetten,1
Nobodysignific3,Tesla,1
Nobodysignific3,TeslaOwnersEBay,1
Nobodysignific3,blueskykites,1
Nobodysignific3,daelmor,1
Nobodysignific3,elonmusk,1
Nobodysignific3,teslacn,1
Noel_zeek,SoulesAlejandro,1
Noel_zeek,elonmusk,1
Noel_zeek,labyrinthweaver,1
NoerholtDK,Falconwingsnj,1
NoerholtDK,JlMBO_JONES,1
NoerholtDK,JohnDHerzog,1
NoerholtDK,Jpeluche4,3
NoerholtDK,LucidMotors,3
NoerholtDK,MotorTrend,3
NoerholtDK,RandomKiwi_,1
NoerholtDK,SawyerMerritt,1
NoerholtDK,Tesla,5
NoerholtDK,Tesla2Lucid,3
NoerholtDK,TeslaCharging,1
NoerholtDK,berserksun,3
NoerholtDK,davidtayar5,1
NoerholtDK,elonmusk,3
NoerholtDK,jonahmhuff,2
NoerholtDK,masegoslin,3
NoerholtDK,squawksquare,1
Noisiiv,PhileasF0gg,1
Noisiiv,PhysInHistory,1
Noortje1986,SawyerMerritt,1
Noortje1986,nomad_tesla,1
Noovella,elonmusk,1
NorthGAPine,Tesla,1
NorthGAPine,cis5YnJE607xzs5,1
NotBenShapiro3,Tesla,1
NotBenShapiro3,thyAshes,1
NotSoHappyChef,PPathole,1
NotSoHappyChef,Tesla,1
NotSoHappyChef,elonmusk,1
Notillkings,EvrybodynthrMom,1
Notillkings,GailAlfarATX,1
Notillkings,IheartTesla,1
Notillkings,JenniCurrent,1
Notillkings,Kristennetten,1
Notillkings,Tesla,1
Notillkings,TeslaOwnersEBay,1
Notillkings,blueskykites,1
Notillkings,daelmor,1
Notillkings,elonmusk,1
Notillkings,teslacn,1
NottAbott1,LucidMotors,1
NottAbott1,ROTANGll,1
NottAbott1,Tesla,1
NottAbott1,Tesla2Lucid,1
NottAbott1,elonmusk,1
NottAbott1,masegoslin,1
Notyour07773364,elonmusk,1
Novichok92,carwowuk,1
NowLavender7,archie4445,1
Nsubuga85070921,PPathole,1
Nsubuga85070921,Tesla,1
Nsubuga85070921,elonmusk,1
NubeBlanca122,EvrybodynthrMom,1
NubeBlanca122,GailAlfarATX,1
NubeBlanca122,IheartTesla,1
NubeBlanca122,JenniCurrent,1
NubeBlanca122,Kristennetten,1
NubeBlanca122,Tesla,1
NubeBlanca122,TeslaOwnersEBay,1
NubeBlanca122,blueskykites,1
NubeBlanca122,daelmor,1
NubeBlanca122,elonmusk,1
NubeBlanca122,teslacn,1
Nulle54345475,johnsen_yt,1
ORIGINALSCARYL1,DimaZeniuk,1
ORIGINALSCARYL1,Tesla,1
ORIGINALSCARYL1,elonmusk,1
OZopa,SawyerMerritt,1
OceanWordPress,PPathole,1
OceanWordPress,Tesla,1
OceanWordPress,elonmusk,1
OckesTurk,JD88791146,1
OckesTurk,TheAlexisKraft,1
OckesTurk,coldgamecrispy,1
OckesTurk,elonmusk,1
OfficialABQ,BB4ll,1
OfficialABQ,EvrybodynthrMom,1
OfficialABQ,GailAlfarATX,1
OfficialABQ,IheartTesla,1
OfficialABQ,JenniCurrent,1
OfficialABQ,Kristennetten,1
OfficialABQ,Tesla,2
OfficialABQ,TeslaOwnersEBay,1
OfficialABQ,blueskykites,1
OfficialABQ,daelmor,1
OfficialABQ,elonmusk,2
OfficialABQ,hallomakke,1
OfficialABQ,tesla_adri,1
OfficialABQ,teslacn,1
OgPriy,elonmusk,1
Ogenan__,ddofinternet,1
Ojasism,elonmusk,1
OldMateEngineer,SawyerMerritt,1
OldMateEngineer,Tesla,1
OldMateEngineer,TeslaCharging,1
OldMateEngineer,bradsferguson,1
Old_Bene,MirekTopolanek,1
Old_Bene,michalpur,1
Old_Bene,vtipil_tom,1
Oldbeatjiri,PetrNov95968147,1
OleGelo5,doctecazoid,1
OlliAll,CostaMascher,1
OlliAll,Juergen_Kaiser,1
OltonMilton,greg16676935420,1
OmegaBLADE97,AndreasSteno,1
Ominsey,PaulShiel,1
Ominsey,alex_avoigt,3
Ominsey,cirys1,2
Ominsey,teslashillbot,1
OmniCurious,momotagg,1
OmniCurious,stevelevine,1
On_a_branch,Falconwingsnj,1
On_a_branch,Tesla,2
On_a_branch,lovemesomemusk,1
OneAboutSue,cathsbruv,1
Only1temmy,greg16676935420,1
OntArrache,DIVIZIO1,1
OntArrache,Forestierement,1
OntArrache,SebatienRemy,1
OntArrache,bienpesa,1
Openskies13,CNBC,1
Openskies13,unsettledSky,1
OrckingJ,HeavyMetal_999,1
OrderVwo,elonmusk,1
OrderVwo,iamraisini,1
OrogoVirginia,PPathole,1
OrogoVirginia,Tesla,1
OrogoVirginia,elonmusk,1
OscarMayorgaDS,elonmusk,1
OtherSide61,garyblack00,1
OverHTMoooooon,EvrybodynthrMom,1
OverHTMoooooon,GailAlfarATX,1
OverHTMoooooon,IheartTesla,1
OverHTMoooooon,JenniCurrent,1
OverHTMoooooon,Kristennetten,1
OverHTMoooooon,Tesla,1
OverHTMoooooon,TeslaOwnersEBay,1
OverHTMoooooon,blueskykites,1
OverHTMoooooon,daelmor,1
OverHTMoooooon,elonmusk,1
OverHTMoooooon,teslacn,1
OwnersWest,Tesla,1
OwnersWest,TeslaOwnersUK,1
OwnersWest,elonmusk,1
Oxo3UVoWaDTNzuq,north_tesla,4
Ozemi12,TESLA_CREADOR,2
Ozz_EU,Enrico02135927,1
Ozz_EU,HaagMariss,1
Ozz_EU,NinoPortschy,1
PDelecto3000,elonmusk,1
PEXIMUSS,greg16676935420,1
PF_512_S_Modulo,north_tesla,1
PIsonny,EvrybodynthrMom,1
PIsonny,GailAlfarATX,1
PIsonny,IheartTesla,1
PIsonny,JenniCurrent,1
PIsonny,Kristennetten,1
PIsonny,Tesla,1
PIsonny,TeslaOwnersEBay,1
PIsonny,blueskykites,1
PIsonny,daelmor,1
PIsonny,elonmusk,1
PIsonny,teslacn,1
PMWinchester,Tesla,1
PMWinchester,whatsinside,1
POVHighPlains,DeItaone,1
POVHighPlains,MrChrisJustice,1
POVHighPlains,StckPro,1
POVHighPlains,seanhannity,1
PRasaspor,Berkan_Bayram,1
PRasaspor,LucidMotors,1
PRasaspor,Tesla,1
Pablo4rmMarS,Falconwingsnj,1
Pablo4rmMarS,Tesla,1
Paigepaxton1,elonmusk,1
Paigepaxton1,itsJeffTiedrich,1
Paigepaxton1,marcuswerther,1
PajaWww,IvoVrtlar,1
PajaWww,PeterKreinerjun,1
PajaWww,engineers_feed,1
PajaWww,kalavir,1
Palebluejosh,EvrybodynthrMom,1
Palebluejosh,GailAlfarATX,1
Palebluejosh,IheartTesla,1
Palebluejosh,JenniCurrent,1
Palebluejosh,Kristennetten,1
Palebluejosh,Tesla,1
Palebluejosh,TeslaOwnersEBay,1
Palebluejosh,blueskykites,1
Palebluejosh,daelmor,1
Palebluejosh,elonmusk,1
Palebluejosh,teslacn,1
PamelaFero,DRayRaven,1
PamelaFero,elonmusk,1
PamelaFero,itsJeffTiedrich,1
Pankhuri_jain19,akshitsoni_,1
ParadoxWasTaken,BLKMDL3,1
ParadoxWasTaken,DBurkland,1
ParadoxWasTaken,MFrunker,1
ParadoxWasTaken,Speenuh,1
ParadoxWasTaken,Tesla,2
ParadoxWasTaken,elonmusk,1
ParakeetPaul,WholeMarsBlog,1
ParakeetPaul,elonmusk,1
PartapRathor4,Falconwingsnj,1
PartapRathor4,Tesla,1
PartyPunksNFT,EvrybodynthrMom,1
PartyPunksNFT,GailAlfarATX,1
PartyPunksNFT,IheartTesla,1
PartyPunksNFT,JenniCurrent,1
PartyPunksNFT,Kristennetten,1
PartyPunksNFT,Tesla,1
PartyPunksNFT,TeslaOwnersEBay,1
PartyPunksNFT,blueskykites,1
PartyPunksNFT,daelmor,1
PartyPunksNFT,elonmusk,1
PartyPunksNFT,teslacn,1
PassCombo,cleantechnica,1
PatricLee8,elonmusk,1
PatriceSchwab,LDDLP_Podcast,1
Patrick38403611,MehdiManseur,1
Patrick38403611,elonmusk,1
Patrick38403611,elonplzunbanall,1
Patrick38403611,unusual_whales,1
Patriot25511780,elonmusk,1
PaulBacharo,Olumide_Gbenro,1
PaulBorek,SciGuySpace,1
PaulShiel,Ominsey,1
PaulShiel,alex_avoigt,1
PaulistaSuecia,Falconwingsnj,1
PaulistaSuecia,Tesla,1
PauloBaptistaJ1,JustSchmeltzer,1
PauloBaptistaJ1,TheAlexisKraft,1
PauloBaptistaJ1,coldgamecrispy,1
PauloBaptistaJ1,elonmusk,1
PauloHD7,Botafogo,1
Paw1Pavan,JaiTDP,1
Paw1Pavan,NagaGajula4,1
Paw1Pavan,tarak9999,1
Pawe75035274,MichaKnapik4,2
Pawe75035274,Tesla,4
Pawe75035274,Teslarati,4
Pawe75035274,elonmusk,4
Pawe75035274,wojcikofficial,4
PawelMierski,squawksquare,1
Pedrosa77838685,Mann_O_Steel17,2
Pedrosa77838685,elonmusk,2
PeeLo73,Andst7,1
PeeLo73,Dimitri_Anastas,1
PeeLo73,SpaceX,1
PeeLo73,StarLost_1701,1
PeeLo73,Tesla,1
PeeLo73,TheLoris2,1
PeeLo73,elonmusk,1
PeeLo73,tmornini,1
PeepeeP64222646,FroggiesToken,1
Pelagatosss,TESLA_CREADOR,1
PenitentDeadMa2,elonmusk,1
PerErikKarlsson,HSouthwellFE,1
PercevalT,TESLA_CREADOR,1
Perry96046564,Casido8,1
Perry96046564,DWkli,1
Perry96046564,EdwardCristi93,1
Perry96046564,NABGFL,1
Perry96046564,TajoCrypto,1
Perry96046564,TonamiPlayman,1
Perry96046564,elonmusk,1
Perry96046564,ibkife1,1
Pestilencemage,EvrybodynthrMom,1
Pestilencemage,GailAlfarATX,1
Pestilencemage,IheartTesla,1
Pestilencemage,JenniCurrent,1
Pestilencemage,Kristennetten,1
Pestilencemage,Tesla,1
Pestilencemage,TeslaOwnersEBay,1
Pestilencemage,blueskykites,1
Pestilencemage,daelmor,1
Pestilencemage,elonmusk,1
Pestilencemage,teslacn,1
Petacopia,RickMcIntosh16,1
Petacopia,elonmusk,1
Petacopia,greg16676935420,1
PeterCa63154584,Artorias_98,1
PeterCa63154584,DerekLewis711,1
PeterCa63154584,JamieWh02343818,1
PeterCa63154584,RealstacefaceM,1
PeterCa63154584,elonmusk,1
PeterCa63154584,xAlden,1
PeterGa57410783,JoeSquawk,2
PeterGa57410783,SquawkCNBC,2
PeterGa57410783,andrewrsorkin,2
PeterGa57410783,elonmusk,2
PeterPaska2,DoctorHenryCT,1
PeterPaska2,sloyoroll01973,1
Petrovi58613324,JuraPijandura,1
Petrovi58613324,man_norwegian,1
PhatStache,Teslaconomics,1
PhatStache,ZeekeMC,1
PhatStache,tesla_blade,1
PhenomenalPoto,BomsteinRick,1
PhenomenalPoto,gatica1813,1
PhilBar61300506,TeslaJoy,1
PhilNfp,IGFrance,1
PhilXContreras,Nate_Rivers,1
PhilXContreras,justiinape,1
PhilipT90410281,Strykeasy,1
PhilipT90410281,TaylorOgan,1
Phrankensteyn,HSouthwellFE,1
Piccm,ianbremmer,1
Picocomero,Guust_Kadaver,3
Picocomero,SBergsma,3
Picocomero,augurkendraaier,3
Picocomero,picnic,3
PieknyT,Tesla,1
PieknyT,Teslarati,1
PieknyT,elonmusk,1
PieknyT,wojcikofficial,1
PierreTurgeon77,15980beeb744492,1
PierreTurgeon77,elonmusk,1
PierreTurgeon77,greg16676935420,1
PierreTurgeon77,todisappear,1
PinballReed,DanielCMarvin1,2
PinballReed,DirtyTesLa,1
PinballReed,RyanZohoury,1
PinballReed,Tesla,3
PinballReed,TeslaTruckClub,1
PinballReed,elonmusk,1
PinballReed,teslavangelist,2
PinoCurcio,LucidMotors,1
PinoCurcio,Tesla,1
PinoCurcio,Tesla2Lucid,1
PinoCurcio,elonmusk,1
PinoCurcio,fabioRASCH,1
PinoCurcio,majemichaelsaba,1
PinoCurcio,masegoslin,1
Piratefan72,texasdemocrats,1
Pistefek,AKurkov,1
PitbullNerd,elonmusk,2
PitbullNerd,frankjnovak,1
PitbullNerd,itsJeffTiedrich,1
Pitt1091,greg16676935420,1
Pitt1091,lao_erik,1
Pixietje,SanderSchimmelp,1
Pixietje,feddomw,1
Pixietje,rufus_info,1
Pj_1928,Santiago_VCV,1
Pj_1928,compaiRENE,1
Pj_1928,renemadrid2003,1
Pjoter300E,AHaman1916,1
Pjoter300E,FitnessKlubNr1,1
Pjoter300E,Tesla,1
Pjoter300E,Teslarati,1
Pjoter300E,elonmusk,1
Pjoter300E,wojcikofficial,1
Pjotromat,Kfschuppo1,2
Pjotromat,jreichelt,2
PlatinumCat,elonmusk,2
Plotter_Depot,ERCOT_ISO,1
Plotter_Depot,PUCTX,1
Plumazul,PPathole,1
Plumazul,SECGov,1
Plumazul,elonmusk,1
Plumazul,itsALLrisky,1
Plushplaxicuss,Gamer1Grown,3
Plushplaxicuss,SnazzyQ,3
Plushplaxicuss,amishsolanki,3
Plushplaxicuss,elonmusk,3
PlutoPittbull,wapodavenport,1
Plzbanme,Ciporoke,1
Plzbanme,SciGuySpace,1
Podlac_Makarije,man_norwegian,1
PointBlanc999,EvrybodynthrMom,1
PointBlanc999,GailAlfarATX,1
PointBlanc999,IheartTesla,1
PointBlanc999,JenniCurrent,1
PointBlanc999,Kristennetten,1
PointBlanc999,Tesla,1
PointBlanc999,TeslaOwnersEBay,1
PointBlanc999,blueskykites,1
PointBlanc999,daelmor,1
PointBlanc999,elonmusk,1
PointBlanc999,teslacn,1
Point_of_Gold,DLaneBreckenri1,3
Point_of_Gold,SawyerMerritt,4
Point_of_Gold,Tesla,4
Point_of_Gold,TeslaCharging,4
Point_of_Gold,WholeMarsBlog,4
PokornyRoland,DIEZEIT,1
Pollytics,Picketer,1
Ponchan796,gtk_0174,1
Ponchan796,tesla_fwia,3
Popeye43789260,DRayRaven,1
Popeye43789260,buzzman123,1
Popeye43789260,elonmusk,1
Popeye43789260,itsJeffTiedrich,1
Populist_Logic,tedcruz,1
PorterMetzger,CryptoDiamonds,1
PorterMetzger,CryptoDonAlt,1
PorterMetzger,Yee92480343,1
PorterMetzger,elonmusk,1
PositivFuturist,Yee92480343,1
PositivFuturist,elonmusk,1
PositivFuturist,vamp_euro,1
PostMortemExam,stilgherrian,1
PotsDame14469,sixtus,1
Potthoff,Tesla,1
Potthoff,thyAshes,1
PowertyOnyt,elonmusk,1
Poxenium,GailAlfarATX,1
Ppppppoyas,tesla_tesra,1
PradaMD,profgalloway,1
PraiseOxum,spurs_four,1
Prantik35443116,PhysInHistory,1
PressWm,jordancicchelli,1
Prez2z2,north_tesla,1
Prinsu777,Bitcoin4India,1
Prinsu777,Raahulc369,1
PrisajnyStan,LauraKaupas,3
PrismArt7,Bolverk15,1
PrismArt7,GoodMoaningAll,1
Proctooor,squawksquare,3
ProfSandwich,TheAlexisKraft,1
ProfSandwich,coldgamecrispy,1
ProfSandwich,elonmusk,1
ProfessorStrz,PinballReed,2
ProfessorStrz,RobertELBowman,2
ProfessorStrz,Tesla,2
Proud2BFL,SECGov,1
Proud2BFL,elonmusk,1
Proud2bAmerkin,EvrybodynthrMom,1
Proud2bAmerkin,GailAlfarATX,1
Proud2bAmerkin,IheartTesla,1
Proud2bAmerkin,JenniCurrent,1
Proud2bAmerkin,Kristennetten,1
Proud2bAmerkin,Tesla,1
Proud2bAmerkin,TeslaOwnersEBay,1
Proud2bAmerkin,blueskykites,1
Proud2bAmerkin,daelmor,1
Proud2bAmerkin,elonmusk,1
Proud2bAmerkin,teslacn,1
PrudencioAguil3,compaiRENE,1
PrvnKalavai,DBurkland,1
PrvnKalavai,EvrybodynthrMom,1
PrvnKalavai,GailAlfarATX,1
PrvnKalavai,IheartTesla,1
PrvnKalavai,JenniCurrent,1
PrvnKalavai,Kristennetten,1
PrvnKalavai,Tesla,1
PrvnKalavai,TeslaOwnersEBay,1
PrvnKalavai,blueskykites,1
PrvnKalavai,daelmor,1
PrvnKalavai,elonmusk,1
PrvnKalavai,teslacn,1
PryZmRuleZZ,EvrybodynthrMom,1
PryZmRuleZZ,GailAlfarATX,1
PryZmRuleZZ,IheartTesla,1
PryZmRuleZZ,JenniCurrent,1
PryZmRuleZZ,Kristennetten,1
PryZmRuleZZ,Tesla,1
PryZmRuleZZ,TeslaOwnersEBay,1
PryZmRuleZZ,blueskykites,1
PryZmRuleZZ,daelmor,1
PryZmRuleZZ,elonmusk,1
PryZmRuleZZ,teslacn,1
PseudoLatek,CNN,1
PseudoLatek,elonmusk,1
PsychedAF,Rivian,1
PsychedAF,ShaneCultra,1
PsymplOfficial,EvrybodynthrMom,1
PsymplOfficial,GailAlfarATX,1
PsymplOfficial,IheartTesla,1
PsymplOfficial,JenniCurrent,1
PsymplOfficial,Kristennetten,1
PsymplOfficial,Tesla,1
PsymplOfficial,TeslaOwnersEBay,1
PsymplOfficial,blueskykites,1
PsymplOfficial,daelmor,1
PsymplOfficial,elonmusk,1
PsymplOfficial,teslacn,1
PureFTH,EvrybodynthrMom,1
PureFTH,GailAlfarATX,1
PureFTH,IheartTesla,1
PureFTH,JenniCurrent,1
PureFTH,Kristennetten,1
PureFTH,Tesla,1
PureFTH,TeslaOwnersEBay,1
PureFTH,blueskykites,1
PureFTH,daelmor,1
PureFTH,elonmusk,1
PureFTH,teslacn,1
PuroNOT,EvrybodynthrMom,1
PuroNOT,GailAlfarATX,1
PuroNOT,IheartTesla,1
PuroNOT,JenniCurrent,1
PuroNOT,Kristennetten,1
PuroNOT,Tesla,1
PuroNOT,TeslaOwnersEBay,1
PuroNOT,blueskykites,1
PuroNOT,daelmor,1
PuroNOT,elonmusk,1
PuroNOT,teslacn,1
Putin15656114,Tesla,1
Putin15656114,TeslaClubAT,1
Putin15656114,elonmusk,1
Putin15656114,teslaownersSV,1
PyetroFae,elonmusk,1
Pyrofreaks3,elonmusk,1
QCD77,ValueAnalyst1,1
QCD77,WholeMarsBlog,1
QCD77,elonmusk,1
Qagoneaway,elonmusk,1
Qagoneaway,frankjnovak,1
Qagoneaway,itsJeffTiedrich,1
QasaiWala,TeslaJoy,1
Quadkazz9810,ai__TESLA,1
QuagRage,EvrybodynthrMom,1
QuagRage,GailAlfarATX,1
QuagRage,IheartTesla,1
QuagRage,JenniCurrent,1
QuagRage,Kristennetten,1
QuagRage,Tesla,1
QuagRage,TeslaOwnersEBay,1
QuagRage,blueskykites,1
QuagRage,daelmor,1
QuagRage,elonmusk,1
QuagRage,teslacn,1
Quantensalat,LudgerWess,1
Quantensalat,Tesla,1
Quantensalat,methylcytosine,1
Quantensalat,ssnd292,1
Quantum105au,WholeMarsBlog,1
Quantum105au,elonmusk,1
QuashieShine,DirtyTesLa,1
QuashieShine,SportchopperI,1
QuashieShine,Tesla,1
QuashieShine,aptera_motors,1
QuashieShine,elonmusk,1
QuashieShine,stbr0510,1
QuashieShine,teslacarsonly,1
QueenRage_,OG3Wayne,1
Quentin46235431,Charles_Leclerc,1
Quentin46235431,LesSaleGeek,1
Quentin46235431,Milhooz,1
Quentin46235431,gaminfr59,1
Quentin46235431,pearl_tesla,1
Quibbles57,OffcialDJISPR,1
Quibbles57,ZulfiqarAhmed69,1
Quik_Support,elonmusk,1
Quthalion,unusual_whales,1
RDFRecl,porqueTTLiberal,2
RDalsaune,Nitzao,1
RDalsaune,Umbisam,1
RDalsaune,johnsen_yt,1
RGuy999,fesshole,1
RNCrypto74,bitcoinagile,1
RORIBAS1,EvrybodynthrMom,1
RORIBAS1,GailAlfarATX,1
RORIBAS1,IheartTesla,1
RORIBAS1,JenniCurrent,1
RORIBAS1,Kristennetten,1
RORIBAS1,Tesla,1
RORIBAS1,TeslaOwnersEBay,1
RORIBAS1,blueskykites,1
RORIBAS1,daelmor,1
RORIBAS1,elonmusk,1
RORIBAS1,teslacn,1
ROYA__Ro,yoloption,1
RS_HumanFirst11,Rivian,1
RS_HumanFirst11,Tesla,1
RS_HumanFirst11,jaspersharpe_,1
RS_HumanFirst11,omg_tesla,1
RS_HumanFirst11,tesla_raj,1
RS_HumanFirst11,teslaownersSV,1
RSinUSA,DimaZeniuk,1
RSinUSA,Tesla,1
RSinUSA,elonmusk,1
RVdkley,garyblack00,1
RVdkley,hikingskiing,1
RaGuSNY,PPathole,1
RaGuSNY,elonmusk,1
RaZofRoZ,EvrybodynthrMom,1
RaZofRoZ,GailAlfarATX,1
RaZofRoZ,IheartTesla,1
RaZofRoZ,JenniCurrent,1
RaZofRoZ,Kristennetten,1
RaZofRoZ,Tesla,1
RaZofRoZ,TeslaOwnersEBay,1
RaZofRoZ,blueskykites,1
RaZofRoZ,daelmor,1
RaZofRoZ,elonmusk,1
RaZofRoZ,teslacn,1
Ra_mia7,tesla_fwia,2
Rachelherrera11,BryanYo30692861,1
Rachelherrera11,RickMcIntosh16,1
Rachelherrera11,elonmusk,1
Rachelherrera11,greg16676935420,1
Rade93423132,HatoETH,1
Radudanciu1983,Tesla,1
Radudanciu1983,thyAshes,1
Raffiatim,BriefcaseMike,1
Ragcha,LucidMotors,1
Ragcha,Tesla,1
Ragcha,Tesla2Lucid,1
Ragcha,elonmusk,1
Ragcha,masegoslin,1
RainaMorgan,GM,1
RainaMorgan,RocketRay,1
RainaMorgan,Russianbot_7,1
Rakal71,EddyRingstate,1
Rakal71,lexhoogduin,1
RalphMa57830113,FinanceSmitty,1
RalyDee,Most_Maximus,1
RambleRubble,Andst7,1
RambleRubble,C_S_Skeptic,1
RambleRubble,SpaceX,1
RambleRubble,Tesla,1
RambleRubble,WEMADEITFINALLY,1
RambleRubble,b_rohlke,1
RambleRubble,elonmusk,1
RambleRubble,everyrisingsun_,1
RambleRubble,smtn28,1
Ramizzly,ahmarbang,1
Rand0mNPC,28delayslater,1
Rand0mNPC,kylaschwaberow,1
Randalack,jimmylittle,1
Randalack,yitgordon,1
Randohero2,EvaFoxU,1
Randohero2,ToscaMusk,1
RandomKiwi_,DimaZeniuk,1
RandomKiwi_,Falconwingsnj,1
RandomKiwi_,LucidMotors,1
RandomKiwi_,Tesla,3
RandomKiwi_,Tesla2Lucid,1
RandomKiwi_,elonmusk,2
RandomKiwi_,kanevato,5
RandomKiwi_,masegoslin,1
RandomKiwi_,tesla_adri,5
RandomKiwi_,vincent13031925,1
Randy20838766,elonmusk,1
RandyEVOgaming,MrBeast,1
RandyEVOgaming,elonmusk,1
RanguGamer,HermanToothr0t,1
RanguGamer,davidaluum,2
RanguGamer,yonkykong,1
Ravoyd,TataMotors,1
Ravoyd,anandmahindra,1
RaymanIsWoat,CountDankulaTV,1
RaymanIsWoat,EvrybodynthrMom,4
RaymanIsWoat,GailAlfarATX,4
RaymanIsWoat,HavestKhome,1
RaymanIsWoat,IheartTesla,4
RaymanIsWoat,JenniCurrent,4
RaymanIsWoat,Kristennetten,4
RaymanIsWoat,Tesla,4
RaymanIsWoat,TeslaOwnersEBay,4
RaymanIsWoat,Wenrugbro,2
RaymanIsWoat,blueskykites,4
RaymanIsWoat,daelmor,4
RaymanIsWoat,elonmusk,4
RaymanIsWoat,teslacn,4
Rc8rW,FrederickZiffel,9
Rc8rW,RobertELBowman,9
Rc8rW,Turbo8oost,9
Rc8rW,senafan1901,9
RdMilind,faradion_uk,1
RdMilind,wadhwa,1
RealAceFox1,elonmusk,1
RealBiglyTarif1,PPathole,1
RealBiglyTarif1,elonmusk,1
RealMaxtern,EvrybodynthrMom,1
RealMaxtern,GailAlfarATX,1
RealMaxtern,IheartTesla,1
RealMaxtern,JenniCurrent,1
RealMaxtern,Kristennetten,1
RealMaxtern,Tesla,1
RealMaxtern,TeslaOwnersEBay,1
RealMaxtern,blueskykites,1
RealMaxtern,daelmor,1
RealMaxtern,elonmusk,1
RealMaxtern,teslacn,1
RealNTesla,Antimon_Zg,1
RealNTesla,BBC_Reel,1
RealNTesla,DanWithTheCam,1
RealNTesla,FoodAndPsych,1
RealNTesla,PhysInHistory,1
RealNTesla,RiyadhK,1
RealNTesla,SophiaThakur,1
RealNTesla,basmakhalifa,1
RealNTesla,nbakic,2
RealPontane,ElectrekCo,1
RealPontane,FredericLambert,1
RealRichAfrica,EvrybodynthrMom,1
RealRichAfrica,GailAlfarATX,1
RealRichAfrica,IheartTesla,1
RealRichAfrica,JenniCurrent,1
RealRichAfrica,Kristennetten,1
RealRichAfrica,Tesla,1
RealRichAfrica,TeslaOwnersEBay,1
RealRichAfrica,blueskykites,1
RealRichAfrica,daelmor,1
RealRichAfrica,elonmusk,1
RealRichAfrica,teslacn,1
RealTeslaCharts,Arvind___Patel,2
RealTeslaCharts,Pankhuri_jain19,1
RealTeslaCharts,Tesla,2
RealTeslaCharts,elonmusk,2
RealTeslaCharts,nitin_gadkari,2
Real_Wakawaka,NorthmanTrader,1
Real_Wakawaka,dieselducky,1
Real_Wakawaka,kelly25421527,1
Real_Wakawaka,lisaabramowicz1,1
RealtorStarShar,Tesla,1
RealtorStarShar,elonmusk,1
RealtorStarShar,ericaltm,1
Rebecca79031294,LucidMotors,1
Rebecca79031294,Tesla,1
Rebecca79031294,Tesla2Lucid,1
Rebecca79031294,elonmusk,1
Rebecca79031294,masegoslin,1
Rebllon,Estar_pearl,1
Rebllon,SpaceX,1
Rebllon,Tesla,1
Rebllon,Twitter,1
Rebllon,elonmusk,1
Rebllon,opensea,1
RedIronRaven,elonmusk,1
RedIronRaven,r__narne,1
RedNinjaOne,Discretewolf,1
RedNinjaOne,Timcast,1
RedeemTheNews,EvrybodynthrMom,1
RedeemTheNews,GailAlfarATX,1
RedeemTheNews,IheartTesla,1
RedeemTheNews,JenniCurrent,1
RedeemTheNews,Kristennetten,1
RedeemTheNews,Tesla,1
RedeemTheNews,TeslaOwnersEBay,1
RedeemTheNews,blueskykites,1
RedeemTheNews,daelmor,1
RedeemTheNews,elonmusk,1
RedeemTheNews,teslacn,1
Redstoner2b2t,Tesla,1
Redstoner2b2t,novak_andrij,1
ReeceSyV,KeletsoMss,1
RegressiveBard,nastrondscourge,1
ReiItchigo,ElonGoatToken,1
ReiItchigo,EvaFoxU,1
ReiItchigo,SignalLTC,1
ReiItchigo,Tesla,1
ReiItchigo,elongoatclub,1
ReiItchigo,elonmusk,1
Reiddoggy4ever,elonmusk,1
ReikowskiL,Tesla,1
ReikowskiL,elonmusk,1
ReikowskiL,tesla_adri,1
RepeatAfterVee,JustinScerini,1
RepugnantCon1,nytimes,1
Retd_Judge,elonmusk,1
Retired30S,GordonJohnson19,1
Retired30S,elonmusk,1
ReverendHexar,NunesAlt,1
ReverendHexar,elonmusk,1
ReverendHexar,mercutioad,1
Revolt_RL9,EvrybodynthrMom,1
Revolt_RL9,GailAlfarATX,1
Revolt_RL9,IheartTesla,1
Revolt_RL9,JenniCurrent,1
Revolt_RL9,Kristennetten,1
Revolt_RL9,Tesla,1
Revolt_RL9,TeslaOwnersEBay,1
Revolt_RL9,blueskykites,1
Revolt_RL9,daelmor,1
Revolt_RL9,elonmusk,1
Revolt_RL9,teslacn,1
RfRezino,elonmusk,1
Rheinmann1,JensZSPD,1
RheulG,AOC,1
RiPPn429,dhamnormok,1
RiPPn429,elonmusk,1
RiPPn429,r__narne,1
RicardoCabeza69,DRayRaven,1
RicardoCabeza69,elonmusk,1
RicardoCabeza69,itsJeffTiedrich,1
RiccardoCampi,Davidovskij,1
RichW8615,SawyerMerritt,1
RichardFoxall1,elonmusk,1
Rickyyt32,EvrybodynthrMom,1
Rickyyt32,GailAlfarATX,1
Rickyyt32,IheartTesla,1
Rickyyt32,JenniCurrent,1
Rickyyt32,Kristennetten,1
Rickyyt32,Tesla,1
Rickyyt32,TeslaOwnersEBay,1
Rickyyt32,blueskykites,1
Rickyyt32,daelmor,1
Rickyyt32,elonmusk,1
Rickyyt32,teslacn,1
RicoVld,_TheEngineer86_,1
RicoVld,nicolevoers,1
RightsFrAnimals,EvrybodynthrMom,1
RightsFrAnimals,GailAlfarATX,1
RightsFrAnimals,IheartTesla,1
RightsFrAnimals,JenniCurrent,1
RightsFrAnimals,Kristennetten,1
RightsFrAnimals,Tesla,1
RightsFrAnimals,TeslaOwnersEBay,1
RightsFrAnimals,blueskykites,1
RightsFrAnimals,daelmor,1
RightsFrAnimals,elonmusk,1
RightsFrAnimals,teslacn,1
RiizaGoat,DxMiLLAA,1
RinconPractico,Driver_1314,1
RinconPractico,formulers,1
Rishi75443594,EvrybodynthrMom,1
Rishi75443594,GailAlfarATX,1
Rishi75443594,IheartTesla,1
Rishi75443594,JenniCurrent,1
Rishi75443594,Kristennetten,1
Rishi75443594,Tesla,1
Rishi75443594,TeslaOwnersEBay,1
Rishi75443594,blueskykites,1
Rishi75443594,daelmor,1
Rishi75443594,elonmusk,1
Rishi75443594,teslacn,1
RiveraNeker,elonmusk,1
Rleslie33,CEOAdam,1
Rleslie33,Webbyinvests,1
RobElli85782633,elonmusk,1
RobIsRandomAF_6,BlaccMosesX,1
RobIsRandomAF_6,TaeDaReBirPH,1
RobPJS,AndreasSteno,1
RobR44133618,LucidMotors,1
RobR44133618,Tesla,1
RobR44133618,Tesla2Lucid,1
RobR44133618,elonmusk,1
RobR44133618,masegoslin,1
RobertC65697837,PPathole,1
RobertC65697837,Tesla,1
RobertC65697837,elonmusk,1
RobertR02624409,EvrybodynthrMom,1
RobertR02624409,GailAlfarATX,1
RobertR02624409,IheartTesla,1
RobertR02624409,JenniCurrent,1
RobertR02624409,Kristennetten,1
RobertR02624409,Tesla,1
RobertR02624409,TeslaOwnersEBay,1
RobertR02624409,blueskykites,1
RobertR02624409,daelmor,1
RobertR02624409,elonmusk,1
RobertR02624409,teslacn,1
RobinToal,09yellowtrx4,2
RobinToal,Christo87184657,2
RobinToal,MargiePerenchio,1
RobinToal,SawyerMerritt,2
RobinToal,Tesla,1
RobinToal,cleantechkevin,1
RobinToal,marycmccormack,1
RobotZX57,ElectrifyAm,1
RobotZX57,tommolog,1
Rochellaone,EvrybodynthrMom,1
Rochellaone,GailAlfarATX,1
Rochellaone,IheartTesla,1
Rochellaone,JenniCurrent,1
Rochellaone,Kristennetten,1
Rochellaone,Tesla,1
Rochellaone,TeslaOwnersEBay,1
Rochellaone,blueskykites,1
Rochellaone,daelmor,1
Rochellaone,elonmusk,1
Rochellaone,teslacn,1
RodJane14,EvrybodynthrMom,1
RodJane14,GailAlfarATX,1
RodJane14,IheartTesla,1
RodJane14,JenniCurrent,1
RodJane14,Kristennetten,1
RodJane14,Tesla,1
RodJane14,TeslaOwnersEBay,1
RodJane14,blueskykites,1
RodJane14,daelmor,1
RodJane14,elonmusk,1
RodJane14,teslacn,1
Rodneyniya,Tesla,1
Rodneyniya,WholeMarsBlog,1
Rodneyniya,elonmusk,1
RodolfoBlasterR,eIenaneIe,1
RodolfoBlasterR,festia10,1
RodolfoBlasterR,profanostra,1
Roetveegpiet1,Most_Maximus,1
RogerRansome,BB4ll,1
RogerRansome,Tesla,1
RogerRansome,elonmusk,1
RogerRansome,hallomakke,1
RogerRansome,tesla_adri,1
Rogerasalways,akaetorres2001,1
RogueSailor,GailAlfarATX,1
RogueSailor,IheartTesla,1
RogueSailor,JenniCurrent,1
RogueSailor,Kristennetten,1
RogueSailor,Tesla,1
RogueSailor,TeslaOwnersEBay,1
RogueSailor,blueskykites,1
RogueSailor,daelmor,1
RogueSailor,elonmusk,1
RogueSailor,teslacn,1
Roildogsr_YT,Leo_mineur75,1
Roildogsr_YT,the_onyx_effect,1
RollingWNolan,elonmusk,1
RonVanderveen1,BLKMDL3,1
RonVanderveen1,EvrybodynthrMom,1
RonVanderveen1,GailAlfarATX,1
RonVanderveen1,IheartTesla,1
RonVanderveen1,JenniCurrent,1
RonVanderveen1,Kristennetten,1
RonVanderveen1,Tesla,1
RonVanderveen1,TeslaOwnersEBay,1
RonVanderveen1,_bennettm_,1
RonVanderveen1,blueskykites,1
RonVanderveen1,daelmor,1
RonVanderveen1,elonmusk,2
RonVanderveen1,teslacn,1
RoniNyman6,engineers_feed,1
RonoDaniello,LucidMotors,1
RonoDaniello,Tesla,1
RonoDaniello,Tesla2Lucid,1
RonoDaniello,elonmusk,1
RonoDaniello,masegoslin,1
Ropster11,DimaZeniuk,1
Ropster11,Tesla,1
Ropster11,elonmusk,1
RosaGarven,ElonGoatToken,1
RosaGarven,EvaFoxU,1
RosaGarven,SignalLTC,1
RosaGarven,Tesla,1
RosaGarven,elongoatclub,1
RosaGarven,elonmusk,1
Rosariolee2014,elonmusk,1
Rosariolee2014,teslaownersSV,1
RoseEdithOcto,Tesla,1
RoseEdithOcto,lovemesomemusk,1
Rosesmselles,EvrybodynthrMom,1
Rosesmselles,GailAlfarATX,1
Rosesmselles,IheartTesla,1
Rosesmselles,JenniCurrent,1
Rosesmselles,Kristennetten,1
Rosesmselles,Tesla,1
Rosesmselles,TeslaOwnersEBay,1
Rosesmselles,blueskykites,1
Rosesmselles,daelmor,1
Rosesmselles,elonmusk,1
Rosesmselles,teslacn,1
Rosieroadrunner,realTuckFrumper,1
Rotorywingatd,elonmusk,2
Roy2928,SquawkStreet,1
Roy2928,davidfaber,1
Roy2928,squawksquare,1
Rriro5,EvrybodynthrMom,1
Rriro5,GailAlfarATX,1
Rriro5,IheartTesla,1
Rriro5,JenniCurrent,1
Rriro5,Kristennetten,1
Rriro5,Tesla,1
Rriro5,TeslaOwnersEBay,1
Rriro5,blueskykites,1
Rriro5,daelmor,1
Rriro5,elonmusk,1
Rriro5,teslacn,1
RtisticFX,DevinsOtherCow2,1
RtisticFX,mmasnick,1
RudolphApostol,lila94520,1
RuffRidinNole,ClemsonTom,1
Ruldar,ParkerMolloy,1
RunYC20,ChrisRangel82,1
RunYC20,EvrybodynthrMom,1
RunYC20,GailAlfarATX,1
RunYC20,IheartTesla,1
RunYC20,JenniCurrent,1
RunYC20,Kristennetten,1
RunYC20,Tesla,1
RunYC20,TeslaOwnersEBay,1
RunYC20,blueskykites,1
RunYC20,daelmor,1
RunYC20,elonmusk,1
RunYC20,teslacn,1
Runedscope1,bariweiss,1
Runedscope1,bjornatli,1
Runedscope1,haveanicedaygfy,1
RunningResister,elonmusk,1
RustyRoad,AmazingChevVolt,1
RustyRoad,ElectrifyingCom,1
RustyRoad,GadgetsBoy,1
RustyRoad,GinnyBuckley,1
RustyRoad,TomBarnardWords,1
RustyRoad,tomwookieford,1
RyanBez310,MattWallace888,1
RyanBez310,elonmusk,1
RyanBez310,fischer_price7,1
RyanG36,KobraToldya,1
RyanG36,Tesla,1
RyanWil62993886,SkyNewsAust,1
RyanWil62993886,codecarbon3,1
RyanZohoury,tesla_adri,2
RyanakaFlats,EvrybodynthrMom,1
RyanakaFlats,GailAlfarATX,1
RyanakaFlats,IheartTesla,1
RyanakaFlats,JenniCurrent,1
RyanakaFlats,Kristennetten,1
RyanakaFlats,Tesla,1
RyanakaFlats,TeslaOwnersEBay,1
RyanakaFlats,blueskykites,1
RyanakaFlats,daelmor,1
RyanakaFlats,elonmusk,2
RyanakaFlats,teslacn,1
Ryanth3nerd,28delayslater,1
Ryanth3nerd,DirtyTesLa,1
Ryanth3nerd,Tesla,2
Ryanth3nerd,elonmusk,1
Ryanth3nerd,klwtts,1
RynePowell,squawksquare,1
S0l75572298,EvrybodynthrMom,1
S0l75572298,GailAlfarATX,1
S0l75572298,IheartTesla,1
S0l75572298,JenniCurrent,1
S0l75572298,Kristennetten,1
S0l75572298,Tesla,1
S0l75572298,TeslaOwnersEBay,1
S0l75572298,blueskykites,1
S0l75572298,daelmor,1
S0l75572298,elonmusk,1
S0l75572298,teslacn,1
SAURABHABHALE,EvrybodynthrMom,1
SAURABHABHALE,GailAlfarATX,1
SAURABHABHALE,IheartTesla,1
SAURABHABHALE,JenniCurrent,1
SAURABHABHALE,Kristennetten,1
SAURABHABHALE,Tesla,1
SAURABHABHALE,TeslaOwnersEBay,1
SAURABHABHALE,blueskykites,1
SAURABHABHALE,daelmor,1
SAURABHABHALE,elonmusk,1
SAURABHABHALE,teslacn,1
SBMcCallister,elonmusk,1
SCOTTMATTHEWSSS,EvrybodynthrMom,1
SCOTTMATTHEWSSS,GailAlfarATX,1
SCOTTMATTHEWSSS,IheartTesla,1
SCOTTMATTHEWSSS,JenniCurrent,1
SCOTTMATTHEWSSS,Kristennetten,1
SCOTTMATTHEWSSS,Tesla,1
SCOTTMATTHEWSSS,TeslaOwnersEBay,1
SCOTTMATTHEWSSS,blueskykites,1
SCOTTMATTHEWSSS,daelmor,1
SCOTTMATTHEWSSS,elonmusk,1
SCOTTMATTHEWSSS,teslacn,1
SCOTUS_war,Most_Maximus,1
SDynamoatheend,Tesla,1
SDynamoatheend,cjhallxx,1
SDynamoatheend,elonmusk,1
SDynamoatheend,teslaownersSV,1
SEDAS2009,Achgut_com,1
SEDAS2009,Amy83927332,1
SEDAS2009,Anwalt_Jun,1
SEDAS2009,BenWeinthal,1
SEDAS2009,BlumeEvolution,1
SEDAS2009,DrErmler,1
SEDAS2009,EZuroff,1
SEDAS2009,HenningBuerger,1
SEDAS2009,IMbawue,1
SEDAS2009,IsraelinGermany,1
SEDAS2009,IsraelinMunich,1
SEDAS2009,Jeromin20,1
SEDAS2009,Jerusalem_Post,1
SEDAS2009,KatjaKorf,1
SEDAS2009,Kiwi_Watchdog79,1
SEDAS2009,MSchlippenbach,1
SEDAS2009,MelnykAndrij,1
SEDAS2009,Michael011,1
SEDAS2009,Michael01130273,1
SEDAS2009,NurderK,1
SEDAS2009,RegierungBW,1
SEDAS2009,StZ_NEWS,1
SEDAS2009,TeneboM,1
SEDAS2009,TuckerSamuel1,1
SEDAS2009,TwitterDE,1
SEDAS2009,Volker_Beck,1
SEDAS2009,WolfMalca,1
SEDAS2009,YakiLopez,1
SEDAS2009,amnesty,1
SEDAS2009,anne_enclos,1
SEDAS2009,axel_mylius,1
SEDAS2009,beauftragtgg,1
SEDAS2009,bka,1
SEDAS2009,blubberkram,1
SEDAS2009,chrismon_de,1
SEDAS2009,ebonyplusirony,1
SEDAS2009,elonmusk,1
SEDAS2009,juno_________,1
SEDAS2009,scilogs,1
SEDAS2009,simonwiesenthal,1
SEDAS2009,superdu18608224,1
SEDAS2009,thelaend,1
SEDAS2009,usbotschaft,1
SEDAS2009,wbeinthal,1
SEDAS2009,wonderer9,1
SFWaccountXD,elonmusk,1
SFWaccountXD,iamraisini,1
SJ19504512,sixtus,1
SKalraj,EvrybodynthrMom,1
SKalraj,GailAlfarATX,1
SKalraj,IheartTesla,1
SKalraj,JenniCurrent,1
SKalraj,Kristennetten,1
SKalraj,Tesla,1
SKalraj,TeslaOwnersEBay,1
SKalraj,blueskykites,1
SKalraj,daelmor,1
SKalraj,elonmusk,1
SKalraj,teslacn,1
SNasty78170989,EvrybodynthrMom,1
SNasty78170989,GailAlfarATX,1
SNasty78170989,IheartTesla,1
SNasty78170989,JenniCurrent,1
SNasty78170989,Kristennetten,1
SNasty78170989,Tesla,1
SNasty78170989,TeslaOwnersEBay,1
SNasty78170989,beee3_B,1
SNasty78170989,blueskykites,1
SNasty78170989,daelmor,1
SNasty78170989,elonmusk,1
SNasty78170989,teslacn,1
SR96663279,tesla_shonan,1
SSSSSS204_,0x_tmdao,1
SSSSSS204_,Beings_Official,1
SSidespin,StanphylCap,1
STEPN_SOLO,BigDicksPickz,1
STEPN_SOLO,GenX_ftw,1
STEPN_SOLO,MattWallace888,1
STEPN_SOLO,elonmusk,1
STEPN_SOLO,fischer_price7,1
STXRGAL999,SawyerMerritt,1
STXRGAL999,ToscaMusk,1
STXRGAL999,elonmusk,1
STXRGAL999,mcuban,1
SUGATHFERNAND10,carwowuk,1
SUPERO02,Tesla,1
SUPERO02,lovemesomemusk,1
S_Beckman2,KnowingBetterYT,1
S_Beckman2,fantasysalary,1
S_D_C_crypto,3YearLetterman,1
S_D_C_crypto,UniNicola,1
S_D_C_crypto,elonmusk,1
SaaIli18,GacNikola,1
SaaIli18,Milan54541,1
SaaMikko,SawyerMerritt,1
SaaMikko,Tesla,1
SaaMikko,TeslaCharging,1
SaarelaHeikki,iltalehti_fi,1
Sad_angel_Xo,elonmusk,1
Sad_angel_Xo,milesdeutscher,1
Sad_angel_Xo,saylor,1
SafetyMentalst,Tesla,4
SafetyMentalst,elonmusk,1
SagaciousTurkey,Bthorn511,1
SagaciousTurkey,DCC_Dub,1
SagaciousTurkey,Most_Maximus,1
SagaciousTurkey,lucyaragon,1
SagamiSword_,Ean300T,1
SagamiSword_,Rozie_Cozy,1
SagamiSword_,StuffyFlower1,1
SagamiSword_,crimsonalt122,1
SagamiSword_,gDeSy2,1
Saisankaran,EvrybodynthrMom,1
Saisankaran,GailAlfarATX,1
Saisankaran,IheartTesla,1
Saisankaran,JenniCurrent,1
Saisankaran,Kristennetten,1
Saisankaran,Tesla,1
Saisankaran,TeslaOwnersEBay,1
Saisankaran,blueskykites,1
Saisankaran,daelmor,1
Saisankaran,elonmusk,1
Saisankaran,teslacn,1
Sakalichi,EvrybodynthrMom,1
Sakalichi,GailAlfarATX,1
Sakalichi,IheartTesla,1
Sakalichi,JenniCurrent,1
Sakalichi,Kristennetten,1
Sakalichi,Tesla,1
Sakalichi,TeslaOwnersEBay,1
Sakalichi,blueskykites,1
Sakalichi,daelmor,1
Sakalichi,elonmusk,1
Sakalichi,teslacn,1
SakshiSonkar61,EvrybodynthrMom,1
SakshiSonkar61,GailAlfarATX,1
SakshiSonkar61,IheartTesla,1
SakshiSonkar61,JenniCurrent,1
SakshiSonkar61,Kristennetten,1
SakshiSonkar61,Tesla,1
SakshiSonkar61,TeslaOwnersEBay,1
SakshiSonkar61,blueskykites,1
SakshiSonkar61,daelmor,1
SakshiSonkar61,elonmusk,1
SakshiSonkar61,teslacn,1
SamColin4,business,1
SamDiammond,elonmusk,1
SamMPigram,ProfRayWills,1
SamMPigram,pvmagazine,1
SamMPigram,pvmagazineoz,1
Sammypedia,SQLInterstellar,1
SanIgnacio02,Most_Maximus,2
SanIgnacio02,anne_cereda,2
SanIgnacio02,ianrshep,2
SanIgnacio02,jacks0406,2
SanIgnacio02,manfredsplain,2
SanderK54317391,CyberVanLife,1
SanderK54317391,Ed22585165,1
SanderK54317391,LucidMotors,1
SanderK54317391,Tesla,1
SanderK54317391,Tesla2Lucid,1
SanderK54317391,elonmusk,1
SanderK54317391,hubb_kyle,1
SanderK54317391,iamoninternet27,1
SanderK54317391,masegoslin,1
SandrLawsonInRI,elonmusk,1
SandrLawsonInRI,greg16676935420,1
Sandy55769067,elonmusk,1
Sani007at,Juergen_Kaiser,1
Sani007at,Vanessa96154199,1
SantoroSystems,DirtyTesLa,2
SantoroSystems,Lrawsignal,1
SantoroSystems,Tesla,2
SantoroSystems,colincalvert,1
SantoroSystems,elonmusk,2
SantoroSystems,live_munro,1
SantoroSystems,slye,1
SantosTalha,Tesla,1
SantosTalha,TeslaClubAT,1
SantosTalha,elonmusk,1
SantosTalha,teslaownersSV,1
SarahLevinger,gold_tesla,1
Sarangowri4,greg16676935420,1
SardonicCanuck,SteelNicho,1
Sarnie365,elonmusk,1
SarwarpurH,EvrybodynthrMom,1
SarwarpurH,GailAlfarATX,1
SarwarpurH,IheartTesla,1
SarwarpurH,JenniCurrent,1
SarwarpurH,Kristennetten,1
SarwarpurH,Tesla,1
SarwarpurH,TeslaOwnersEBay,1
SarwarpurH,blueskykites,1
SarwarpurH,daelmor,1
SarwarpurH,elonmusk,1
SarwarpurH,teslacn,1
Sasa__Pesic,RadaManojlovic_,1
SassiJordan,elonmusk,1
SaveLibertyUS,EvrybodynthrMom,1
SaveLibertyUS,GailAlfarATX,1
SaveLibertyUS,IheartTesla,1
SaveLibertyUS,JenniCurrent,1
SaveLibertyUS,Kristennetten,1
SaveLibertyUS,Tesla,1
SaveLibertyUS,TeslaOwnersEBay,1
SaveLibertyUS,blueskykites,1
SaveLibertyUS,daelmor,1
SaveLibertyUS,elonmusk,1
SaveLibertyUS,teslacn,1
SaveSoilAcharya,Swiggy,2
SaveSoilAcharya,Tesla,3
SaveSoilAcharya,bigbasket_com,2
SaveSoilAcharya,iamsonurohit,3
SaveSoilAcharya,zomato,2
SawyerMerritt,GigaSomerset,1
SawyerMerritt,Tesla,1
SawyerMerritt,TeslaCharging,1
SawyerMerritt,ZainS180,1
SayingwhatU,Falconwingsnj,1
SayingwhatU,Frazier22Rick,1
SayingwhatU,NiddrieRichard,1
SayingwhatU,Tesla,1
ScanmyphotosC,EvrybodynthrMom,1
ScanmyphotosC,GailAlfarATX,1
ScanmyphotosC,IheartTesla,1
ScanmyphotosC,JenniCurrent,1
ScanmyphotosC,Kristennetten,1
ScanmyphotosC,Tesla,1
ScanmyphotosC,TeslaOwnersEBay,1
ScanmyphotosC,blueskykites,1
ScanmyphotosC,daelmor,1
ScanmyphotosC,elonmusk,1
ScanmyphotosC,teslacn,1
SchertlerN,ElectriveNet,1
SchillerWalther,BBCWorld,1
ScholarMonk,LucidMotors,1
ScholarMonk,Tesla,1
ScholarMonk,Tesla2Lucid,1
ScholarMonk,elonmusk,1
ScholarMonk,masegoslin,1
ScholzeyYT,DragoBTC,1
ScholzeyYT,SawyerMerritt,1
Schumi40287278,pakpakchicken,1
Scobleizer,BenHouston3D,1
Scobleizer,SeeEvanR,1
Scot_Striker,elonmusk,1
Scott01251507,Brent35326403,1
Scott01251507,EvrybodynthrMom,1
Scott01251507,GailAlfarATX,1
Scott01251507,IheartTesla,1
Scott01251507,JenniCurrent,1
Scott01251507,Kristennetten,1
Scott01251507,Tesla,1
Scott01251507,TeslaOwnersEBay,1
Scott01251507,blueskykites,1
Scott01251507,daelmor,1
Scott01251507,elonmusk,1
Scott01251507,teslacn,1
ScottAl81125305,XRP_Productions,1
ScottSeeger,Domenick_Y,1
ScottSeeger,Nissan,1
Scott_bravens,LaQueenJ,1
Scott_bravens,MainChiq4,1
Scr3am_Twitch,elonmusk,1
Scratoch,PIRATESxESPORTS,1
Scratoch,TeslaMVR,1
Scratoch,VirtualFormulaL,1
Sdhiatt1,elonmusk,1
SeaNNNash,FuckThatUnicorn,1
SeaNNNash,savamalac,1
SeanGreentree,GordonFong,1
SeanM42411766,brandenflasch,1
SebasFC,LucidMotors,1
SebasFC,Tesla,1
SebasFC,Tesla2Lucid,1
SebasFC,elonmusk,1
SebasFC,masegoslin,1
Sebasti52377375,Falconwingsnj,1
Sebasti52377375,Tesla,1
SecretDecipherd,Backnine59,1
SecretDecipherd,Jersey2361,1
SecretDecipherd,KathiePasta,1
SecretlabWheelz,engineers_feed,1
SeeEvanR,Scobleizer,3
SeeTwoGaming,elonmusk,1
SeeTwoGaming,liz_churchill_,1
SeenuSanjay1307,Stephen_Means,1
SeenuSanjay1307,elonmusk,1
Segun513,Tesla,1
Selbstdenker75,boeltier,1
Selbstdenker75,haussmann_bernd,1
Selbstdenker75,markrudolph2701,1
SemperFunds,CEOAdam,1
SemperFunds,elonmusk,1
SemperFunds,masked_investor,1
Sencer_H,terskaplumbaa,1
SenjutsuSage,Srnunez1023,2
SerenLavant,DRayRaven,1
SerenLavant,buzzman123,1
SerenLavant,elonmusk,1
SerenLavant,itsJeffTiedrich,1
SerennosDuke,delilikvejack,1
SergioVengeance,Molson_Hart,1
SergioVengeance,moseskagan,1
SergioVengeance,profgalloway,1
SergioVengeance,tylertringas,1
SeriousGood,EvrybodynthrMom,1
SeriousGood,GailAlfarATX,1
SeriousGood,IheartTesla,1
SeriousGood,JenniCurrent,1
SeriousGood,Kristennetten,1
SeriousGood,Tesla,1
SeriousGood,TeslaOwnersEBay,1
SeriousGood,blueskykites,1
SeriousGood,daelmor,1
SeriousGood,elonmusk,1
SeriousGood,teslacn,1
SetUpUsTheB0mb,Dina43810070,1
SetUpUsTheB0mb,Liveitup331,1
SetUpUsTheB0mb,Tesla2Lucid,1
SetUpUsTheB0mb,elonmusk,1
SetUpUsTheB0mb,masegoslin,1
SetUpUsTheB0mb,teslaownersSV,1
Seth_Horwitz,neontaster,1
ShamesEdward,elonmusk,1
Shane_Partlow,Tesla,1
Shane_Partlow,cis5YnJE607xzs5,1
SharathSubbu,Falconwingsnj,1
SharathSubbu,Tesla,1
SharonBlogging,EvrybodynthrMom,1
SharonBlogging,GailAlfarATX,1
SharonBlogging,IheartTesla,1
SharonBlogging,JenniCurrent,1
SharonBlogging,Kristennetten,1
SharonBlogging,Tesla,1
SharonBlogging,TeslaOwnersEBay,1
SharonBlogging,blueskykites,1
SharonBlogging,daelmor,1
SharonBlogging,elonmusk,1
SharonBlogging,teslacn,1
ShaulJacob,elonmusk,1
ShawnAn90698883,TheDogeOfSwabia,1
ShawnLynas,Falconwingsnj,1
ShawnLynas,Tesla,1
SheebaChoudhry,Tesla,1
SheebaChoudhry,choudhry_29,1
SheebaChoudhry,elonmusk,1
ShehabCrypto,blinkist,1
ShellMithra,Falconwingsnj,1
ShellMithra,Tesla,1
Sherri_Lynn_W,EvrybodynthrMom,1
Sherri_Lynn_W,GailAlfarATX,1
Sherri_Lynn_W,IheartTesla,1
Sherri_Lynn_W,JenniCurrent,1
Sherri_Lynn_W,Kristennetten,1
Sherri_Lynn_W,Tesla,1
Sherri_Lynn_W,TeslaOwnersEBay,1
Sherri_Lynn_W,blueskykites,1
Sherri_Lynn_W,daelmor,1
Sherri_Lynn_W,elonmusk,1
Sherri_Lynn_W,teslacn,1
ShhhhDontTalk,Tesla_church365,1
ShhhhDontTalk,bennyjohnson,1
ShhhhDontTalk,naeo85,1
Shihab_aaqil00,elonmusk,1
Shirley11200,Pmgraham86,1
Shirley11200,RobinToal,1
Shooter661,Rob_GenX66,1
Shooter661,TheTorontoSun,1
ShrimpTeslaLong,Viktorteslafan,1
Shurtugal881,BLKMDL3,1
Shurtugal881,LucidMotors,1
Shurtugal881,OaksKingston,1
Shurtugal881,Tesla,1
Shurtugal881,Tesla2Lucid,1
Shurtugal881,TeslaCharging,1
Shurtugal881,dictionaryhill,1
Shurtugal881,elonmusk,2
Shurtugal881,gr8ball83,1
Shurtugal881,masegoslin,1
SiachiNFT,EvrybodynthrMom,2
SiachiNFT,GailAlfarATX,2
SiachiNFT,IheartTesla,2
SiachiNFT,JenniCurrent,2
SiachiNFT,Kristennetten,2
SiachiNFT,Tesla,2
SiachiNFT,TeslaOwnersEBay,2
SiachiNFT,blueskykites,2
SiachiNFT,daelmor,2
SiachiNFT,elonmusk,2
SiachiNFT,teslacn,2
Sick_of_Bias,greg16676935420,1
SidorsTomass,GailAlfarATX,1
SidorsTomass,IheartTesla,1
SidorsTomass,JenniCurrent,1
SidorsTomass,Kristennetten,1
SidorsTomass,Tesla,1
SidorsTomass,TeslaOwnersEBay,1
SidorsTomass,blueskykites,1
SidorsTomass,daelmor,1
SidorsTomass,elonmusk,1
SidorsTomass,teslacn,1
SieversJoern,leo_tiedt,1
Silkroute17,GailAlfarATX,1
Silkroute17,IheartTesla,1
Silkroute17,JenniCurrent,1
Silkroute17,Kristennetten,1
Silkroute17,Tesla,1
Silkroute17,TeslaOwnersEBay,1
Silkroute17,blueskykites,1
Silkroute17,daelmor,1
Silkroute17,elonmusk,1
Silkroute17,teslacn,1
Sim_alam83,Brehmel,1
Sim_alam83,C_S_Skeptic,1
Sim_alam83,Jim19499911,1
Sim_alam83,Mpmocean,1
Sim_alam83,SardonicCanuck,1
Sim_alam83,TankyBashem,2
Sim_alam83,Tesla,8
Sim_alam83,ValueAnalyst1,1
Sim_alam83,kanevil626,1
Sim_alam83,munster_gene,8
Sim_alam83,notAbot123450,1
Sim_alam83,rako_sebastian,2
Sim_alam83,teshen8lin,1
SimonFinestra,elonmusk,1
SimonRook1,Tesla,1
SimonRook1,elonmusk,1
SimonRook1,tesla_adri,1
SirToivonen,SaarelaHeikki,1
SirToivonen,iltalehti_fi,1
SixbyFire,GailAlfarATX,1
SixbyFire,IheartTesla,1
SixbyFire,JenniCurrent,1
SixbyFire,Kristennetten,1
SixbyFire,Tesla,1
SixbyFire,TeslaOwnersEBay,1
SixbyFire,blueskykites,1
SixbyFire,daelmor,1
SixbyFire,elonmusk,1
SixbyFire,teslacn,1
SjvTesla,BabyTesla3,1
SjvTesla,DirtyTesLa,1
SjvTesla,ElectrifyAm,1
SjvTesla,EliBurton_,1
SjvTesla,TeslaClubSoCal,1
SjvTesla,elonmusk,1
SjvTesla,teslaownersSV,1
SjvTesla,tommolog,1
Skate_a_book,DamonFillman,1
Skate_a_book,TeslaSpaceXfan,1
Skate_a_book,weezilla,1
SkiingBlock,EvrybodynthrMom,1
SkiingBlock,GailAlfarATX,1
SkiingBlock,IheartTesla,1
SkiingBlock,JenniCurrent,1
SkiingBlock,Kristennetten,1
SkiingBlock,Tesla,1
SkiingBlock,TeslaOwnersEBay,1
SkiingBlock,blueskykites,1
SkiingBlock,daelmor,1
SkiingBlock,elonmusk,1
SkiingBlock,teslacn,1
SkinnyManTerraC,EvrybodynthrMom,1
SkinnyManTerraC,GailAlfarATX,1
SkinnyManTerraC,IheartTesla,1
SkinnyManTerraC,JenniCurrent,1
SkinnyManTerraC,Kristennetten,1
SkinnyManTerraC,Tesla,1
SkinnyManTerraC,TeslaOwnersEBay,1
SkinnyManTerraC,blueskykites,1
SkinnyManTerraC,daelmor,1
SkinnyManTerraC,elonmusk,1
SkinnyManTerraC,teslacn,1
SkySF,eallenderil,1
Skylarkwinter,EvrybodynthrMom,1
Skylarkwinter,GailAlfarATX,1
Skylarkwinter,IheartTesla,1
Skylarkwinter,JenniCurrent,1
Skylarkwinter,Kristennetten,1
Skylarkwinter,Tesla,1
Skylarkwinter,TeslaOwnersEBay,1
Skylarkwinter,blueskykites,1
Skylarkwinter,daelmor,1
Skylarkwinter,elonmusk,1
Skylarkwinter,teslacn,1
SloppyBanans,newscentermaine,1
SmithRiao,TESLA_CREADOR,1
SmotWicket,Tesla,1
SmotWicket,_bennettm_,1
SmotWicket,elonmusk,1
SmudgeySmudges,AustinTeslaClub,1
SmudgeySmudges,Tesla,1
SmudgeySmudges,WholeMarsBlog,1
SmudgeySmudges,elonmusk,1
SmudgeySmudges,klwtts,1
SnappingNeuron,DeItaone,1
SnarkyBiatch,elonmusk,1
SnarkySpanky,elonmusk,1
SnarkySpanky,geargodd,1
Snarky_Penguin,bvaleblv,1
Snarky_Penguin,elonmusk,1
Snarky_Penguin,kellenflanagan,1
Snarky_Penguin,unusual_whales,1
SndorSrkzi2,Tesla,1
SndorSrkzi2,lovemesomemusk,1
Snip33rz,tradebani,1
Sniper137_,yianderm,1
SoggySusan,ESGhound,1
SoggySusan,IanSamyth,1
SoggySusan,mmt_lvt,1
SonjaBorjan,driverminnie,1
SoulesAlejandro,Noel_zeek,1
SoulesAlejandro,RickMcIntosh16,1
SoulesAlejandro,elonmusk,3
SoulesAlejandro,greg16676935420,1
SoulesAlejandro,labyrinthweaver,2
Sounds_4_People,LOLGOP,1
SovietOJ,EvrybodynthrMom,1
SovietOJ,GailAlfarATX,1
SovietOJ,IheartTesla,1
SovietOJ,JenniCurrent,1
SovietOJ,Kristennetten,1
SovietOJ,Tesla,1
SovietOJ,TeslaOwnersEBay,1
SovietOJ,blueskykites,1
SovietOJ,daelmor,1
SovietOJ,elonmusk,1
SovietOJ,teslacn,1
SpaFoot2,Azbrian0317,1
SpaFoot2,davidmweissman,1
SpaFoot2,elonmusk,1
SpaceProphet3,EvrybodynthrMom,1
SpaceProphet3,GailAlfarATX,1
SpaceProphet3,IheartTesla,1
SpaceProphet3,JenniCurrent,1
SpaceProphet3,Kristennetten,1
SpaceProphet3,Tesla,1
SpaceProphet3,TeslaOwnersEBay,1
SpaceProphet3,blueskykites,1
SpaceProphet3,daelmor,1
SpaceProphet3,elonmusk,1
SpaceProphet3,teslacn,1
Space_Randy69,Timcast,1
Space_Randy69,jaginger,1
Speak4Tomorrow,Mollyploofkins,1
SpeciallyEduca8,EvrybodynthrMom,1
SpeciallyEduca8,GailAlfarATX,1
SpeciallyEduca8,IheartTesla,1
SpeciallyEduca8,JenniCurrent,1
SpeciallyEduca8,Kristennetten,1
SpeciallyEduca8,Tesla,1
SpeciallyEduca8,TeslaOwnersEBay,1
SpeciallyEduca8,blueskykites,1
SpeciallyEduca8,daelmor,1
SpeciallyEduca8,elonmusk,1
SpeciallyEduca8,teslacn,1
Spelling_Expurt,squawksquare,1
SpencerBello1,MsMfrunker,1
Sph1984,elonmusk,1
SpiceWare,JC25509243,1
SpiceWare,OLD_DOGGG,1
SpiceWare,elonmusk,1
SpiceWare,jtsuno,1
SpiceWare,laurenfix,1
Sponts84,GM,1
Sponts84,GNKclinkclunk,1
Sponts84,Jason_Oldham,1
Sponts84,alandail,1
SportsDjf,EvrybodynthrMom,1
SportsDjf,GailAlfarATX,1
SportsDjf,IheartTesla,1
SportsDjf,JenniCurrent,1
SportsDjf,Kristennetten,1
SportsDjf,Tesla,1
SportsDjf,TeslaOwnersEBay,1
SportsDjf,blueskykites,1
SportsDjf,daelmor,1
SportsDjf,elonmusk,1
SportsDjf,teslacn,1
Spyderp_Man,FoxNews,3
Spyderp_Man,TPostMillennial,1
Spyderp_Man,lavern_spicer,1
Spyderp_Man,nypost,1
Spyderp_Man,thehill,1
SrCadburyCrypto,agusnox,1
Srevilo,olewin,2
Sslayer141,EvrybodynthrMom,1
Sslayer141,GailAlfarATX,1
Sslayer141,IheartTesla,1
Sslayer141,JenniCurrent,1
Sslayer141,Kristennetten,1
Sslayer141,Tesla,1
Sslayer141,TeslaOwnersEBay,1
Sslayer141,blueskykites,1
Sslayer141,daelmor,1
Sslayer141,elonmusk,1
Sslayer141,teslacn,1
StAugDawg,DimaZeniuk,1
StAugDawg,Tesla,1
StAugDawg,elonmusk,1
StaceyRoy1973,Corey_Peters,1
StaceyRoy1973,elonmusk,1
StangelandShawn,TSLAgang,1
StangelandShawn,WholeMarsBlog,1
StanphylCap,John_Hempton,1
Stanthemanusul,Dodl3000,1
Stanthemanusul,Jackystarlet,1
Stanthemanusul,Jawad_Dheini,2
Stanthemanusul,TheNewTito,2
Stanthemanusul,bitcoincorda,2
Stanthemanusul,elonmusk,2
Stanthemanusul,engineers_feed,3
Stanthemanusul,garyhgoodridge,2
Stanthemanusul,keshava_usa,2
StarLost_1701,PeeLo73,1
Stardustraven2,Mollyploofkins,1
Starflag101,Cienciaymas_,1
Starflag101,unpococlint,1
Starlink_is_lyf,Falconwingsnj,1
Starlink_is_lyf,Tesla,1
Starlink_is_lyf,elonmusk,1
Starlink_is_lyf,z93015667,1
StartAInfecti0n,jimmylittle,1
StartAInfecti0n,yitgordon,1
StatisticsTesla,DBurkland,1
StatisticsTesla,DimaZeniuk,1
StatisticsTesla,DutchieHuigens,1
StatisticsTesla,Inelonwetrust__,1
StatisticsTesla,MFrunker,2
StatisticsTesla,MarkZuckerbeg,1
StatisticsTesla,MccurtainScott,1
StatisticsTesla,MsMfrunker,1
StatisticsTesla,RenataKonkoly,1
StatisticsTesla,SjvTesla,1
StatisticsTesla,TeslaOwnersEBay,1
StatisticsTesla,Twitter,1
StatisticsTesla,chicago_glenn,1
StatisticsTesla,daelmor,2
StatisticsTesla,elonmusk,1
StatisticsTesla,spotted_model,1
StatisticsTesla,wanda_hudson,1
StatumTransitur,elonmusk,1
StatumTransitur,itsJeffTiedrich,1
Stazzonephoto,DawnDiamondHand,1
Stazzonephoto,ReviewDork,1
Stazzonephoto,ShortTheVix1,1
Stazzonephoto,masked_investor,1
Stazzonephoto,trade_1348,1
StealthyG,badgercop,1
StealthyG,eon_next,1
StefanieKannen2,KXAN_News,1
StefanieKannen2,TomMillerKXAN,1
StefanoBoglioni,Tesla,2
StefanoBoglioni,TickerSymbolYOU,2
StefanoBoglioni,Twitter,2
StefanoBoglioni,elonmusk,2
SteffanPatrik,alex_avoigt,1
Steinfireflint,elonmusk,1
StellaAmato4,EvrybodynthrMom,2
StellaAmato4,GailAlfarATX,2
StellaAmato4,IheartTesla,2
StellaAmato4,JenniCurrent,2
StellaAmato4,Kristennetten,2
StellaAmato4,Tesla,2
StellaAmato4,TeslaOwnersEBay,2
StellaAmato4,Yolo1Crypto,1
StellaAmato4,blueskykites,2
StellaAmato4,daelmor,2
StellaAmato4,elonmusk,2
StellaAmato4,teslacn,2
StephenGBucketz,elonmusk,1
StephenGBucketz,greg16676935420,1
StephenKirklan2,RonFilipkowski,1
StephenKirklan2,jaykle314,1
StephenKirklan2,lawindsor,1
StephenKirklan2,on_tesla,1
StephenMajor,nytimes,2
StephenMajor,seanrm92,1
Steve666333,elonmusk,1
SteveNews4,VolatilityTrad1,1
SteveTa10934199,chengyulee80,1
SteveTa10934199,pakpakchicken,1
StevenJ1279,ArmandoNDK,1
StevenLeeSimon,EvrybodynthrMom,1
StevenLeeSimon,GailAlfarATX,1
StevenLeeSimon,IheartTesla,1
StevenLeeSimon,JenniCurrent,1
StevenLeeSimon,Kristennetten,1
StevenLeeSimon,Tesla,1
StevenLeeSimon,TeslaOwnersEBay,1
StevenLeeSimon,blueskykites,1
StevenLeeSimon,daelmor,1
StevenLeeSimon,elonmusk,1
StevenLeeSimon,teslacn,1
StevenTylerAZ,MGFord,1
StevenTylerAZ,Tesla,1
StevenTylerAZ,elonmusk,1
StevenWHopkins,Tesla,1
StevenWHopkins,cis5YnJE607xzs5,1
StevieC22534754,DimaZeniuk,1
StevieC22534754,Tesla,1
StevieC22534754,elonmusk,1
StingerHottub,themodernnmom,1
StonkTrapHouse,EvrybodynthrMom,1
StonkTrapHouse,GailAlfarATX,1
StonkTrapHouse,IheartTesla,1
StonkTrapHouse,JenniCurrent,1
StonkTrapHouse,Kristennetten,1
StonkTrapHouse,Tesla,1
StonkTrapHouse,TeslaOwnersEBay,1
StonkTrapHouse,blueskykites,1
StonkTrapHouse,daelmor,1
StonkTrapHouse,elonmusk,1
StonkTrapHouse,teslacn,1
Stoyko1Veronika,EPavlic,1
Stoyko1Veronika,EvaFoxU,1
Stoyko1Veronika,PetrellaRealty,1
Stoyko1Veronika,SawyerMerritt,1
Stoyko1Veronika,Tesla,4
Stoyko1Veronika,TeslaChillMode,1
Stoyko1Veronika,TeslaNY,1
Stoyko1Veronika,TeslaOwnersEBay,1
Stoyko1Veronika,WholeMarsBlog,1
Stoyko1Veronika,ajtourville,1
Stoyko1Veronika,elonmusk,2
Stoyko1Veronika,klwtts,1
Stoyko1Veronika,lovemesomemusk,1
Stoyko1Veronika,mayemusk,1
Stoyko1Veronika,omead,1
Stoyko1Veronika,peterdog15,1
Stoyko1Veronika,teslaownersSV,1
Strata28713382,AAttalides,1
Strata28713382,Twitter,1
Strata28713382,elonmusk,1
StrategistSpace,EvrybodynthrMom,1
StrategistSpace,GailAlfarATX,1
StrategistSpace,IheartTesla,1
StrategistSpace,JenniCurrent,1
StrategistSpace,Kristennetten,1
StrategistSpace,Tesla,1
StrategistSpace,TeslaOwnersEBay,1
StrategistSpace,blueskykites,1
StrategistSpace,daelmor,1
StrategistSpace,elonmusk,1
StrategistSpace,teslacn,1
StringerHolding,cdntradegrljenn,1
SuarezMedardo,compaiRENE,1
SudarshanAG,madiator,1
Sue5955,Allan91524744,2
Sue5955,WholeMarsBlog,2
Sue5955,phenryart,2
Suedous,TataMotors,1
Suedous,anandmahindra,1
Suffolkboy5,elonmusk,1
Suganthanmn,DimaZeniuk,1
Suganthanmn,Tesla,1
Suganthanmn,elonmusk,1
Suganthanmn,raffaeru,1
SukeGar,north_tesla,1
SundariShyamala,EvrybodynthrMom,1
SundariShyamala,GailAlfarATX,1
SundariShyamala,IheartTesla,1
SundariShyamala,JenniCurrent,1
SundariShyamala,Kristennetten,1
SundariShyamala,Tesla,1
SundariShyamala,TeslaOwnersEBay,1
SundariShyamala,blueskykites,1
SundariShyamala,daelmor,1
SundariShyamala,elonmusk,1
SundariShyamala,teslacn,1
SunshineDriver,pearl_tesla,1
SuperMa82824299,DBurkland,1
SuperMa82824299,Tesla,1
SuperMa82824299,elonmusk,1
SuperboffinLA,FreudParallel,3
SuperboffinLA,TheDumpster1983,3
SuperboffinLA,TimRunsHisMouth,3
SuperboffinLA,yodasmell,3
Superted386,EvrybodynthrMom,1
Superted386,GailAlfarATX,1
Superted386,IheartTesla,1
Superted386,JenniCurrent,1
Superted386,Kristennetten,1
Superted386,Tesla,1
Superted386,TeslaOwnersEBay,1
Superted386,blueskykites,1
Superted386,daelmor,1
Superted386,elonmusk,1
Superted386,teslacn,1
Superutz,AreHonks,1
Superutz,Juergen_Kaiser,1
Superutz,darth_mutti123,1
SuprateekGoyal,EvrybodynthrMom,1
SuprateekGoyal,GailAlfarATX,1
SuprateekGoyal,IheartTesla,1
SuprateekGoyal,JenniCurrent,1
SuprateekGoyal,Kristennetten,1
SuprateekGoyal,Tesla,1
SuprateekGoyal,TeslaOwnersEBay,1
SuprateekGoyal,blueskykites,1
SuprateekGoyal,daelmor,1
SuprateekGoyal,elonmusk,1
SuprateekGoyal,teslacn,1
SureshS08818469,elonmusk,1
Surfingcity,elonmusk,1
SweeperSolana,Branche_SC,1
SweeperSolana,eshmeeeesh,1
Swejjan,SawyerMerritt,1
Swejjan,Tesla,1
Swejjan,TeslaCharging,1
SwissFamilyTsla,Tesla,1
SwissFamilyTsla,elonmusk,1
SwissFamilyTsla,tesla_adri,1
Swissiws1,Tesla_GTownTX,1
Swissiws1,WholeMarsBlog,1
Syzrgy101,elonmusk,1
Syzrgy101,greg16676935420,1
T2GxMo,Prophitcy,1
TCG_Comic,Azbrian0317,1
TCG_Comic,Middleclasswgs,1
TCG_Comic,NamelessGhoulTX,1
TCG_Comic,davidmweissman,1
TCG_Comic,elonmusk,1
TCbigblue,JamesGRickards,1
TEE90525016,Falconwingsnj,1
TEE90525016,Tesla,1
TESLAMODELX9211,papa4c_tesla,2
TESMED21,SawyerMerritt,1
TFFeV,Tesla,1
TFFeV,TeslaOwnersUK,1
TFFeV,elonmusk,1
THEYOUNGSOUL2,elonmusk,1
TJIRISH53,dogesuppporteam,1
TJIRISH53,elonmusk,1
TJackrat,teslaloosa,1
TKlun1,SnarkyPixel_,1
TKlun1,WholeMarsBlog,1
TKlun1,elonmusk,1
TKov10,MattWallace888,1
TKov10,elonmusk,1
TKov10,fischer_price7,1
TLVOilTrader,elonmusk,1
TMironenka,elonmusk,1
TMyslowski,AHaman1916,1
TMyslowski,HealthyPeoplePL,1
TMyslowski,SzczecinMoto,1
TMyslowski,Tesla,1
TMyslowski,Teslarati,1
TMyslowski,elonmusk,1
TMyslowski,wojcikofficial,1
TONE13817103,DirtyTesLa,1
TONE13817103,Tesla,1
TONE13817103,wanda_hudson,1
TReviewr,elonmusk,1
TReviewr,greg16676935420,1
TSLA4orphans,EvrybodynthrMom,2
TSLA4orphans,GailAlfarATX,2
TSLA4orphans,IheartTesla,2
TSLA4orphans,JenniCurrent,2
TSLA4orphans,Kristennetten,2
TSLA4orphans,Tesla,2
TSLA4orphans,TeslaOwnersEBay,2
TSLA4orphans,blueskykites,2
TSLA4orphans,daelmor,2
TSLA4orphans,elonmusk,2
TSLA4orphans,teslacn,2
TSLZfoundation,SawyerMerritt,1
TSLZfoundation,WholeMarsBlog,1
TSLZfoundation,garyblack00,1
TSLZfoundation,hikingskiing,1
TS_model3_RWD,tesla_3578,2
TS_model3_RWD,tesla_kobe,3
TTefasfgas,RickMcIntosh16,1
TTefasfgas,elonmusk,1
TTefasfgas,greg16676935420,1
TXTweat,NotATweeter16,1
TXTweat,elonmusk,1
TZdisruption,LucidInsider,1
TZdisruption,Tesla,1
TZdisruption,elonmusk,1
TZdisruption,tesla_adri,1
TZnidarcic,111Truth777,1
TZnidarcic,PLANDEMIJA1,1
TZnidarcic,VRUNDRAGICA,1
T_A_Raichu,EvrybodynthrMom,1
T_A_Raichu,GailAlfarATX,1
T_A_Raichu,IheartTesla,1
T_A_Raichu,JenniCurrent,1
T_A_Raichu,Kristennetten,1
T_A_Raichu,Tesla,1
T_A_Raichu,TeslaOwnersEBay,1
T_A_Raichu,blueskykites,1
T_A_Raichu,daelmor,1
T_A_Raichu,elonmusk,1
T_A_Raichu,teslacn,1
TackyKakiSan,Amf187430,1
TackyKakiSan,Tesla,1
TactiCoolMemes,IfNotPike,1
TactiCoolMemes,adhoc_yt,1
TalbottRicky,EvrybodynthrMom,1
TalbottRicky,GailAlfarATX,1
TalbottRicky,IheartTesla,1
TalbottRicky,JenniCurrent,1
TalbottRicky,Kristennetten,1
TalbottRicky,Tesla,1
TalbottRicky,TeslaOwnersEBay,1
TalbottRicky,blueskykites,1
TalbottRicky,daelmor,1
TalbottRicky,elonmusk,1
TalbottRicky,teslacn,1
TallmanTrades,SosaUTD,1
TallmanTrades,elonmusk,1
TallmanTrades,soraiabrum,1
TamoDalekO11,man_norwegian,1
Tapiwa31532846,PPathole,1
Tapiwa31532846,SECGov,1
Tapiwa31532846,elonmusk,1
Tapiwa31532846,itsALLrisky,1
TapsyKristy,BaRuvaaa,1
TapsyKristy,Jones_Malvin,1
TapsyKristy,bdbbabbie,1
Tashkenli,elonmusk,1
Tashkenli,laylo_anvarovna,1
TatjanaTanasko1,Petar_1,1
TatjanaTanasko1,SpavaZlo,1
Taylor_Made72,BLKMDL3,1
Taylor_Made72,NickCannon,1
Taylor_Made72,elonmusk,1
TazGweilo,GAdam89,2
TazGweilo,POTUS,2
TazGweilo,Palak29491336,2
TazGweilo,Tesla,2
TazGweilo,dhdbfie,2
TazGweilo,kriskaymc,2
TazGweilo,sadcinnati,2
TazGweilo,sixtyninefyeah,2
TechDoth,Falconwingsnj,1
TechDoth,Tesla,1
TechGeek73,elonmusk,1
TechPreacher,CrazyWeeMonkey,3
TechPreacher,JaredChamney,3
TechPreacher,Knightw0lf_,2
TechPreacher,SawyerMerritt,3
TechPreacher,Tesla,6
TechPreacher,autotestsonline,1
TechPreacher,j_vikingland,3
TechPreacher,ooswald,3
TechWorldInnov8,alex_avoigt,1
TechWorldInnov8,rako_sebastian,1
Techgnostik,DimaZeniuk,1
Techgnostik,Tesla,1
Techgnostik,elonmusk,1
TechnikKompakt,Baeumleschule,1
TechnikKompakt,SubNat69,1
TedTegridy,elonmusk,1
TedTegridy,greg16676935420,1
TelegramFC,EvrybodynthrMom,1
TelegramFC,GailAlfarATX,1
TelegramFC,IheartTesla,1
TelegramFC,JenniCurrent,1
TelegramFC,Kristennetten,1
TelegramFC,Tesla,1
TelegramFC,TeslaOwnersEBay,1
TelegramFC,blueskykites,1
TelegramFC,daelmor,1
TelegramFC,elonmusk,1
TelegramFC,teslacn,1
TerrencioJ,TESLA_CREADOR,1
TerryCo40928425,Ford,1
TerryCo40928425,Juniors_8Ball,1
TerryCo40928425,KashCf,1
TerryCo40928425,Kaylan_TX,1
TerryCo40928425,SnarkyLive,1
TerryCo40928425,Tesla,1
TerryCo40928425,TheRickWilson,1
TerryOMalley20,PPathole,1
TerryOMalley20,Tesla,1
TerryOMalley20,elonmusk,1
Tesla2Lucid,FrankFaust18,2
Tesla2Lucid,FthePump1,4
Tesla2Lucid,Holley_News,4
Tesla2Lucid,LetsGoLucid2022,1
Tesla2Lucid,Lucid,4
Tesla2Lucid,LucidMotors,7
Tesla2Lucid,NHRA,2
Tesla2Lucid,RaceSonoma,2
Tesla2Lucid,Tesla,7
Tesla2Lucid,TeslaClubSoCal,4
Tesla2Lucid,TwixDaPoodle,1
Tesla2Lucid,UnderstatedTMS,1
Tesla2Lucid,dan_karau,1
Tesla2Lucid,elonmusk,3
Tesla2Lucid,masegoslin,6
Tesla2Lucid,psychlyst1,2
Tesla2Lucid,thePike_1,1
TeslaBullofSwe,BeerPeak,1
TeslaBullofSwe,TaylorOgan,1
TeslaBullofSwe,alanyapxh,1
TeslaClubFrance,Tesla,1
TeslaClubFrance,electricfelix,1
TeslaConverted,tim4hire,1
TeslaDiva99,99brownKaryl,5
TeslaDiva99,DoKimCPA,1
TeslaDiva99,Ironman_E,1
TeslaDiva99,KimKlausSellsAZ,1
TeslaDiva99,PauljHorton,5
TeslaDiva99,R6Alex,5
TeslaDiva99,Tesla,5
TeslaDiva99,WhatsupFranks,5
TeslaDiva99,atk0506,5
TeslaDiva99,blueskykites,5
TeslaDiva99,ggggmmpp,1
TeslaDiva99,hope4494,5
TeslaDiva99,teslanatrix,1
TeslaForThe_Win,13Heroes,1
TeslaForThe_Win,Falconwingsnj,1
TeslaForThe_Win,Tesla,1
TeslaFormula,garyblack00,2
TeslaInTheUK,F1Ruaraidh,2
TeslaJoy,Tesla2Lucid,1
TeslaLisa,elonmusk,1
TeslaMadMax,EvrybodynthrMom,1
TeslaMadMax,GailAlfarATX,1
TeslaMadMax,IheartTesla,1
TeslaMadMax,JenniCurrent,1
TeslaMadMax,Kristennetten,1
TeslaMadMax,Tesla,1
TeslaMadMax,TeslaOwnersEBay,1
TeslaMadMax,blueskykites,1
TeslaMadMax,daelmor,1
TeslaMadMax,elonmusk,1
TeslaMadMax,teslacn,1
TeslaParaTodos,CarlosDG_Tesla,2
TeslaParaTodos,TesLatino,1
TeslaParaTodos,elonmusk,1
TeslaPhonatic,VictorTsang19,1
TeslaPhonatic,squawksquare,1
TeslaRedThunder,CarlosDG_Tesla,1
TeslaRedThunder,Namekytal,1
TeslaRedThunder,TeslaParaTodos,1
TeslaSpaceXfan,BradMunchen,1
TeslaSpaceXfan,Harmsy87,1
TeslaSpaceXfan,SawyerMerritt,1
TeslaUpdateInfo,DivingDeveloper,1
TeslaUpdateInfo,DriveTeslaca,1
TeslaUpdateInfo,SpaceX,1
TeslaUpdateInfo,Tesla,1
TeslaUpdateInfo,elonmusk,1
TeslaUpdateInfo,joexn,1
TeslaUpdateInfo,tesla_adri,1
Tesla_AI_Bot,CYBRTRK420,1
Tesla_AI_Bot,DirtyTesLa,1
Tesla_AI_Bot,Tesla,1
Tesla_AI_Bot,elonmusk,1
Tesla_Dawg,RealDanODowd,1
Tesla_Dawg,Tesla,1
Tesla_Dawg,elonmusk,1
TeslariFreeWord,SawyerMerritt,1
TeslarkMAN,Parkarathon_,1
TeslarkMAN,TESLA_is_FUTURE,1
TexRob4,Falconwingsnj,1
TexRob4,Tesla,1
Tforlifemodely,TaylorOgan,1
Tfoxgogo,fly4dat,1
ThaGFam1,LucidMotors,1
ThaGFam1,Tesla,1
ThaGFam1,Tesla2Lucid,1
ThaGFam1,elonmusk,1
ThaGFam1,masegoslin,1
ThachKids,PiHub_Utility,1
ThatOneDutchGuy,BurnerSowells,1
ThatOneDutchGuy,Daveincowtown,1
ThatOneDutchGuy,OverThinkStuff,1
ThatOneDutchGuy,elonmusk,1
ThatOneDutchGuy,jtemecula,1
ThatOneDutchGuy,r__narne,1
ThatOneDutchGuy,vvslavavv,1
ThatsGoing,TheAlexisKraft,1
ThatsGoing,ThomasMoneyhon,1
ThatsGoing,coldgamecrispy,1
ThatsGoing,elonmusk,1
ThatsGoing,max_roi,1
ThatsGoing,thefarcentrist,1
TheAVNetworkGuy,Falconwingsnj,2
TheAVNetworkGuy,Frazier22Rick,2
TheAVNetworkGuy,NiddrieRichard,2
TheAVNetworkGuy,Tesla,2
TheAceMar,BrightYawjoy,1
TheAceMar,LetsGoLucid2022,1
TheAceMar,LucidMotors,1
TheAceMar,Tesla,1
TheAceMar,Tesla2Lucid,1
TheAceMar,dan_karau,1
TheAceMar,elonmusk,1
TheAceMar,masegoslin,1
TheAceMar,thePike_1,1
TheAdrock13,elonmusk,1
TheAgentRocket,timmyotoole23,1
TheAngryPundit,FoxNews,1
TheAttack5,mmeganford,1
TheBeastUnleas6,elonmusk,1
TheBenjaminGuy,CBSNews,1
TheBlakeCheck,Tesla,1
TheBlakeCheck,macun81,1
TheBlakeCheck,teslabros,1
TheBlueMeme,adamdavidson,1
TheBoobla,DollarBill_60,4
TheBoobla,LeastEyeTryd,3
TheBoobla,TicTocTick,4
TheBoobla,elonmusk,4
TheBoobla,mgogel,1
TheBookFinch,thefancyhatlady,1
TheBrainA,EvrybodynthrMom,1
TheBrainA,GailAlfarATX,1
TheBrainA,IheartTesla,1
TheBrainA,JenniCurrent,1
TheBrainA,Kristennetten,1
TheBrainA,Tesla,1
TheBrainA,TeslaOwnersEBay,1
TheBrainA,blueskykites,1
TheBrainA,daelmor,1
TheBrainA,elonmusk,1
TheBrainA,teslacn,1
TheBrownInv,RedHatNoShirt,1
TheBrownInv,ronmortgageguy,1
TheCardiganB,DesinNam1,1
TheCardiganB,TD_Tesla,1
TheCardiganB,robertrosenfeld,1
TheChunkyPotato,slye,1
TheDivineStein,Timcast,1
TheDogeBird,Tesla,1
TheDogeBird,sgtesco,1
TheDogeSon1,EnronChairman,1
TheElonMuskrat,elonmusk,1
TheEuroIsDoomed,LucidMotors,1
TheEuroIsDoomed,Tesla,1
TheEuroIsDoomed,Tesla2Lucid,1
TheEuroIsDoomed,elonmusk,1
TheEuroIsDoomed,masegoslin,1
TheFish23,Accomplishplus,1
TheFish23,BJJ19561,1
TheFish23,LiveOnTheChat,1
TheInitiate2,BagholderQuotes,1
TheInitiate2,campbellbrianh1,1
TheJewbyrd7777,DirtyTesLa,2
TheJewbyrd7777,Tesla,2
TheJewbyrd7777,TeslaStars,2
TheJewbyrd7777,elonmusk,2
TheJewbyrd7777,scottwww,2
TheKeyKeeper_,greg16676935420,1
TheKrow10,MMarz4,1
TheKrow10,MikeOverby2,1
TheKrow10,Most_Maximus,1
TheKrow10,anne_cereda,1
TheKrow10,yobizness,1
TheLifeandLega1,Tesla,1
TheLifeandLega1,agathaslugg,1
TheLifeandLega1,elonmusk,1
TheMcKenziest,elonmusk,1
TheMcKenziest,unusual_whales,1
TheMetalChef93,TheAlexisKraft,1
TheMetalChef93,coldgamecrispy,1
TheMetalChef93,elonmusk,1
TheMikeMorton,EvrybodynthrMom,1
TheMikeMorton,GailAlfarATX,1
TheMikeMorton,IheartTesla,1
TheMikeMorton,JenniCurrent,1
TheMikeMorton,Kristennetten,1
TheMikeMorton,Tesla,1
TheMikeMorton,TeslaOwnersEBay,1
TheMikeMorton,blueskykites,1
TheMikeMorton,daelmor,1
TheMikeMorton,elonmusk,1
TheMikeMorton,teslacn,1
TheMurr113,WatcherGuru,1
TheMurr113,elonmusk,1
TheNerdium,IamSaketJha,1
TheNewTito,Stanthemanusul,1
TheNewTito,bitcoincorda,1
TheNewTito,engineers_feed,1
TheOthe27567954,Lewis_Brackpool,1
TheOthe27567954,elonmusk,1
ThePeterVaradi,DirtyTesLa,1
ThePeterVaradi,Tesla,1
ThePeterVaradi,cantechit,1
ThePeterVaradi,elonmusk,1
TheRealCorey420,Dust_N_Dreams,1
TheRealCorey420,Sciencenature14,1
TheRealHappySke,ImJacksDejaVu,1
TheRealHappySke,Ken_0ath,1
TheRealHappySke,Miss__TC,1
TheRealHappySke,Poposh21,1
TheRealHappySke,YaKhu3,1
TheRealHappySke,andrestelflaco,1
TheRealHappySke,elonmusk,1
TheRealHinano,craigscoinpurse,1
TheRealHinano,veve_official,1
TheRealThelmaJ1,elonmusk,1
TheRentIsDue_,notmrmanziel,1
TheSoulCab,elonmusk,1
TheStellaBlake,Tesla,2
TheStyGuy,Tesla,1
TheStyGuy,WholeMarsBlog,1
TheStyGuy,cis5YnJE607xzs5,1
TheStyGuy,garyblack00,1
TheStyGuy,hikingskiing,1
TheTechJet16,MrBeast,1
TheTechJet16,YouTube,1
TheUnderDoge3,BMo76630974,1
TheUnderDoge3,EvrybodynthrMom,3
TheUnderDoge3,GailAlfarATX,3
TheUnderDoge3,IheartTesla,3
TheUnderDoge3,JenniCurrent,3
TheUnderDoge3,Kristennetten,3
TheUnderDoge3,Tesla,3
TheUnderDoge3,TeslaOwnersEBay,3
TheUnderDoge3,ZainRiz16649646,1
TheUnderDoge3,blueskykites,3
TheUnderDoge3,daelmor,3
TheUnderDoge3,elonmusk,3
TheUnderDoge3,teslacn,3
TheVigilAngel,EvrybodynthrMom,1
TheVigilAngel,GailAlfarATX,1
TheVigilAngel,IheartTesla,1
TheVigilAngel,JenniCurrent,1
TheVigilAngel,Kristennetten,1
TheVigilAngel,Tesla,1
TheVigilAngel,TeslaOwnersEBay,1
TheVigilAngel,blueskykites,1
TheVigilAngel,daelmor,1
TheVigilAngel,elonmusk,1
TheVigilAngel,teslacn,1
TheWokeconomist,zerohedge,1
TheWolf_71,elonmusk,1
The_DiabeT1c,elonmusk,1
The_GhettoOprah,ThumbarseHuber,1
The_GhettoOprah,business,1
The_GhettoOprah,mark24227825,1
The_GhettoOprah,wordsbymt,1
The_Incron,shitpostverdade,1
The_Inviziblez,EvrybodynthrMom,1
The_Inviziblez,GailAlfarATX,1
The_Inviziblez,IheartTesla,1
The_Inviziblez,JenniCurrent,1
The_Inviziblez,Kristennetten,1
The_Inviziblez,Tesla,1
The_Inviziblez,TeslaOwnersEBay,1
The_Inviziblez,blueskykites,1
The_Inviziblez,daelmor,1
The_Inviziblez,elonmusk,1
The_Inviziblez,teslacn,1
Thefounded1877,Tim_Oldland,1
Thehenchman2,elonmusk,1
Themapster1,JoeSquawk,1
Themapster1,PeterGa57410783,1
Themapster1,SquawkCNBC,1
Themapster1,andrewrsorkin,1
Themapster1,elonmusk,1
Themaskedaveng8,bennyjohnson,1
TheodoreDenney,Forbes,1
TheodoreDenney,TheMaverickWS,1
Theredwolf66,JORGELMS1,1
Theredwolf66,RanguGamer,1
Theresa49500,scottjtepper,1
Thinklab1414,carlos_a1,1
Thinklab1414,engineers_feed,1
ThisIsBrucifer,electricfelix,1
ThisIsFatin,elonmusk,1
ThomasAngel_TA,KiwiEV,1
ThomasB79298469,EvrybodynthrMom,2
ThomasB79298469,GailAlfarATX,2
ThomasB79298469,IheartTesla,2
ThomasB79298469,JenniCurrent,2
ThomasB79298469,Kristennetten,2
ThomasB79298469,Tesla,2
ThomasB79298469,TeslaOwnersEBay,2
ThomasB79298469,blueskykites,2
ThomasB79298469,daelmor,2
ThomasB79298469,elonmusk,2
ThomasB79298469,teslacn,2
ThomasGloerfeld,DonBarbone,1
ThomasGloerfeld,tazgezwitscher,1
ThomasJBertran1,TarheelKrystle,1
ThornsandClaws,EvrybodynthrMom,1
ThornsandClaws,GailAlfarATX,1
ThornsandClaws,IheartTesla,1
ThornsandClaws,JenniCurrent,1
ThornsandClaws,Kristennetten,1
ThornsandClaws,Tesla,1
ThornsandClaws,TeslaOwnersEBay,1
ThornsandClaws,blueskykites,1
ThornsandClaws,daelmor,1
ThornsandClaws,elonmusk,1
ThornsandClaws,teslacn,1
ThorstenLudwig1,mpoxDE,1
ThumbarseHuber,The_GhettoOprah,1
ThumbarseHuber,business,1
ThumbarseHuber,mark24227825,1
ThumbarseHuber,wordsbymt,1
Thunder7ga,teslatidbits,1
TiBBizXi,GrosCerveau,1
TianlinQiu,TajoCrypto,1
TianlinQiu,elonmusk,1
TickerSymbolYOU,StefanoBoglioni,1
TickerSymbolYOU,Tesla,1
TickerSymbolYOU,Twitter,1
TickerSymbolYOU,elonmusk,1
TigerSachen,M_Hundhausen,1
TigerSachen,TomRR86,1
Tijn24572196,GBeerdsen,1
Tijn24572196,Jeltjeb,1
Tillsbury1,WholeMarsBlog,1
Tillsbury1,garyblack00,1
Tillsbury1,hikingskiing,1
TilmanWinkler,Michael10711597,2
TilmanWinkler,SizeMichael,2
TilmanWinkler,Tesla,3
TilmanWinkler,ajtourville,3
TilmanWinkler,elonmusk,3
TilmanWinkler,omead,3
TilmanWinkler,peterdog15,3
TimKelleherCorp,EvrybodynthrMom,1
TimKelleherCorp,GailAlfarATX,1
TimKelleherCorp,IheartTesla,1
TimKelleherCorp,JenniCurrent,1
TimKelleherCorp,Kristennetten,1
TimKelleherCorp,Tesla,1
TimKelleherCorp,TeslaOwnersEBay,1
TimKelleherCorp,blueskykites,1
TimKelleherCorp,daelmor,1
TimKelleherCorp,elonmusk,1
TimKelleherCorp,teslacn,1
TimKlei35203029,ChPietsch,1
TimKlei35203029,NabelSabine,1
TimKlei35203029,olewin,1
TimKlei35203029,schoenix,1
TimPric35270473,EvrybodynthrMom,1
TimPric35270473,GailAlfarATX,1
TimPric35270473,IheartTesla,1
TimPric35270473,JenniCurrent,1
TimPric35270473,Kristennetten,1
TimPric35270473,Tesla,1
TimPric35270473,TeslaOwnersEBay,1
TimPric35270473,blueskykites,1
TimPric35270473,daelmor,1
TimPric35270473,elonmusk,1
TimPric35270473,teslacn,1
Tim_Lade,BabyGotTrack,1
Tim_Lade,bboyfloore,1
Tim_Lade,elonmusk,1
Tim_Lade,frankjnovak,1
Tim_Lade,itsJeffTiedrich,1
TinaHolmboe,cstross,1
TinaHolmboe,pseupseudio,1
TinfoilTricorn,EvrybodynthrMom,1
TinfoilTricorn,GailAlfarATX,1
TinfoilTricorn,IheartTesla,1
TinfoilTricorn,JenniCurrent,1
TinfoilTricorn,Kristennetten,1
TinfoilTricorn,Tesla,1
TinfoilTricorn,TeslaOwnersEBay,1
TinfoilTricorn,blueskykites,1
TinfoilTricorn,daelmor,1
TinfoilTricorn,elonmusk,1
TinfoilTricorn,teslacn,1
Tippingpointtv,elonmusk,1
TititeIDE21,Ccuny79,1
TititeIDE21,HadesTerre,1
TititeIDE21,PharmaDoc2,1
TiziRodriguez12,elonmusk,1
Tkappesz,elonmusk,1
Tlger0007,AViDPiX,1
Tlger0007,BMMuseum,1
Tlger0007,EVFestivalUK,1
Tlger0007,LivingMagazineW,1
Tlger0007,capitalcom,1
Tlger0007,elevateapp,1
Tlger0007,monzo,1
TllBrausewetter,EvrybodynthrMom,1
TllBrausewetter,GailAlfarATX,1
TllBrausewetter,IheartTesla,1
TllBrausewetter,JenniCurrent,1
TllBrausewetter,Kristennetten,1
TllBrausewetter,Tesla,1
TllBrausewetter,TeslaOwnersEBay,1
TllBrausewetter,blueskykites,1
TllBrausewetter,daelmor,1
TllBrausewetter,elonmusk,1
TllBrausewetter,teslacn,1
TomRR86,CYBRTRK420,1
TomRR86,DirtyTesLa,1
TomRR86,M_Hundhausen,1
TomRR86,Tesla,1
TomRR86,elonmusk,1
TomTalksCars,Georgehindle46,1
TomTalksCars,SeasideChris,1
Tom_Kuster,Tesla,1
Tom_Kuster,scragglebug,1
Tom_Wlodarczyk,MariuszBroos,1
Tom_Wlodarczyk,cezarykrysztopa,1
Tom_Wlodarczyk,elektrowoz_pl,1
Tom_coool,DobrocudniD,1
Tom_coool,SerbiaBased,2
Tom_coool,trbltrbl1,2
TomasMalecek1,JustDoWriteNow,1
TomasMalecek1,Most_Maximus,1
TomasMalecek1,Tegan7987,1
TomekPytlak,AHaman1916,1
TomekPytlak,FitnessKlubNr1,1
TomekPytlak,Tesla,1
TomekPytlak,Teslarati,1
TomekPytlak,elonmusk,1
TomekPytlak,wojcikofficial,1
Tommyf902,EvrybodynthrMom,1
Tommyf902,GailAlfarATX,1
Tommyf902,IheartTesla,1
Tommyf902,JenniCurrent,1
Tommyf902,Kristennetten,1
Tommyf902,Tesla,1
Tommyf902,TeslaOwnersEBay,1
Tommyf902,blueskykites,1
Tommyf902,daelmor,1
Tommyf902,elonmusk,1
Tommyf902,teslacn,1
Tomsjotun,Tesla,2
Tomsjotun,TeslaOwnersUK,1
Tomsjotun,dennis_p,1
Tomsjotun,elonmusk,1
Tonez_Tv,elonmusk,1
TonyIbleo,Erebos68957327,1
TonyLorenzano5,greg16676935420,1
TonyRush,elonmusk,1
TonyadeVitti,GailAlfarATX,1
TonyadeVitti,IheartTesla,1
TonyadeVitti,JenniCurrent,1
TonyadeVitti,Kristennetten,1
TonyadeVitti,Tesla,1
TonyadeVitti,TeslaOwnersEBay,1
TonyadeVitti,blueskykites,1
TonyadeVitti,daelmor,1
TonyadeVitti,elonmusk,1
TonyadeVitti,teslacn,1
TooOld4_This,MFrunker,1
TooOld4_This,SilosEstate,1
TooOld4_This,tesla_widow,1
TormentedLash,RickMcIntosh16,1
TormentedLash,elonmusk,1
TormentedLash,greg16676935420,1
TotaGualion,Tesla,1
TotaGualion,elonmusk,1
TotaGualion,tesla_adri,1
ToxtethOGrady6,MailOnline,1
TrackEVs,D675,2
TrackEVs,Domenick_Y,1
TrackEVs,ItsBillN,4
TrackEVs,Mancunia16,1
TrackEVs,Nissan,1
TrackEVs,OctopusEnergy,1
TrackEVs,Pod_Point,1
TrackEVs,Tesla,5
TrackEVs,TeslaOwnersUK,4
TrackEVs,elonmusk,4
TrackEVs,mcsmik,1
TragicFlip,BradMunchen,1
TravelTechGuy,elonmusk,1
TrentHardwood,Azbrian0317,1
TrentHardwood,MBullrock,1
TrentHardwood,NancySara_78,1
TrentHardwood,TheAlexisKraft,2
TrentHardwood,ThomasMoneyhon,2
TrentHardwood,bloomer01,1
TrentHardwood,coldgamecrispy,2
TrentHardwood,davidmweissman,1
TrentHardwood,elonmusk,3
TrentHardwood,marcusMarcboss6,1
Triceracop96,fixer_miss,1
TristanCPDT,business,1
TropicalNayr,elonmusk,1
Trumpery45,gwestr,1
Trusty5Edward,greg16676935420,1
TruthMatter10,Rossputin,1
TruthMatter10,Twitter,1
TruthMatter10,jack,1
TruthMatter10,vijaya,1
Turbo8oost,FrederickZiffel,11
Turbo8oost,KerryHealy9,1
Turbo8oost,Rc8rW,10
Turbo8oost,RobertELBowman,11
Turbo8oost,senafan1901,10
Turkey_Torque,avmkahvecisi,1
Turkey_Torque,ellmakurdu,1
Turkey_Torque,tokcem,1
Turkey_Torque,vvolvoxx,1
TuttleJacki,elonmusk,1
TutwilersR,Falconwingsnj,9
TutwilersR,Tesla,9
TuukkaMard,JuhoRanta,3
TuukkaMard,eye93009919,3
TuukkaMard,riikkamarip,3
Tw_Gorizreigns,_rafaspa,1
Tw_Gorizreigns,beatrriizz_7,1
Tw_Gorizreigns,hugoraher,1
Tw_Gorizreigns,rrrraul_,1
TweetBabyJane,President_Token,1
TweetBabyJane,elonmusk,1
TweetBabyJane,iamraisini,1
TweetBabyJane,woodman267,1
TweetOfSteiner,AbhChallenger,1
TweetOfSteiner,elonmusk,1
TwistNHook,ER1CH,1
TwistNHook,jayrosen_nyu,1
TwistNHook,matt_levine,1
TwoBitDaVinci,FullyChargedShw,1
TwoBitDaVinci,JackScarlett17,1
TwoBitDaVinci,Tesla,1
TwoBitDaVinci,johan_energy,1
TyGabriel007,nytimes,1
TylerTalksBack,elonmusk,1
TypeeTr,dapprbot,1
Tytalus7,JamesMarsh1974,1
Tytalus7,fairchargeuk,1
Tytropolis,ChelseaLewinski,1
UKSVacher,greg16676935420,1
UKtechie,ElecHighway,1
UKtechie,MrMikeStanton,1
UKurbanite,AFP,1
UKurbanite,TierOnePoster,1
URAHypocrite911,Tesla,1
URAHypocrite911,cis5YnJE607xzs5,1
URIELNUNEZVALL1,tesla_rex,2
USAEnthusiast,EvrybodynthrMom,1
USAEnthusiast,GailAlfarATX,1
USAEnthusiast,IheartTesla,1
USAEnthusiast,JenniCurrent,1
USAEnthusiast,Kristennetten,1
USAEnthusiast,Tesla,1
USAEnthusiast,TeslaOwnersEBay,1
USAEnthusiast,blueskykites,1
USAEnthusiast,daelmor,1
USAEnthusiast,elonmusk,1
USAEnthusiast,teslacn,1
USMC_NASCARFire,DBurkland,1
USMC_NASCARFire,VW,1
USMC_NASCARFire,VWGroup,1
USMC_NASCARFire,VWnews,1
USMC_NASCARFire,brandenflasch,1
UWmontlaker,DimaZeniuk,1
UWmontlaker,DirtyTesLa,1
UWmontlaker,Falconwingsnj,3
UWmontlaker,Tesla,5
UWmontlaker,elonmusk,2
UWmontlaker,sambanut,2
UWmontlaker,yitgordon,1
UberZeitgeist,engineers_feed,1
UdayJad39389920,VVVStockAnalyst,1
UhUZ3,vladimirgajic1,1
Ulkamak1,Elypse2021,1
Ulkamak1,Tesla,1
Ulkamak1,muratpak,1
Ulkamak1,opensea,1
UlrichPro1,EvrybodynthrMom,2
UlrichPro1,GailAlfarATX,2
UlrichPro1,IheartTesla,2
UlrichPro1,JenniCurrent,2
UlrichPro1,Kristennetten,2
UlrichPro1,Tesla,2
UlrichPro1,TeslaOwnersEBay,2
UlrichPro1,blueskykites,2
UlrichPro1,daelmor,2
UlrichPro1,elonmusk,2
UlrichPro1,sarahnaomi110,1
UlrichPro1,seth_fin,1
UlrichPro1,teslacn,2
UncleBruce19,MuellerSheWrote,1
UncleSeeze,elonmusk,1
UnderstatedTMS,FthePump1,2
UnderstatedTMS,Holley_News,2
UnderstatedTMS,JoshWest247,1
UnderstatedTMS,Lucid,2
UnderstatedTMS,LucidMotors,2
UnderstatedTMS,Tesla,2
UnderstatedTMS,Tesla2Lucid,2
UnderstatedTMS,TeslaClubSoCal,2
UnderstatedTMS,TwixDaPoodle,1
UnderstatedTMS,masegoslin,2
UnderstatedTMS,psychlyst1,1
UnderstatedTMS,thePike_1,1
UnfazedWil,Most_Maximus,1
UnfazedWil,adoseofjohn,1
UnfazedWil,bzine,1
UpupupEth,BKEXGlobal,1
UpupupEth,bkex_jm,3
UrStaxFetish,FLastrade,1
UrStaxFetish,RobertELBowman,1
UrStaxFetish,ShawnDorschner,1
UrStaxFetish,evansmp1,1
UssGordoncap,WilliamAEden,1
V3ry_Offensiv3,Official_GO,1
V3ry_Offensiv3,verge,1
VACCOOLSKI,minionIuvrr,1
VADjude352,TheDadAbides420,1
VTNatureBoy,elonmusk,1
VTP86,Seve86,1
VTP86,gVibrac,1
VTP86,philbaudelot,1
Vagabond4LNine,EvrybodynthrMom,1
Vagabond4LNine,GailAlfarATX,1
Vagabond4LNine,IheartTesla,1
Vagabond4LNine,JenniCurrent,1
Vagabond4LNine,Kristennetten,1
Vagabond4LNine,Tesla,1
Vagabond4LNine,TeslaOwnersEBay,1
Vagabond4LNine,blueskykites,1
Vagabond4LNine,daelmor,1
Vagabond4LNine,elonmusk,1
Vagabond4LNine,teslacn,1
VahusheeGeFaanu,EvrybodynthrMom,1
VahusheeGeFaanu,GailAlfarATX,1
VahusheeGeFaanu,IheartTesla,1
VahusheeGeFaanu,JenniCurrent,1
VahusheeGeFaanu,Kristennetten,1
VahusheeGeFaanu,Tesla,1
VahusheeGeFaanu,TeslaOwnersEBay,1
VahusheeGeFaanu,blueskykites,1
VahusheeGeFaanu,daelmor,1
VahusheeGeFaanu,elonmusk,1
VahusheeGeFaanu,teslacn,1
Vales4O,PPathole,1
Vales4O,Tesla,1
Vales4O,elonmusk,1
ValueAnalyst1,SawyerMerritt,1
VancouverRanter,elonmusk,1
VanderwerkenJ,Juror691,2
VanderwerkenJ,lenzvisions,2
Vandy247,business,1
Vanessa96154199,Juergen_Kaiser,1
VaresReiko,ButTsla,1
VaresReiko,Tesla_Dawg,1
VaresReiko,garyblack00,1
VaresReiko,teshen8lin,1
VaresReiko,tesla_rex,1
VeganEV,pawlakp,1
VeganImpi,Tesla,1
VeganImpi,TeslaClubAT,1
VeganImpi,elonmusk,1
VeganImpi,teslaownersSV,1
VeltonEvans,jeffgent99,1
VeltonEvans,nycadvisory,1
VeltonEvans,squawksquare,1
Vernon3Austin,BenmRob,1
Vernon3Austin,CJHandmer,1
Vernon3Austin,HSouthwellFE,1
Vicky46841023,EvrybodynthrMom,1
Vicky46841023,GailAlfarATX,2
Vicky46841023,IheartTesla,2
Vicky46841023,JenniCurrent,2
Vicky46841023,Kristennetten,2
Vicky46841023,Tesla,2
Vicky46841023,TeslaOwnersEBay,2
Vicky46841023,blueskykites,2
Vicky46841023,daelmor,2
Vicky46841023,elonmusk,2
Vicky46841023,teslacn,2
Victor46146826,Vocento,1
Victor46146826,sanchezcastejon,1
VictorEzenwosu,Metaverse_Expo,1
VictorEzenwosu,SOS_Lounge,1
VictorEzenwosu,Sonofdoge_,1
VictorEzenwosu,Tesla,1
VictorEzenwosu,elonmusk,1
VictorRamus,KEBrightbill,1
VictorRamus,opinonhaver,1
VictorRamus,varbmos,1
VictorTharp3,CassieJFox,1
VictorTharp3,DoctorEmmit,1
VictorTharp3,GAMMAWORX,1
VictorTharp3,KrisPicks64,1
VictorTharp3,MrDOThompson,1
VictorTharp3,Ramedog61,1
VictorTharp3,TomsAmpsDetroit,1
VictorTharp3,madbaldscotsman,1
VictorTharp3,rwyjunior,1
VictorTharp3,sry300,1
VigdisHA,DimaZeniuk,1
VigdisHA,Tesla,1
VigdisHA,elonmusk,1
VigdisHA,raffaeru,1
VigorLynx,DaOGTriple,1
VigorLynx,Dyoung1208,1
VigorLynx,NW_StayDet,1
VigorLynx,TrollHu17756443,1
VigorLynx,TruthRenegade1,1
VigorLynx,UnhingedCrones,1
VigorLynx,masharn_lewis,1
VigorLynx,sayetaryor,1
Villatraxdoteth,zerohedge,1
VillepinteDe,lemondefr,1
VinceBoupda,edithbrou,1
Vincent45984943,EvrybodynthrMom,1
Vincent45984943,GailAlfarATX,1
Vincent45984943,IheartTesla,1
Vincent45984943,JenniCurrent,1
Vincent45984943,Kristennetten,1
Vincent45984943,Tesla,1
Vincent45984943,TeslaOwnersEBay,1
Vincent45984943,blueskykites,1
Vincent45984943,daelmor,1
Vincent45984943,elonmusk,1
Vincent45984943,teslacn,1
VincentChan001,LucidMotors,1
VincentChan001,Tesla,1
VincentChan001,Tesla2Lucid,1
VincentChan001,elonmusk,1
VincentChan001,masegoslin,1
VinodKumar_1959,PPathole,1
VinodKumar_1959,elonmusk,1
VinodKumar_1959,punjiam,1
Violetread,TESLA_CREADOR,1
ViperSteve22,backtolife_2023,1
ViroMental,EvrybodynthrMom,2
ViroMental,GailAlfarATX,2
ViroMental,IheartTesla,2
ViroMental,JenniCurrent,2
ViroMental,Kristennetten,2
ViroMental,RaymanIsWoat,1
ViroMental,Tesla,2
ViroMental,TeslaOwnersEBay,2
ViroMental,blueskykites,2
ViroMental,daelmor,2
ViroMental,elonmusk,2
ViroMental,teslacn,2
Vishal57772976,EvrybodynthrMom,1
Vishal57772976,GailAlfarATX,1
Vishal57772976,IheartTesla,1
Vishal57772976,JenniCurrent,1
Vishal57772976,Kristennetten,1
Vishal57772976,RaymanIsWoat,1
Vishal57772976,Tesla,1
Vishal57772976,TeslaOwnersEBay,1
Vishal57772976,blueskykites,1
Vishal57772976,daelmor,1
Vishal57772976,elonmusk,1
Vishal57772976,teslacn,1
Vishal_Mehta48,elonmusk,1
VishalkarthikV2,Tesla,2
VishalkarthikV2,TeslaClubAT,1
VishalkarthikV2,elonmusk,1
VishalkarthikV2,lovemesomemusk,1
VishalkarthikV2,teslaownersSV,1
VitruvianMan18,SawyerMerritt,1
VitusBBB,DimaZeniuk,1
VitusBBB,Tesla,1
VitusBBB,_pacific_labs_,1
VitusBBB,elonmusk,1
VitusBBB,eu_bike,1
VitusBBB,rako_sebastian,1
VodanovicPablo,engineers_feed,1
Volscente79,sachinvats,1
VonBurkans,BigCheds,1
Vox64YT,Labrat309,2
Vox64YT,Tesla__Mania,3
Vox64YT,elonmusk,3
WHATULOOKIN__AT,4adybug,1
WHATULOOKIN__AT,TESLA_is_FUTURE,1
WHOIS2NGO,GrootmanTebza,1
WLRDtheBuzz,elonmusk,1
WLRDtheBuzz,itsJeffTiedrich,1
WOLKEFN,RND_de,1
WR4NYGov,SawyerMerritt,1
WagnerTesla,SawyerMerritt,1
WahlstromCarl,BTCBreadMan,1
WahlstromCarl,FinTwitTSLA,1
WahlstromCarl,TeslaAndDoge,2
Walmley1,business,1
WaltTheStalt,EvrybodynthrMom,1
WaltTheStalt,GailAlfarATX,1
WaltTheStalt,IheartTesla,1
WaltTheStalt,JenniCurrent,1
WaltTheStalt,Kristennetten,1
WaltTheStalt,Tesla,1
WaltTheStalt,TeslaOwnersEBay,1
WaltTheStalt,blueskykites,1
WaltTheStalt,daelmor,1
WaltTheStalt,elonmusk,1
WaltTheStalt,teslacn,1
Walter_Ratleigh,EconDegensClub,1
Walter_Ratleigh,NischalShetty,1
Wandering_USA,SugaSeanMMA,2
Wandering_USA,cmachado925,2
Wandering_USA,jellydrama,2
Warlockyone,TexasTribune,1
Warlockyone,eurovermeer,1
WasimAl89064932,krim237,1
WasimAl89064932,meryy_tesla,1
Wc4GvPmysKgC1Fs,elonmusk,1
WeKnowJoe1,elonmusk,1
Wenrugbro,EvrybodynthrMom,2
Wenrugbro,GailAlfarATX,2
Wenrugbro,IheartTesla,2
Wenrugbro,JenniCurrent,2
Wenrugbro,Kristennetten,2
Wenrugbro,RaymanIsWoat,2
Wenrugbro,Tesla,2
Wenrugbro,TeslaOwnersEBay,2
Wenrugbro,blueskykites,2
Wenrugbro,daelmor,2
Wenrugbro,elonmusk,2
Wenrugbro,teslacn,2
Wesgilmore002,Tesla,1
Wesgilmore002,WholeMarsBlog,1
Wesgilmore002,thyAshes,1
WestsideTy340,kamrynryanne,1
WetKissesBitch,EvrybodynthrMom,1
WetKissesBitch,GailAlfarATX,1
WetKissesBitch,IheartTesla,1
WetKissesBitch,JenniCurrent,1
WetKissesBitch,Kristennetten,1
WetKissesBitch,Tesla,1
WetKissesBitch,TeslaOwnersEBay,1
WetKissesBitch,blueskykites,1
WetKissesBitch,daelmor,1
WetKissesBitch,elonmusk,1
WetKissesBitch,teslacn,1
Whippett606,elonmusk,1
WhitneyWalker33,ALL_IN_MCDOGE_1,1
WhitneyWalker33,BillyM2k,1
WhitneyWalker33,Cocochaneladair,1
WhitneyWalker33,SpaceX,1
WhitneyWalker33,Tesla,1
WhitneyWalker33,TheDogeAcademy,1
WhitneyWalker33,djdoge69,1
WhitneyWalker33,elonmusk,1
WhitneyWalker33,kiteboarderdoge,1
WhitneyWalker33,sgtesco,1
WhitneyWalker33,topherAlba26,1
WholeMarsBlog,Rodneyniya,1
WholeMarsBlog,Tesla,1
WholeMarsBlog,elonmusk,1
WhompyWombat,StealthQE4,1
Whosmann,Tesla,1
Whosmann,elonmusk,1
Whosmann,tesla_adri,1
Whywant2know,EvrybodynthrMom,1
Whywant2know,GailAlfarATX,1
Whywant2know,IheartTesla,1
Whywant2know,JenniCurrent,1
Whywant2know,Kristennetten,1
Whywant2know,Tesla,1
Whywant2know,TeslaOwnersEBay,1
Whywant2know,blueskykites,1
Whywant2know,daelmor,1
Whywant2know,elonmusk,1
Whywant2know,teslacn,1
WiFivomFranMan,3leggedleelu,1
WiFivomFranMan,DXTex,1
WiFivomFranMan,TexasTribune,1
WiFivomFranMan,clarksmith99,1
Wiesci_z_Zenzy,Tesla,1
Wiesci_z_Zenzy,Teslarati,1
Wiesci_z_Zenzy,elonmusk,1
Wiesci_z_Zenzy,wojcikofficial,1
WilbournGeoff,deep_state_ceo,2
WilbournGeoff,jastrapper0,1
WilbournGeoff,washingtonpost,2
Will55410296,business,1
William_J_Hurst,Hammy_VII,1
WilsonC57102397,Mollyploofkins,1
WingelWongel,NichtTK,1
Wings__Uriel,EvrybodynthrMom,1
Wings__Uriel,GailAlfarATX,1
Wings__Uriel,IheartTesla,1
Wings__Uriel,JenniCurrent,1
Wings__Uriel,Kristennetten,1
Wings__Uriel,Tesla,1
Wings__Uriel,TeslaOwnersEBay,1
Wings__Uriel,blueskykites,1
Wings__Uriel,daelmor,1
Wings__Uriel,elonmusk,1
Wings__Uriel,teslacn,1
WingsofGHG,BunkFreamon,1
WingsofGHG,GriffinTheLege1,1
WingsofGHG,Pyrontix,1
WingsofGHG,egg_rico,1
WingsofGHG,elonmusk,1
WingsofGHG,engineers_feed,1
WingsofGHG,peter_dozal,1
WingsofGHG,thebseymore,1
Winston_Ax,alex_avoigt,1
WinterEracer,FermisSocks,1
WisconsinSpurs,Pritish_Mishra,1
WisconsinSpurs,WholeMarsBlog,1
WisconsinSpurs,elonmusk,1
WiseGal_LaE,EvrybodynthrMom,1
WiseGal_LaE,GailAlfarATX,1
WiseGal_LaE,IheartTesla,1
WiseGal_LaE,JenniCurrent,1
WiseGal_LaE,Kristennetten,1
WiseGal_LaE,Tesla,1
WiseGal_LaE,TeslaOwnersEBay,1
WiseGal_LaE,blueskykites,1
WiseGal_LaE,daelmor,1
WiseGal_LaE,elonmusk,1
WiseGal_LaE,teslacn,1
WizWt,GingerRoomta,1
Wizard_of_Ouzo,MikeFlo46795160,1
Wizard_of_Ouzo,SocialMike,1
Wizard_of_Ouzo,Uber,1
Wizard_of_Ouzo,elonmusk,1
Wm_Elder,DimaZeniuk,1
Wm_Elder,Tesla,1
Wm_Elder,elonmusk,1
WondyMan,HeavyMetal_999,1
Wondzinski,Tesla,1
Wondzinski,elonmusk,1
Wondzinski,tesla_adri,1
WordsMayHeal,SaysPhilippe,1
WorldCodation,DimaZeniuk,1
WorldCodation,Tesla,1
WorldCodation,elonmusk,1
WorldEvilForum,Damhezy15,1
WorldEvilForum,EvrybodynthrMom,1
WorldEvilForum,GailAlfarATX,1
WorldEvilForum,IheartTesla,1
WorldEvilForum,JenniCurrent,1
WorldEvilForum,Kristennetten,1
WorldEvilForum,Tesla,1
WorldEvilForum,TeslaOwnersEBay,1
WorldEvilForum,blueskykites,1
WorldEvilForum,daelmor,1
WorldEvilForum,elonmusk,1
WorldEvilForum,pinon_frijoles,1
WorldEvilForum,teslacn,1
World__Guru,SoozUK,1
WorldwideDadson,EvrybodynthrMom,1
WorldwideDadson,GailAlfarATX,1
WorldwideDadson,IheartTesla,1
WorldwideDadson,JenniCurrent,1
WorldwideDadson,Kristennetten,1
WorldwideDadson,Tesla,1
WorldwideDadson,TeslaOwnersEBay,1
WorldwideDadson,blueskykites,1
WorldwideDadson,daelmor,1
WorldwideDadson,elonmusk,1
WorldwideDadson,teslacn,1
WouldYaWhisht,ArduaAdAsterisk,1
WouldYaWhisht,NoobSaibot1911,1
WouldYaWhisht,TheCriticalDri2,1
WouldYaWhisht,elonmusk,1
WtfWtf2020,elonmusk,1
WtfWtf2020,greg16676935420,1
Wurstschnitte,BZ_NachtFloh,1
WyvernDrexx,BusinessFamous,1
X1j792,ShibPuppy,1
XRMultiverse,A_andrw_w,1
XRMultiverse,DavidChoiMusic,1
XRMultiverse,DoctorDenise,1
XRMultiverse,PPathole,1
XRMultiverse,aasifferdous,1
XRMultiverse,crush3ddd,1
XRMultiverse,elonmusk,2
XRMultiverse,ranguitar,1
XRMultiverse,unbiasedheadli1,1
XRPcryptoshark,jungleincxrp,1
XXXJAYXXX3331,LucidMotors,1
XXXJAYXXX3331,ScholarMonk,1
XXXJAYXXX3331,Tesla,1
XXXJAYXXX3331,Tesla2Lucid,1
XXXJAYXXX3331,elonmusk,1
XXXJAYXXX3331,masegoslin,1
X_E_ntropy,greentheonly,1
X_G0D,DimaZeniuk,1
X_G0D,Tesla,1
X_G0D,elonmusk,1
XavierM94228601,EvrybodynthrMom,1
XavierM94228601,GailAlfarATX,1
XavierM94228601,IheartTesla,1
XavierM94228601,JenniCurrent,1
XavierM94228601,Kristennetten,1
XavierM94228601,Tesla,1
XavierM94228601,TeslaOwnersEBay,1
XavierM94228601,blueskykites,1
XavierM94228601,daelmor,1
XavierM94228601,elonmusk,1
XavierM94228601,teslacn,1
Xcess29,3YearLetterman,1
Xcess29,elonmusk,1
XimedeChile,Diego_figueroav,1
XivthWonder,EvrybodynthrMom,1
XivthWonder,GailAlfarATX,1
XivthWonder,IheartTesla,1
XivthWonder,JenniCurrent,1
XivthWonder,Kristennetten,1
XivthWonder,Tesla,1
XivthWonder,TeslaOwnersEBay,1
XivthWonder,blueskykites,1
XivthWonder,daelmor,1
XivthWonder,elonmusk,1
XivthWonder,teslacn,1
XorOneself,elonmusk,2
YLutolf,EvrybodynthrMom,1
YLutolf,GailAlfarATX,1
YLutolf,IheartTesla,1
YLutolf,JenniCurrent,1
YLutolf,Kristennetten,1
YLutolf,Tesla,1
YLutolf,TeslaOwnersEBay,1
YLutolf,blueskykites,1
YLutolf,daelmor,1
YLutolf,elonmusk,1
YLutolf,teslacn,1
Yabb_onl,FEMarkets,1
YardRot5000,ContentedIndie,1
YardRot5000,Huitzil0p0chtl1,1
YardRot5000,S_McG_61,1
Yaseminra3,EvrybodynthrMom,1
Yaseminra3,GailAlfarATX,1
Yaseminra3,IheartTesla,1
Yaseminra3,JenniCurrent,1
Yaseminra3,Kristennetten,1
Yaseminra3,Tesla,1
Yaseminra3,TeslaOwnersEBay,1
Yaseminra3,blueskykites,1
Yaseminra3,daelmor,1
Yaseminra3,elonmusk,1
Yaseminra3,teslacn,1
YasinYtbd,MacRumors,1
YasinYtbd,rsgnl,1
Yee92480343,elonmusk,1
Yee92480343,vamp_euro,1
Yernomosqueao,TESLA_CREADOR,1
Yeshaya86,greg16676935420,1
YgRumitItuKamu,EvrybodynthrMom,1
YgRumitItuKamu,GailAlfarATX,1
YgRumitItuKamu,IheartTesla,1
YgRumitItuKamu,JenniCurrent,1
YgRumitItuKamu,Kristennetten,1
YgRumitItuKamu,Tesla,1
YgRumitItuKamu,TeslaOwnersEBay,1
YgRumitItuKamu,blueskykites,1
YgRumitItuKamu,daelmor,1
YgRumitItuKamu,elonmusk,1
YgRumitItuKamu,teslacn,1
YoBigBrotha,WholeMarsBlog,1
YoBigBrotha,garyblack00,1
YoBigBrotha,hikingskiing,1
YodaGunk,goonmindset,1
YogaManRay,DenisWerner,1
YogaManRay,elonmusk,1
Yolo1Crypto,EvrybodynthrMom,1
Yolo1Crypto,GailAlfarATX,1
Yolo1Crypto,IheartTesla,1
Yolo1Crypto,JenniCurrent,1
Yolo1Crypto,Kristennetten,1
Yolo1Crypto,Tesla,1
Yolo1Crypto,TeslaOwnersEBay,1
Yolo1Crypto,blueskykites,1
Yolo1Crypto,daelmor,1
Yolo1Crypto,elonmusk,1
Yolo1Crypto,teslacn,1
YoureAnIdiot404,AtlantaStu,1
YoureAnIdiot404,cbprincess5,1
Yul__haru,Yeokk_Tesla,1
ZOlson13,RickMcIntosh16,1
ZOlson13,elonmusk,1
ZOlson13,greg16676935420,1
Z_Nasir7,EvrybodynthrMom,1
Z_Nasir7,GailAlfarATX,1
Z_Nasir7,IheartTesla,1
Z_Nasir7,JenniCurrent,1
Z_Nasir7,Kristennetten,1
Z_Nasir7,Tesla,1
Z_Nasir7,TeslaOwnersEBay,1
Z_Nasir7,blueskykites,1
Z_Nasir7,daelmor,1
Z_Nasir7,elonmusk,1
Z_Nasir7,teslacn,1
Zacatecatl,LiaWardTX1,1
Zacatecatl,Most_Maximus,1
Zacatecatl,not_vic_in_az,1
Zachasbeenthere,Forbes,1
Zachasbeenthere,JoeMagnus74,1
ZackZoron,ANYOTHERALIAS,1
ZackZoron,PallaviGunalan,1
ZackZoron,darknessn2light,1
ZainRiz16649646,EvrybodynthrMom,3
ZainRiz16649646,GailAlfarATX,3
ZainRiz16649646,IheartTesla,3
ZainRiz16649646,JenniCurrent,3
ZainRiz16649646,Kristennetten,3
ZainRiz16649646,Tesla,3
ZainRiz16649646,TeslaOwnersEBay,3
ZainRiz16649646,TheUnderDoge3,2
ZainRiz16649646,blueskykites,3
ZainRiz16649646,daelmor,3
ZainRiz16649646,elonmusk,3
ZainRiz16649646,teslacn,3
ZamriZainuddin8,EvrybodynthrMom,1
ZamriZainuddin8,GailAlfarATX,1
ZamriZainuddin8,IheartTesla,1
ZamriZainuddin8,JenniCurrent,1
ZamriZainuddin8,Kristennetten,1
ZamriZainuddin8,Tesla,1
ZamriZainuddin8,TeslaOwnersEBay,1
ZamriZainuddin8,blueskykites,1
ZamriZainuddin8,daelmor,1
ZamriZainuddin8,elonmusk,1
ZamriZainuddin8,teslacn,1
Zangomus,EvrybodynthrMom,1
Zangomus,GailAlfarATX,1
Zangomus,IheartTesla,1
Zangomus,JenniCurrent,1
Zangomus,Kristennetten,1
Zangomus,Tesla,1
Zangomus,TeslaOwnersEBay,1
Zangomus,blueskykites,1
Zangomus,daelmor,1
Zangomus,elonmusk,1
Zangomus,teslacn,1
ZariDancersA,bmrafrika,1
ZariDancersA,tesla_kenya,1
Zazaclubourso,EvrybodynthrMom,1
Zazaclubourso,GailAlfarATX,1
Zazaclubourso,IheartTesla,1
Zazaclubourso,JenniCurrent,1
Zazaclubourso,Kristennetten,1
Zazaclubourso,Tesla,1
Zazaclubourso,TeslaOwnersEBay,1
Zazaclubourso,blueskykites,1
Zazaclubourso,daelmor,1
Zazaclubourso,elonmusk,1
Zazaclubourso,teslacn,1
ZeekeMC,Azbrian0317,1
ZeekeMC,ColinNutt,1
ZeekeMC,Teslaconomics,1
ZeekeMC,TheAlexisKraft,1
ZeekeMC,coldgamecrispy,1
ZeekeMC,davidmweissman,1
ZeekeMC,elonmusk,2
ZeekeMC,layr951,1
ZeekeMC,tesla_blade,1
ZeroJour,elonmusk,1
ZeroJour,iamgabesanchez,1
Zerpillion,DMC_Ryan,1
Zerpillion,SaraJAwesome,1
Zerpillion,SawyerMerritt,1
Zerpillion,Tesla,1
Zerpillion,TeslaPodcast,1
Zerpillion,elonmusk,1
Zerpillion,garyblack00,1
Zerpillion,jasper_saunders,1
Zerpillion,squawksquare,1
Zerpillion,stevenmarkryan,1
Zesnir,elonmusk,1
ZhiWeiiO,BestTrader01,1
ZhiWeiiO,elonmusk,1
ZiggyZackary,MochiTraveller,1
ZilDaddy,ccntdwn,1
Zoestolt,Kanya51437164,1
Zohaibkhans7,AmeerHussainn,1
ZokiNS,BoskoObradovic,1
Zubru6,JeffBaums,1
Zubru6,OccamsComb,1
Zubru6,blinkist,1
Zubru6,donski81539744,1
Zuk_DC,a_team1983,1
Zuk_DC,thespybrief,1
ZygaMaciejewski,Tesla,1
ZygaMaciejewski,Teslarati,1
ZygaMaciejewski,elonmusk,1
ZygaMaciejewski,wojcikofficial,1
_5andman_,PeterZeihan,1
_5andman_,compholdany,1
_5andman_,hildebrand030,1
_5andman_,jsnover,1
_AConscience_,EvrybodynthrMom,1
_AConscience_,GailAlfarATX,1
_AConscience_,IheartTesla,1
_AConscience_,JenniCurrent,1
_AConscience_,Kristennetten,1
_AConscience_,Tesla,1
_AConscience_,TeslaOwnersEBay,1
_AConscience_,blueskykites,1
_AConscience_,daelmor,1
_AConscience_,elonmusk,1
_AConscience_,teslacn,1
_Akatis_,squawksquare,1
_BRCooper,WholeMarsBlog,1
_BRCooper,garyblack00,1
_BRCooper,hikingskiing,1
_D00ly_,GM,1
_DJTrunks,elonmusk,1
_II_ANEHTA,bozu_108,1
_IPau1,raph1260,5
_IPau1,squawksquare,5
_KeitaJames,Tesla,1
_KeitaJames,thyAshes,1
_Meta_Ph3nom_,EvrybodynthrMom,1
_Meta_Ph3nom_,GailAlfarATX,1
_Meta_Ph3nom_,IheartTesla,1
_Meta_Ph3nom_,JenniCurrent,1
_Meta_Ph3nom_,Kristennetten,1
_Meta_Ph3nom_,Tesla,1
_Meta_Ph3nom_,TeslaOwnersEBay,1
_Meta_Ph3nom_,blueskykites,1
_Meta_Ph3nom_,daelmor,1
_Meta_Ph3nom_,elonmusk,1
_Meta_Ph3nom_,teslacn,1
_Mianadil,saeedasgharkha0,1
_MirrorMan,elonmusk,1
_Passon_,Dunwael,1
_Peter_Lion,elonmusk,1
_Russelll_,Defnotaspoof,1
_Russelll_,Tesla,1
_Russelll_,laurenfix,1
_SpaceSeX,EvrybodynthrMom,1
_SpaceSeX,GailAlfarATX,1
_SpaceSeX,IheartTesla,1
_SpaceSeX,JenniCurrent,1
_SpaceSeX,Kristennetten,1
_SpaceSeX,Tesla,1
_SpaceSeX,TeslaOwnersEBay,1
_SpaceSeX,blueskykites,1
_SpaceSeX,daelmor,1
_SpaceSeX,elonmusk,1
_SpaceSeX,teslacn,1
_TheAncientOne_,disclosetv,1
_TheAncientOne_,rasizdraggin,1
_TheEngineer86_,nicolevoers,1
_We_Ivy,Falconwingsnj,1
_We_Ivy,Tesla,1
___freespeech,elonmusk,1
___qokhan___,EvrybodynthrMom,1
___qokhan___,GailAlfarATX,1
___qokhan___,IheartTesla,1
___qokhan___,JenniCurrent,1
___qokhan___,Kristennetten,1
___qokhan___,MattWallace888,1
___qokhan___,Tesla,1
___qokhan___,TeslaOwnersEBay,1
___qokhan___,blueskykites,1
___qokhan___,daelmor,1
___qokhan___,elonmusk,1
___qokhan___,teslacn,1
__lacin,TheGrefg,1
_bennettm_,CYBERTRCK,1
_bennettm_,Tesla,1
_bennettm_,elonmusk,1
_chileno__,Elias_Parada_S,1
_diamondheart11,BobLaxative,1
_djavonosibradu,_RomaniIteDomum,1
_djavonosibradu,lasara_h,1
_dziga_,TheEmoDragon,1
_hypx,TeslaSpaceXfan,1
_hypx,goldboatlost,1
_hypx,laque_tess,1
_krkr,spotted_model,1
_link182_,EvrybodynthrMom,1
_link182_,GailAlfarATX,1
_link182_,IheartTesla,1
_link182_,JenniCurrent,1
_link182_,Kristennetten,1
_link182_,Tesla,1
_link182_,TeslaOwnersEBay,1
_link182_,blueskykites,1
_link182_,daelmor,1
_link182_,elonmusk,1
_link182_,teslacn,1
_pacific_labs_,DimaZeniuk,2
_pacific_labs_,Tesla,2
_pacific_labs_,blovereviews,1
_pacific_labs_,elonmusk,2
_pacific_labs_,rako_sebastian,2
_raisedEyebrows,Berlin_Ticker,1
_raisedEyebrows,bzberlin,1
_raisedEyebrows,morgenpost,1
_scaramybeloved,yqmino,1
_smkotaro,tesla_alien,1
_w4mY,GOTHAM_Tesla,2
_w4mY,junderwood4649,1
_w4mY,mat2ate7,6
_w4mY,north_tesla,1
_w4mY,paddykeisuke,3
_w4mY,re_____19,8
_w4mY,sat050369294,1
_w4mY,tesla_3578,1
_w4mY,tesla_kobe,10
_w4mY,tesla_shonan,1
_winston_FSD,DirtyTesLa,1
_winston_FSD,Tesla,1
a31789139,EvrybodynthrMom,1
a31789139,GailAlfarATX,1
a31789139,IheartTesla,1
a31789139,JenniCurrent,1
a31789139,Kristennetten,1
a31789139,Tesla,1
a31789139,TeslaOwnersEBay,1
a31789139,blueskykites,1
a31789139,daelmor,1
a31789139,elonmusk,1
a31789139,teslacn,1
aFordOwner,MyeongKim6,1
aFordOwner,mrlevine,1
a___rho,CrunchEV,1
a___rho,Karmandalorian,1
a___rho,iamgabesanchez,1
a___rho,teslashillbot,1
a_gullickson,EvrybodynthrMom,4
a_gullickson,GailAlfarATX,4
a_gullickson,IheartTesla,4
a_gullickson,JenniCurrent,4
a_gullickson,Kristennetten,4
a_gullickson,Tesla,4
a_gullickson,TeslaOwnersEBay,4
a_gullickson,blueskykites,4
a_gullickson,daelmor,4
a_gullickson,elonmusk,4
a_gullickson,teslacn,4
aakashg0,greg16676935420,1
aaronglz23,EvrybodynthrMom,1
aaronglz23,GailAlfarATX,1
aaronglz23,IheartTesla,1
aaronglz23,JenniCurrent,1
aaronglz23,Kristennetten,1
aaronglz23,Tesla,1
aaronglz23,TeslaOwnersEBay,1
aaronglz23,blueskykites,1
aaronglz23,daelmor,1
aaronglz23,elonmusk,1
aaronglz23,teslacn,1
aaronharris,CBUScub,1
aaronharris,GuySmith365,1
aaronharris,Mariss_joy,1
aaronharris,ValidGarry,1
aaronharris,yitgordon,1
abdiuzumaki60,incelReplies,1
abdiuzumaki60,ureverypie,1
abdulla90674184,engineers_feed,1
abeomer,EvrybodynthrMom,1
abeomer,GailAlfarATX,1
abeomer,IheartTesla,1
abeomer,JenniCurrent,1
abeomer,Kristennetten,1
abeomer,Tesla,1
abeomer,TeslaOwnersEBay,1
abeomer,blueskykites,1
abeomer,daelmor,1
abeomer,elonmusk,1
abeomer,teslacn,1
abogadodavid_,Verownika,1
aboujamal01,Ahhmard,1
aboujamal01,scarfizal,1
aboujamal01,tee_tesla,1
aceand8s,laurenboebert,1
adamberaha,DeItaone,1
adamberaha,greg16676935420,1
adambigredad,elonmusk,1
adambigredad,eugenegu,1
adamhoov,Tesla,1
adamhoov,thyAshes,1
adamllui,Bubblebathgirl,2
adamllui,mohsincMD,1
adamllui,varbmos,2
adamsmurphy,IFM4real,1
addj33,greg16676935420,1
adelayna2,EvrybodynthrMom,1
adelayna2,GailAlfarATX,1
adelayna2,IheartTesla,1
adelayna2,JenniCurrent,1
adelayna2,Kristennetten,1
adelayna2,Tesla,1
adelayna2,TeslaOwnersEBay,1
adelayna2,blueskykites,1
adelayna2,daelmor,1
adelayna2,elonmusk,1
adelayna2,teslacn,1
adestoop1,RealDanODowd,1
adestoop1,Tesla,1
adestoop1,elonmusk,1
aditya86c,elonmusk,1
aditya86c,stocksinplay_,1
aditya942000,mishika_chamria,1
aengineer34,Falconwingsnj,2
aengineer34,Tesla,2
aengineer34,theblackpearl24,2
aeroporto_cafe,elonmusk,1
aeroporto_cafe,madforfree,1
afeqveins,zulnajmiii,1
ageez25,Funk2funkDiaz,2
ageez25,LeilaniDowding,2
ageez25,Tesla,2
ageez25,elonmusk,2
ageez25,jedigardener,2
ahmedbenMhamd,meryy_tesla,1
ahmedtooahm1985,elonmusk,1
ahmetselimpb,KronosHaber,1
airisti,MiikkaSalmi,1
airisti,TuukkaMard,1
airisti,mlonnroth,1
airisti,terolahtinen,1
aitcheson_r,nytimes,1
aj_gar,Tesla,2
aj_gar,thyAshes,2
ajhenslo,elonmusk,1
ajhopenow,EvrybodynthrMom,1
ajhopenow,Femanonymously,1
ajhopenow,GailAlfarATX,1
ajhopenow,IheartTesla,1
ajhopenow,JenniCurrent,1
ajhopenow,Kristennetten,1
ajhopenow,Tesla,1
ajhopenow,TeslaOwnersEBay,1
ajhopenow,blueskykites,1
ajhopenow,daelmor,1
ajhopenow,elonmusk,1
ajhopenow,sarahnaomi110,1
ajhopenow,teslacn,1
ajjjmmed,TESLA_CREADOR,1
akamaozu,anasalhajji,1
akamaozu,thgirWnosaJ,1
akosiNaldex86,SawyerMerritt,1
akoukamukita,panca66,1
akramsrazor,btaylor,2
akramsrazor,paraga,2
akramsrazor,realdarkromance,2
aktascimurat,SerkanSil,1
aktascimurat,TeksasStyLe,1
aktascimurat,eozpeynirci,1
aktascimurat,murattosun341,1
aktascimurat,onrckmz,1
aktienmessie,stockmum,2
al_levy,SawyerMerritt,1
al_levy,nomad_tesla,1
al_x_mq,tesla_adri,1
alan_casey,business,1
alancarroII,Tesla,1
alancarroII,weruncrypto,1
alandail,GM,1
alandail,GNKclinkclunk,1
alandail,Jason_Oldham,1
alandail,Sponts84,1
alannille2,Tesla,1
alannille2,captainarve,1
alannille2,elonmusk,1
alanyapxh,GordonJohnson19,1
alanyapxh,TaylorOgan,1
alasoyokimi,compound248,1
alatheane,calvsoed,1
albert_Ai,DimaZeniuk,1
albert_Ai,Tesla,1
albert_Ai,elonmusk,1
albyva,jonfortt,1
alcoholpoison,TESLA_no_TUNO,5
alejoskyhitz,PPathole,1
alejoskyhitz,Tesla,1
alejoskyhitz,elonmusk,1
alemore75,TESLA_CREADOR,1
alen_dylan,Jawad_Dheini,1
alen_dylan,LegolasPeter,1
alexbintqaboos1,EvrybodynthrMom,1
alexbintqaboos1,GailAlfarATX,1
alexbintqaboos1,IheartTesla,1
alexbintqaboos1,JenniCurrent,1
alexbintqaboos1,Kristennetten,1
alexbintqaboos1,Tesla,1
alexbintqaboos1,TeslaOwnersEBay,1
alexbintqaboos1,blueskykites,1
alexbintqaboos1,daelmor,1
alexbintqaboos1,elonmusk,1
alexbintqaboos1,teslacn,1
alexgrigelis,elonmusk,1
alexofmd,squawksquare,1
alhowiriny,EvrybodynthrMom,1
alhowiriny,GailAlfarATX,1
alhowiriny,IheartTesla,1
alhowiriny,JenniCurrent,1
alhowiriny,Kristennetten,1
alhowiriny,Tesla,1
alhowiriny,TeslaOwnersEBay,1
alhowiriny,blueskykites,1
alhowiriny,daelmor,1
alhowiriny,elonmusk,1
alhowiriny,teslacn,1
aliMMA,POTUS,1
aliMMA,SenJoniErnst,1
alicelilly1,PPathole,1
alicelilly1,Tesla,1
alicelilly1,elonmusk,1
alidocain,Tesla_M_Verse,1
alidocain,svc_coin,1
allen_p54,garyblack00,1
almendez,elonmusk,1
almostcomfy,AP,1
alpha_401k,elonmusk,1
alva_jr1,RealtorStarShar,1
alva_jr1,Tesla,1
alva_jr1,elonmusk,1
amatmik,squawksquare,1
amazonholder1,Tesla,1
amazonholder1,ashwinibirla,1
amazonholder1,elonmusk,1
amgarratt,DayveDean,1
amgarratt,bppulseuk,1
aminememmi2,SamSixx66,1
amit0202jha,WholeMarsBlog,1
ammeena,elonmusk,1
amunze_rachael,KING__KALALA,1
amunze_rachael,NRGRadioKenya,1
amunze_rachael,ShaqoEl,1
amunze_rachael,djtwinizzle,1
amusezey,aejeanxxd,1
and_tesla,north_tesla,1
andiefontaine23,hlynur,1
andiefontaine23,naglalakk,1
andishe05207380,delta_chain_,1
andreasionis,EvrybodynthrMom,1
andreasionis,GailAlfarATX,1
andreasionis,IheartTesla,1
andreasionis,JenniCurrent,1
andreasionis,Kristennetten,1
andreasionis,Tesla,1
andreasionis,TeslaOwnersEBay,1
andreasionis,blueskykites,1
andreasionis,daelmor,1
andreasionis,elonmusk,1
andreasionis,teslacn,1
andrejsirka,ex_zorz,1
andreslorquino,Verownika,1
androolloyd,mysticryuujin,1
andy_at_foh,Boeing,1
andy_at_foh,MuellerSheWrote,1
andy_at_foh,NASA,1
andy_at_foh,SpaceX,1
andy_at_foh,StanSocdem,1
andy_at_foh,Tesla,1
andy_at_foh,ericlacasse,1
andy_jd3,DirtyTesLa,1
andy_jd3,Tesla,1
andylangleynz,Tesla,1
andylangleynz,TeslaClubAT,1
andylangleynz,elonmusk,1
andylangleynz,teslaownersSV,1
andyleaflinux,GilderanRahl,1
andyleaflinux,HullTeslaModel3,1
andyleaflinux,Tesla,1
andyleaflinux,TeslaOwnersUK,1
andyleaflinux,davidjamesdj,1
andyleaflinux,elonmusk,1
anecdotalbobcat,BlackRock_UK,2
anecdotalbobcat,ColinByTheCoast,2
anecdotalbobcat,JaneLorelie,2
angelizcelja,graforiks,1
angelscastle,Falconwingsnj,1
angelscastle,Tesla,1
angiebobandi,elonmusk,1
angiebobandi,peepomad1,1
angiebobandi,pwnwtfbbq,1
anglshck,EvrybodynthrMom,1
anglshck,GailAlfarATX,1
anglshck,IheartTesla,1
anglshck,JenniCurrent,1
anglshck,Kristennetten,1
anglshck,Tesla,1
anglshck,TeslaOwnersEBay,1
anglshck,blueskykites,1
anglshck,daelmor,1
anglshck,elonmusk,1
anglshck,teslacn,1
aniketvartak,EvrybodynthrMom,1
aniketvartak,GailAlfarATX,1
aniketvartak,IheartTesla,1
aniketvartak,JenniCurrent,1
aniketvartak,Kristennetten,1
aniketvartak,Tesla,1
aniketvartak,TeslaOwnersEBay,1
aniketvartak,blueskykites,1
aniketvartak,daelmor,1
aniketvartak,elonmusk,1
aniketvartak,teslacn,1
anon117381,elonmusk,1
anonymossources,EvrybodynthrMom,1
anonymossources,GailAlfarATX,1
anonymossources,IheartTesla,1
anonymossources,JenniCurrent,1
anonymossources,Kristennetten,1
anonymossources,Tesla,1
anonymossources,TeslaOwnersEBay,1
anonymossources,blueskykites,1
anonymossources,daelmor,1
anonymossources,elonmusk,1
anonymossources,teslacn,1
anpahnman,PPathole,2
anpahnman,dillzilla99,1
anpahnman,elonmusk,2
anpahnman,punjiam,2
ansel_tech,EvrybodynthrMom,1
ansel_tech,GailAlfarATX,1
ansel_tech,IheartTesla,1
ansel_tech,JenniCurrent,1
ansel_tech,Kristennetten,1
ansel_tech,Tesla,1
ansel_tech,TeslaOwnersEBay,1
ansel_tech,blueskykites,1
ansel_tech,daelmor,1
ansel_tech,elonmusk,1
ansel_tech,teslacn,1
anshnayan_15,elonmusk,1
anthonyisonline,alex_avoigt,2
anthonyisonline,arnthorjon,1
anthonyisonline,bradsferguson,2
anto1979,elonmusk,1
antonsterenborg,PopSci,1
anuragtwittes,EvrybodynthrMom,1
anuragtwittes,GailAlfarATX,1
anuragtwittes,IheartTesla,1
anuragtwittes,JenniCurrent,1
anuragtwittes,Kristennetten,1
anuragtwittes,RealMaxtern,1
anuragtwittes,Tesla,1
anuragtwittes,TeslaOwnersEBay,1
anuragtwittes,blueskykites,1
anuragtwittes,daelmor,1
anuragtwittes,elonmusk,1
anuragtwittes,teslacn,1
apathetic_geek,elonmusk,1
appasahebkadam,elonmusk,1
applebutter333,EvrybodynthrMom,1
applebutter333,GailAlfarATX,1
applebutter333,IheartTesla,1
applebutter333,JenniCurrent,1
applebutter333,Kristennetten,1
applebutter333,Tesla,1
applebutter333,TeslaOwnersEBay,1
applebutter333,blueskykites,1
applebutter333,daelmor,1
applebutter333,elonmusk,1
applebutter333,teslacn,1
arcanograph,lovemesomemusk,1
aribo,superphiz,1
arko_dash,squawksquare,1
armanifosso,DRayRaven,1
armanifosso,elonmusk,1
armanifosso,itsJeffTiedrich,1
arnabdotorg,ColumbusGov,1
arnabdotorg,chefanieeee,1
arnabdotorg,reroutethe23,1
arnavwrites,EvrybodynthrMom,1
arnavwrites,GailAlfarATX,1
arnavwrites,IheartTesla,1
arnavwrites,JenniCurrent,1
arnavwrites,Kristennetten,1
arnavwrites,Tesla,1
arnavwrites,TeslaOwnersEBay,1
arnavwrites,blueskykites,1
arnavwrites,daelmor,1
arnavwrites,elonmusk,1
arnavwrites,teslacn,1
arnthorjon,Nedsir1,2
arnthorjon,alex_avoigt,2
arnthorjon,theBocker70,2
artmoj,_snpy__,1
arttwit,Anthony65181997,1
arttwit,SawyerMerritt,1
arttwit,garyblack00,1
arttwit,heydave7,1
arwarr02,StaffSausage,1
as38263772,HarezmiN,1
as38263772,SerkanK16508934,1
asH9C,Falconwingsnj,1
asH9C,Tesla,1
asdasdsadgh2222,EvrybodynthrMom,1
asdasdsadgh2222,GailAlfarATX,1
asdasdsadgh2222,IheartTesla,1
asdasdsadgh2222,JenniCurrent,1
asdasdsadgh2222,Kristennetten,1
asdasdsadgh2222,Tesla,1
asdasdsadgh2222,TeslaOwnersEBay,1
asdasdsadgh2222,blueskykites,1
asdasdsadgh2222,daelmor,1
asdasdsadgh2222,elonmusk,1
asdasdsadgh2222,teslacn,1
asegpi,MichaelAArouet,1
asegpi,ProfitOverPanic,1
ashishtiw11,Pkunk_,1
ashishtiw11,learning_pt,1
ashishtiw11,narendramodi,1
ashwinibirla,Tesla,2
ashwinibirla,amazonholder1,3
ashwinibirla,elonmusk,2
ashwinibirla,tastybits,1
asif_amirii,EvrybodynthrMom,1
asif_amirii,GailAlfarATX,1
asif_amirii,IheartTesla,1
asif_amirii,JenniCurrent,1
asif_amirii,Kristennetten,1
asif_amirii,Tesla,1
asif_amirii,TeslaOwnersEBay,1
asif_amirii,blueskykites,1
asif_amirii,daelmor,1
asif_amirii,elonmusk,1
asif_amirii,teslacn,1
assplayjockey,elonmusk,1
astralgemsco,benitanov,1
asukamaxwell02,amahnke,1
asvkryyo,siIicide,1
asynjurfree2,TESLA_CREADOR,2
atj721,28delayslater,3
atj721,ElonsBrain,3
atj721,GerberKawasaki,2
atj721,MemesOfMars,3
atj721,Model3Owners,3
atj721,OCTeslaClub,3
atj721,RobertG66331215,2
atj721,Tesla,3
atj721,TeslaChillMode,3
atj721,TeslaPodcast,3
atj721,WR4NYGov,3
atj721,WholeMarsBlog,3
atj721,dennis_p,3
atj721,elonmusk,3
atj721,elonmusknt,3
atj721,mymodl3,3
atj721,ray4tesla,3
atj721,slye,3
atj721,teslaownersSV,3
atj721,teslatidbits,3
atj721,who_is_eddie_v,1
atlast4life,TicTocTick,1
atsushi_model3,MocaTesla,1
atsushi_model3,TeeTee_tesla,1
atul95,elonmusk,1
auctionkingatl,BetoORourke,1
augustreigns,conspiracyb0t,1
auslee711,elonmusk,1
austinpfleming,LucidMotors,1
austinpfleming,Tesla,1
austinpfleming,Tesla2Lucid,1
austinpfleming,elonmusk,1
austinpfleming,masegoslin,1
austinpfleming,rajshamani,1
autotestsonline,BurkhardRi,1
autotestsonline,TechPreacher,1
autotestsonline,Tesla,1
autotestsonline,ooswald,1
avizyt,mohittomar2008,1
awalidjann,onlyvansz,1
ayapuay,EsquireEs,1
ayejuice,eu_pedro_lucas_,1
ayoyungswag,DimaZeniuk,2
ayoyungswag,Tesla,2
ayoyungswag,albert_Ai,2
ayoyungswag,elonmusk,2
ayoyungswag,hubb_kyle,2
az_happyin,Corey_Peters,1
az_happyin,elonmusk,1
aznlilchino103,DimaZeniuk,1
aznlilchino103,Tesla,1
aznlilchino103,elonmusk,1
azoteprogresia,ElTamar_Oficial,1
azoteprogresia,IdiazAyuso,1
azoteprogresia,carolacarazo,1
azulelectric_es,Driver_1314,1
azulelectric_es,formulers,1
azuremouse,elonmusk,1
b_fedorowicz,Tesla,1
b_fedorowicz,Teslarati,1
b_fedorowicz,elonmusk,1
b_fedorowicz,wojcikofficial,1
b_madelief,Ernst_blok,1
b_madelief,onzetaal,1
b_madelief,wiezegtdatnog,1
babydoge_420,EvrybodynthrMom,2
babydoge_420,GailAlfarATX,2
babydoge_420,IheartTesla,2
babydoge_420,JenniCurrent,2
babydoge_420,Kristennetten,2
babydoge_420,Tesla,2
babydoge_420,TeslaOwnersEBay,2
babydoge_420,blueskykites,2
babydoge_420,daelmor,2
babydoge_420,elonmusk,2
babydoge_420,teslacn,2
babylon4288,elonmusk,2
babylon4288,xAlden,2
backyardsage,elonmusk,1
bacon8tr,Tesla,1
bacon8tr,lovemesomemusk,1
badgerboyjake,JimmyRock1978,1
badgermick49,SawyerMerritt,1
badgermick49,Tesla,1
badgermick49,TeslaCharging,1
badgermick49,bradsferguson,1
baltolstoyevski,euroyonetim,1
bambamboogey,DavidGr67648486,1
bambamboogey,PhilJankowski,1
bambamboogey,UROCKlive1,1
bamskki,level09,1
banekondic1996,EvrybodynthrMom,1
banekondic1996,GailAlfarATX,1
banekondic1996,IheartTesla,1
banekondic1996,JenniCurrent,1
banekondic1996,Kristennetten,1
banekondic1996,Tesla,1
banekondic1996,TeslaOwnersEBay,1
banekondic1996,blueskykites,1
banekondic1996,daelmor,1
banekondic1996,elonmusk,1
banekondic1996,teslacn,1
barronorange1,elonmusk,1
bartvdpoel3,JAHeijkamp,1
bartvdpoel3,TheSailorSon,1
bashbro_tof,yummiehere,1
basssavant1976,elonmusk,1
bchadhill,adamdavidson,1
bdcecil,nytimes,1
beahntweet,yitgordon,1
beavers_ducks,ACTIONGIRL12,1
beavers_ducks,Tesla,1
beavers_ducks,elonmusk,1
bebi27,Mac4ever,1
bebi27,Tesla,1
becerratops,Tesla,1
becerratops,lovemesomemusk,1
beeceedo,AllThingsTSLA,1
beee3_B,EvrybodynthrMom,1
beee3_B,GailAlfarATX,1
beee3_B,IheartTesla,1
beee3_B,JenniCurrent,1
beee3_B,Kristennetten,1
beee3_B,Tesla,1
beee3_B,TeslaOwnersEBay,1
beee3_B,blueskykites,1
beee3_B,daelmor,1
beee3_B,elonmusk,1
beee3_B,teslacn,1
bellaluna0101,man_norwegian,1
bellausa17,GailAlfarATX,4
bellausa17,IheartTesla,4
bellausa17,JenniCurrent,4
bellausa17,Kristennetten,4
bellausa17,Tesla,4
bellausa17,TeslaOwnersEBay,4
bellausa17,blueskykites,4
bellausa17,daelmor,4
bellausa17,elonmusk,4
bellausa17,teslacn,4
bencord0,omg_tesla,1
bencord0,zvvvvl,1
benekcj,elonmusk,1
benjaminhopton,L333LHC,1
benjaminhopton,Tesla,1
benjaminhopton,holgate177,1
benoitmichel100,matwatsoncars,1
bevedoni,elonmusk,1
bhushanecomm,gold_tesla,2
bibbymiles7,LucidMotors,1
bibbymiles7,Tesla,1
bibbymiles7,Tesla2Lucid,1
bibbymiles7,elonmusk,1
bibbymiles7,masegoslin,1
bicarboniato,TESLA_CREADOR,2
bidani_bechir,EvrybodynthrMom,1
bidani_bechir,GailAlfarATX,1
bidani_bechir,IheartTesla,1
bidani_bechir,JenniCurrent,1
bidani_bechir,Kristennetten,1
bidani_bechir,Tesla,1
bidani_bechir,TeslaOwnersEBay,1
bidani_bechir,blueskykites,1
bidani_bechir,daelmor,1
bidani_bechir,elonmusk,1
bidani_bechir,teslacn,1
bigbalognapony,28delayslater,2
bigbalognapony,dave_lakeside,2
bigbalognapony,dillzilla99,2
bigbalognapony,kevinthorley,2
bill7x7,elonmusk,1
billianton,3YearLetterman,1
billianton,elonmusk,1
billybirry,TheBangkokIam,1
billybirry,facebook,1
bino_oko,BrankaStajner,1
bitchelations01,nytimes,1
bitcoin_vitamin,AlternateJones,1
bitcoin_vitamin,a_meta4,1
bithits,ChapmanCNSNews,1
bithits,EvrybodynthrMom,1
bithits,GailAlfarATX,1
bithits,IheartTesla,1
bithits,JenniCurrent,1
bithits,Kristennetten,1
bithits,Tesla,1
bithits,TeslaOwnersEBay,1
bithits,blueskykites,1
bithits,daelmor,1
bithits,elonmusk,1
bithits,teslacn,1
bitpertinax,_donalphonso,1
bjh1776,Mollyploofkins,1
blackwidowbtc,0xWyckoff,1
blackwidowbtc,IT_AIRmass,1
blackwidowbtc,NFTHero2,1
blkcsr34,Tesla,2
blkcsr34,_KeitaJames,1
blkcsr34,thyAshes,2
blovereviews,j_power1,1
bluecrash,PPathole,1
bluecrash,Tesla,1
bluecrash,elonmusk,1
blueeyes_micky,HoeyberghsJeff,1
blueherring,tesla_adri,1
bobbypanos,Tesla,1
bobbypanos,thyAshes,1
bobichette11,KyleRobert,1
bobichette11,MattWallace888,1
bobichette11,elonmusk,1
bobichette11,epsryn_foe,1
bobichette11,fischer_price7,1
bonoda,model3yokohama,2
bonoda,north_tesla,2
boom_sausage,squawksquare,1
boris_gagarin,blauwvlam,1
boris_gagarin,j_vollenbroek,1
boris_gagarin,jaces,1
bot09112001,squawksquare,1
bpatton00,elonmusk,1
br_ranger,Tesla,1
br_ranger,elonmusk,1
br_ranger,tesla_adri,1
brad50676516,VoltInuOfficial,1
bradsferguson,SawyerMerritt,1
bradsferguson,Tesla,1
bradsferguson,TeslaCharging,1
brage_skj,EvrybodynthrMom,1
brage_skj,GailAlfarATX,1
brage_skj,IheartTesla,1
brage_skj,JenniCurrent,1
brage_skj,Kristennetten,1
brage_skj,Tesla,1
brage_skj,TeslaOwnersEBay,1
brage_skj,blueskykites,1
brage_skj,daelmor,1
brage_skj,elonmusk,1
brage_skj,teslacn,1
brandenflasch,BLKMDL3,1
brandenflasch,DBurkland,1
brandenflasch,KemClawson,1
brandenflasch,Tesla,1
brandenflasch,_bennettm_,1
brandenflasch,elonmusk,1
brandybgood,EvrybodynthrMom,1
brandybgood,GailAlfarATX,1
brandybgood,IheartTesla,1
brandybgood,JenniCurrent,1
brandybgood,Kristennetten,1
brandybgood,Tesla,1
brandybgood,TeslaOwnersEBay,1
brandybgood,blueskykites,1
brandybgood,daelmor,1
brandybgood,elonmusk,1
brandybgood,teslacn,1
bratanov,jpr007,1
brc06,LucidMotors,1
brc06,ParkerSalestrom,1
brc06,Tesla,1
brc06,Tesla2Lucid,1
brc06,elonmusk,1
brc06,jetsandlucid,1
brc06,masegoslin,1
brett60196015,PierrePoilievre,1
brettpeirce,bevedoni,1
brevolve,Jane_Doe_Dead,1
brevolve,SawyerMerritt,1
brevolve,elonmusk,1
brevolve,thomasgerlach,1
brian_tev,Mollyjake3,1
bridget_ones,TESLA_CREADOR,3
brooklindevil,Etarniceriu17,2
brooklindevil,SnazzyQ,2
brooklindevil,elonmusk,2
brotonbp,greg16676935420,1
brotonbp,thuglifetoken,1
bruce_boutell,elonmusk,1
brunoegwumba,TonamiPlayman,1
brunosilva,richardslopes83,1
brunosilva,slye,1
bsant54,ronmortgageguy,1
bspain1,EvrybodynthrMom,1
bspain1,GailAlfarATX,1
bspain1,IheartTesla,1
bspain1,JenniCurrent,1
bspain1,Kristennetten,1
bspain1,Lloydlucianvert,2
bspain1,Nabimara_paul,2
bspain1,Tesla,1
bspain1,TeslaOwnersEBay,1
bspain1,Vincentkal24,2
bspain1,blueskykites,1
bspain1,calebmutonyi2,2
bspain1,daelmor,1
bspain1,elonmusk,1
bspain1,itsJonasjr,2
bspain1,kingsula11,2
bspain1,madeinkwahu,2
bspain1,mukoya_256,2
bspain1,real_houfy,2
bspain1,teslacn,1
bspain1,therealluoboy,2
bstrat515,MatthwETH,1
bsumo29,squawksquare,1
btrotta,ElonJet,1
bubak01,3YearLetterman,1
bubak01,elonmusk,1
budoong2papa,garyblack00,1
budoong2papa,hikingskiing,1
bukhadoours,Tesla,1
bukhadoours,TeslaClubAT,1
bukhadoours,elonmusk,1
bukhadoours,teslaownersSV,1
bulentozkan61,dmrdntrk,1
bullet52,AlertaNews24,1
bummelbahner,DiedrichLeander,1
bumpyjonasdc,Abdelmou2taleb,1
bumpyjonasdc,BYDCompany,1
bumpyjonasdc,EdLoh,1
bumpyjonasdc,EforElectric,1
bumpyjonasdc,FullyChargedShw,1
bumpyjonasdc,GreenBiz,1
bumpyjonasdc,Greenpeace,1
bumpyjonasdc,InsideEVs,1
bumpyjonasdc,ReutersBiz,1
bumpyjonasdc,cleantechnica,1
bumpyjonasdc,climate,1
bumpyjonasdc,insideclimate,1
bunningtimothy,KobraToldya,1
bunningtimothy,Tesla,1
burhansam,ersoyakif1,1
burhansam,tesla_pici,1
burneracct1099,AdrianoFeria,2
burneracct1099,AnaruHarris97,1
burneracct1099,KingEliasTints,1
burneracct1099,RickMcIntosh16,2
burneracct1099,UltraVoid95,1
burneracct1099,elonmusk,3
burneracct1099,greg16676935420,4
burnthesoy,elonmusk,1
burry_derek,Mancunia16,1
burry_derek,OctopusEnergy,1
burry_derek,Pod_Point,1
burry_derek,Tesla,1
busbyjon,Tesla,1
busbyjon,elonmusk,1
busbyjon,tesla_adri,1
buyaka6I9,AllSconnie,1
buyaka6I9,JakobRoss12,1
buyaka6I9,NaziHunter007,1
buyaka6I9,TimRunsHisMouth,1
buzzman123,DRayRaven,1
buzzman123,elonmusk,1
buzzman123,itsJeffTiedrich,1
bwireluther,maumo_emmanuel,1
bxr1028,north_tesla,2
cCKaraca05,GujaratPolice,1
cCKaraca05,Stephen_Means,1
cCKaraca05,elonmusk,2
c_chanter,4gravitons,1
c_chanter,RodT3,1
c_chanter,jablan,1
caedemmo,GaloLaraY,1
cagsimsek,Berkan_Bayram,1
cagsimsek,LucidMotors,1
cagsimsek,Tesla,1
cake_wars,JPoBTV,2
cake_wars,TheAlexisKraft,2
cake_wars,coldgamecrispy,2
cake_wars,elonmusk,2
cake_wars,henryaryaxz,2
cake_wars,latayprime,2
calebmills32090,KSO676,1
calebmills32090,Tesla,3
calebmills32090,TeslaClubAT,3
calebmills32090,elonmusk,3
calebmills32090,preettweet_,1
calebmills32090,teslaownersSV,3
calenko,krizdabz,1
callMeeMax,EvrybodynthrMom,1
callMeeMax,GailAlfarATX,1
callMeeMax,IheartTesla,1
callMeeMax,JenniCurrent,1
callMeeMax,Kristennetten,1
callMeeMax,Tesla,1
callMeeMax,TeslaOwnersEBay,1
callMeeMax,blueskykites,1
callMeeMax,daelmor,1
callMeeMax,elonmusk,1
callMeeMax,teslacn,1
calvsoed,alatheane,1
camdenroad8,CNBC,1
camdenroad8,Fidelity,1
camelotshadow,funwithnumberz,1
cameracoz,OakCityCRE,1
cameracoz,Rivian,1
campbellbrianh1,frugal_trader,1
candyisyummy333,CountDankulaTV,1
candyisyummy333,EvrybodynthrMom,1
candyisyummy333,GailAlfarATX,1
candyisyummy333,IheartTesla,1
candyisyummy333,JenniCurrent,1
candyisyummy333,Kristennetten,1
candyisyummy333,RaymanIsWoat,1
candyisyummy333,Tesla,1
candyisyummy333,TeslaOwnersEBay,1
candyisyummy333,Wenrugbro,1
candyisyummy333,blueskykites,1
candyisyummy333,daelmor,1
candyisyummy333,elonmusk,1
candyisyummy333,teslacn,1
capitalistchimp,ThePapageorgio,1
captain_darsh,meryy_tesla,1
captainarve,99brownKaryl,2
captainarve,EPavlic,1
captainarve,EvaFoxU,1
captainarve,JohnnaCrider1,1
captainarve,PauljHorton,2
captainarve,R6Alex,2
captainarve,SawyerMerritt,1
captainarve,Tesla,4
captainarve,TeslaDiva99,2
captainarve,TeslaNY,1
captainarve,TeslaOwnersEBay,1
captainarve,WhatsupFranks,2
captainarve,WholeMarsBlog,1
captainarve,atk0506,2
captainarve,blueskykites,2
captainarve,elonmusk,1
captainarve,hope4494,2
captainarve,klwtts,1
captainarve,lovemesomemusk,1
captainarve,mayemusk,1
captainarve,teslanatrix,1
captainarve,teslaownersSV,1
captainr62,Leothel70868842,1
captainr62,SimplyWhelmed,1
captainr62,elonmusk,1
captainr62,scoutingbylogan,1
captcryptofella,HurricaneIker,1
captcryptofella,elonmusk,1
carbonatedm1lk8,Tesla,2
carbonatedm1lk8,TroyTeslike,2
carbonatedm1lk8,d_kinimo,2
carbonatedm1lk8,elonmusk,2
carbonatedm1lk8,tesla_adri,1
carbonatedm1lk8,teslamag,2
carol_saints_,Scorpio10299835,1
carol_saints_,manjos,1
carol_saints_,partilha,1
carolelucky,Christiano92,1
carolelucky,JamesHoffmann3,1
carolelucky,TaylorOgan,1
carolelucky,WholeMarsBlog,1
carolelucky,bagguley,1
carolelucky,elonmusk,1
carolelucky,kunalbht,1
carolelucky,physics_savage,1
carolw,davidhazony,1
carrfrank2,StanphylCap,1
cartagenera_,EvrybodynthrMom,1
cartagenera_,GailAlfarATX,1
cartagenera_,IheartTesla,1
cartagenera_,JenniCurrent,1
cartagenera_,Kristennetten,1
cartagenera_,Tesla,1
cartagenera_,TeslaOwnersEBay,1
cartagenera_,blueskykites,1
cartagenera_,daelmor,1
cartagenera_,elonmusk,1
cartagenera_,teslacn,1
cas0527148,EvrybodynthrMom,1
cas0527148,GailAlfarATX,1
cas0527148,IheartTesla,1
cas0527148,JenniCurrent,1
cas0527148,Kristennetten,1
cas0527148,Tesla,1
cas0527148,TeslaOwnersEBay,1
cas0527148,blueskykites,1
cas0527148,daelmor,1
cas0527148,elonmusk,1
cas0527148,teslacn,1
catw37,UberAbdul,1
cauez1n,Lipawyd,1
cauez1n,enzoowyd,2
cearbha1,EvrybodynthrMom,1
cearbha1,GailAlfarATX,1
cearbha1,IheartTesla,1
cearbha1,JenniCurrent,1
cearbha1,Kristennetten,1
cearbha1,Tesla,1
cearbha1,TeslaOwnersEBay,1
cearbha1,blueskykites,1
cearbha1,daelmor,1
cearbha1,elonmusk,1
cearbha1,teslacn,1
ceo92014237,PPathole,2
ceo92014237,Tesla,2
ceo92014237,elonmusk,2
ceo92014237,kaminoean,1
cerofvcksgiven,EvrybodynthrMom,1
cerofvcksgiven,GailAlfarATX,1
cerofvcksgiven,IheartTesla,1
cerofvcksgiven,JenniCurrent,1
cerofvcksgiven,Kristennetten,1
cerofvcksgiven,Tesla,1
cerofvcksgiven,TeslaOwnersEBay,1
cerofvcksgiven,blueskykites,1
cerofvcksgiven,daelmor,1
cerofvcksgiven,elonmusk,1
cerofvcksgiven,teslacn,1
cesarvaldez51,Eltraviezoarce5,1
cfcarballo,elonmusk,1
chELs_Professor,EvrybodynthrMom,1
chELs_Professor,GailAlfarATX,1
chELs_Professor,IheartTesla,1
chELs_Professor,JenniCurrent,1
chELs_Professor,Kristennetten,1
chELs_Professor,Tesla,1
chELs_Professor,TeslaOwnersEBay,1
chELs_Professor,blueskykites,1
chELs_Professor,daelmor,1
chELs_Professor,elonmusk,1
chELs_Professor,teslacn,1
chacha_marquis,elonmusk,1
chan_lambda,KeepUsaGreater,1
chan_lambda,PinkEle31705153,1
chan_lambda,TexasTribune,1
chan_lambda,brenda_eanes,1
chan_lambda,darkbrainmatter,1
chan_lambda,realJohnACastro,1
charlesacartron,99brownKaryl,1
charlesacartron,EvrybodynthrMom,1
charlesacartron,GailAlfarATX,1
charlesacartron,IheartTesla,1
charlesacartron,JenniCurrent,1
charlesacartron,Kristennetten,1
charlesacartron,PauljHorton,1
charlesacartron,R6Alex,1
charlesacartron,Tesla,2
charlesacartron,TeslaDiva99,1
charlesacartron,TeslaOwnersEBay,1
charlesacartron,WhatsupFranks,1
charlesacartron,atk0506,1
charlesacartron,blueskykites,2
charlesacartron,daelmor,1
charlesacartron,elonmusk,1
charlesacartron,hope4494,1
charlesacartron,teslacn,1
chaserobertsonn,sweatystartup,1
check0tweeturs,elonmusk,2
check0tweeturs,juliorey,2
check0tweeturs,morbinger,1
checkitoutFRG,patentjt,1
chengyulee80,TrumpFarker,1
chengyulee80,pakpakchicken,1
cherrib0424,TeslasWords,1
chetski_3000,TheAlexisKraft,1
chetski_3000,coldgamecrispy,1
chetski_3000,eastiearchitect,1
chetski_3000,elonmusk,1
chicago_glenn,EvrybodynthrMom,1
chicago_glenn,GailAlfarATX,1
chicago_glenn,IheartTesla,1
chicago_glenn,JenniCurrent,1
chicago_glenn,KSO676,1
chicago_glenn,Kristennetten,1
chicago_glenn,Tesla,2
chicago_glenn,TeslaClubAT,1
chicago_glenn,TeslaOwnersEBay,1
chicago_glenn,blueskykites,1
chicago_glenn,daelmor,1
chicago_glenn,elonmusk,2
chicago_glenn,tesla_addicted,1
chicago_glenn,teslacn,1
chicago_glenn,teslaownersSV,1
chiefgxy,elonmusk,1
chilicon73,YellowLabLife,1
chilicon73,elonmusk,1
chirpydove,SawyerMerritt,2
chirpydove,combatchris3,1
chokmoo,28delayslater,1
chokmoo,DirtyTesLa,1
chokmoo,EvrybodynthrMom,1
chokmoo,GailAlfarATX,1
chokmoo,IheartTesla,1
chokmoo,JenniCurrent,1
chokmoo,Kristennetten,1
chokmoo,Tesla,2
chokmoo,TeslaOwnersEBay,1
chokmoo,blueskykites,1
chokmoo,daelmor,1
chokmoo,elonmusk,1
chokmoo,teslacn,1
cholshdz,sergiooliveiram,1
choppelo_camus,upelienta_sss,1
chris2holland,MusingsEv,1
chris_eisener,TaylorOgan,1
chris_eisener,k_salberta,1
chrisishiguzo,EvrybodynthrMom,1
chrisishiguzo,GailAlfarATX,1
chrisishiguzo,IheartTesla,1
chrisishiguzo,JenniCurrent,1
chrisishiguzo,Kristennetten,1
chrisishiguzo,Tesla,1
chrisishiguzo,TeslaOwnersEBay,1
chrisishiguzo,blueskykites,1
chrisishiguzo,daelmor,1
chrisishiguzo,elonmusk,1
chrisishiguzo,teslacn,1
chriskclark,DimaZeniuk,1
chriskclark,Tesla,1
chriskclark,elonmusk,1
christ0527,elonmusk,1
christi10006880,EvrybodynthrMom,2
christi10006880,GailAlfarATX,2
christi10006880,IheartTesla,2
christi10006880,JenniCurrent,2
christi10006880,Kristennetten,2
christi10006880,Tesla,2
christi10006880,TeslaOwnersEBay,2
christi10006880,blueskykites,2
christi10006880,daelmor,2
christi10006880,elonmusk,2
christi10006880,teslacn,2
christo92787346,BradMunchen,1
christonpere,BonaireVolt,1
christonpere,RealDanODowd,1
christonpere,Tesla,1
christonpere,elonmusk,1
chucanoris,BookStoreStan,1
chucanoris,fried_jogurt,1
chuckcardoza,Most_Maximus,1
chuckcardoza,elonmusk,1
chuckkoba,tesla_shonan,1
chuckpaddock,EvrybodynthrMom,1
chuckpaddock,GailAlfarATX,1
chuckpaddock,IheartTesla,1
chuckpaddock,JenniCurrent,1
chuckpaddock,Kristennetten,1
chuckpaddock,Tesla,1
chuckpaddock,TeslaOwnersEBay,1
chuckpaddock,TinfoilTricorn,1
chuckpaddock,blueskykites,1
chuckpaddock,daelmor,1
chuckpaddock,elonmusk,1
chuckpaddock,teslacn,1
chungus1999,WholeMarsBlog,1
chungus1999,garyblack00,1
chungus1999,hikingskiing,1
chut78,DimaZeniuk,1
chut78,LucidMotors,1
chut78,Tesla,2
chut78,Tesla2Lucid,2
chut78,elonmusk,3
chut78,masegoslin,2
chut78,teslaownersSV,1
ciber_chewy,elonmusk,2
cincinnatus82,7w33t3r,3
cincinnatus82,DavidCol76,3
cincinnatus82,FTC,3
cincinnatus82,GordonJohnson19,3
cincinnatus82,NHTSAgov,3
cincinnatus82,NTSB,3
cincinnatus82,TaylorOgan,3
cincinnatus82,USDOT,3
circuit172,Tesla,1
circuit172,lovemesomemusk,1
cirys1,Ominsey,4
cirys1,alex_avoigt,4
cirys1,teslashillbot,4
cis5YnJE607xzs5,FthePump1,1
cis5YnJE607xzs5,Horizon95089898,1
cis5YnJE607xzs5,Tesla,3
cis5YnJE607xzs5,TheStyGuy,1
cis5YnJE607xzs5,UndeadByTheSea,1
cis5YnJE607xzs5,magneaus,2
cis5YnJE607xzs5,robhanjr,1
citron_flan,Minami_mata,1
cjc1103,LucidMotors,1
cjc1103,Tesla,1
cjc1103,Tesla2Lucid,1
cjc1103,elonmusk,1
cjc1103,masegoslin,1
classiflied77,HarmlessYardDog,1
claude_nelson,tesla_community,1
clawdiache,Tesla,1
clawdiache,thyAshes,1
cleangreenfast,DirtyTesLa,1
cleangreenfast,Tesla,1
cleangreenfast,elonmusk,1
clemiranat,ravjoeI,1
cliffmaier,WickedGood,1
cliffmaier,siracusa,1
climatebabes,squawksquare,1
cloudseventy375,geckoo66,1
clyma22,LucidMotors,1
clyma22,Tesla,1
clyma22,Tesla2Lucid,1
clyma22,elonmusk,1
clyma22,masegoslin,1
cmachado925,SugaSeanMMA,3
cmachado925,Wandering_USA,3
cmachado925,jellydrama,3
coL_Fantasy,Complexity,1
coL_Fantasy,Tesla,1
coL_Fantasy,clawdiache,1
coL_Fantasy,thyAshes,1
coach23life,GerberKawasaki,1
coach23life,SAbethankful,1
codehurtsbrain,EvrybodynthrMom,1
codehurtsbrain,GailAlfarATX,1
codehurtsbrain,IheartTesla,1
codehurtsbrain,JenniCurrent,1
codehurtsbrain,Kristennetten,1
codehurtsbrain,Tesla,1
codehurtsbrain,TeslaOwnersEBay,1
codehurtsbrain,blueskykites,1
codehurtsbrain,daelmor,1
codehurtsbrain,elonmusk,1
codehurtsbrain,teslacn,1
codingfodder,EvrybodynthrMom,1
codingfodder,GailAlfarATX,1
codingfodder,IheartTesla,1
codingfodder,JenniCurrent,1
codingfodder,Kristennetten,1
codingfodder,Tesla,1
codingfodder,TeslaOwnersEBay,1
codingfodder,blueskykites,1
codingfodder,daelmor,1
codingfodder,elonmusk,1
codingfodder,teslacn,1
cohn_asher,Real_Wakawaka,1
cohn_asher,lisaabramowicz1,1
coinLogixs,ERCOT_ISO,1
coinLogixs,PUCTX,1
coldgamecrispy,Bolt_Up_LA,1
coldgamecrispy,MichelleBrione7,1
coldgamecrispy,TheAlexisKraft,2
coldgamecrispy,elonmusk,2
combatchris3,SawyerMerritt,1
comic_stacks,3YearLetterman,1
comic_stacks,AndrewM13354484,1
comic_stacks,elonmusk,1
commonfolk365,EvrybodynthrMom,1
commonfolk365,GailAlfarATX,1
commonfolk365,IheartTesla,1
commonfolk365,JenniCurrent,1
commonfolk365,Kristennetten,1
commonfolk365,Tesla,1
commonfolk365,TeslaOwnersEBay,1
commonfolk365,blueskykites,1
commonfolk365,daelmor,1
commonfolk365,elonmusk,1
commonfolk365,teslacn,1
confused_sage,ohshidt,1
coniglione,hronir,2
coniglione,ontherailaway,2
connectamitb,elonmusk,1
consultoracaro,Xeritomad,1
consultoracaro,invierte_joven,1
cont3mplador,EvrybodynthrMom,1
cont3mplador,GailAlfarATX,1
cont3mplador,IheartTesla,1
cont3mplador,JenniCurrent,1
cont3mplador,Kristennetten,1
cont3mplador,Tesla,1
cont3mplador,TeslaOwnersEBay,1
cont3mplador,blueskykites,1
cont3mplador,daelmor,1
cont3mplador,elonmusk,1
cont3mplador,teslacn,1
convl0,FelixKern2,2
convl0,FinanceSmitty,2
convl0,MercedesBenz,1
convl0,defichain,1
convl0,elonmusk,1
convl0,julianhosp,1
convl0,the_manuel,1
corbinwilliams,DimaZeniuk,1
corbinwilliams,EvrybodynthrMom,1
corbinwilliams,GailAlfarATX,1
corbinwilliams,IDKFA3,1
corbinwilliams,IheartTesla,1
corbinwilliams,JenniCurrent,1
corbinwilliams,Kristennetten,1
corbinwilliams,MissJilianne,1
corbinwilliams,Tesla,1
corbinwilliams,TeslaOwnersEBay,1
corbinwilliams,blueskykites,1
corbinwilliams,brearley103,1
corbinwilliams,daelmor,1
corbinwilliams,elonmusk,2
corbinwilliams,teslacn,1
coreyjenkins3y1,TicTocTick,1
coskier61,SawyerMerritt,1
coskier61,Tesla,1
coskier61,TeslaCharging,1
costakonti1,DirtyTesLa,1
costakonti1,SawyerMerritt,2
costakonti1,Tesla,1
costakonti1,elonmusk,1
costakonti1,j_power1,1
costakonti1,slye,1
costakonti1,squawksquare,2
courtesyc123,Falconwingsnj,1
courtesyc123,Tesla,1
cptnkirknc1701,bboyfloore,1
cptnkirknc1701,elonmusk,1
cptnkirknc1701,frankjnovak,1
cptnkirknc1701,itsJeffTiedrich,1
cpugooroo,MrBeast,1
cpugooroo,elonmusk,1
crazyauditer,elonmusk,1
crazydudejeff,GerberKawasaki,2
crepuscularit,AVONBRANDT,1
cristian004078,elonmusk,1
crofamholder,rovercrc,1
cromsaunders,EvrybodynthrMom,1
cromsaunders,GailAlfarATX,1
cromsaunders,IheartTesla,1
cromsaunders,JenniCurrent,1
cromsaunders,Kristennetten,1
cromsaunders,Tesla,1
cromsaunders,TeslaOwnersEBay,1
cromsaunders,blueskykites,1
cromsaunders,daelmor,1
cromsaunders,elonmusk,1
cromsaunders,teslacn,1
cromwellian,ESGhound,1
cromwellian,MikeIsaac,1
cromwellian,seldo,1
crowe_stewart,bits2read,1
crughy,MattLebb,1
crughy,kaeont,1
crumbs4426,222corn,1
crypto2021_2021,business,5
crypto2021_2021,erikengheim,3
crypto2021_2021,passionfingerz,1
crypto2021_2021,stockey63,1
cryptoABK,Cointelegraph,1
cryptoWoolley,greg16676935420,1
cryptomaniac129,Bitcoin_Tesla,2
cryptomaniac129,rbhayes4,1
cryptomaniac129,scottmelker,2
cryptomemegod,Abstrvct,1
cs_rpr,EvrybodynthrMom,1
cs_rpr,GailAlfarATX,1
cs_rpr,IheartTesla,1
cs_rpr,JenniCurrent,1
cs_rpr,Kristennetten,1
cs_rpr,Tesla,1
cs_rpr,TeslaOwnersEBay,1
cs_rpr,blueskykites,1
cs_rpr,daelmor,1
cs_rpr,elonmusk,1
cs_rpr,teslacn,1
cskwriter,kairyssdal,1
ctech_geek,LucidMotors,1
ctech_geek,Tesla,1
ctech_geek,Tesla2Lucid,1
ctech_geek,elonmusk,1
ctech_geek,masegoslin,1
cubldr97,Andy_mc31,1
cubldr97,Dottie07730239,2
cubldr97,LucidMotors,3
cubldr97,Tesla,3
cubldr97,Tesla2Lucid,3
cubldr97,elonmusk,3
cubldr97,masegoslin,3
cubldr97,withabeverage,3
cuprankov_vita,EvrybodynthrMom,1
cuprankov_vita,GailAlfarATX,1
cuprankov_vita,IheartTesla,1
cuprankov_vita,JenniCurrent,1
cuprankov_vita,Kristennetten,1
cuprankov_vita,Tesla,1
cuprankov_vita,TeslaOwnersEBay,1
cuprankov_vita,blueskykites,1
cuprankov_vita,daelmor,1
cuprankov_vita,elonmusk,1
cuprankov_vita,teslacn,1
curlychrizz,EforElectric,1
curlychrizz,Ford,1
curlychrizz,Skate_a_book,1
curlychrizz,Tesla,1
curlychrizz,dblcapcrimpin,1
curmy1,molsjames,1
curvenomics,Carrie_Jeanne,1
curvenomics,Richard_Schiff,1
curvenomics,Tesla,1
curvenomics,TheGOPisRacist,1
curvenomics,elonmusk,1
cuse181,Most_Maximus,1
cuse181,adoseofjohn,1
cuse181,bzine,1
cuse181,russnelson,1
cw_dric,thehalfmann,1
cyrillabehrndt,Falconwingsnj,1
cyrillabehrndt,Tesla,1
d4v_e,PPathole,1
d4v_e,SECGov,1
d4v_e,elonmusk,1
dGdHtdS,FaletePower69,1
dGdHtdS,JR21VGmaster,1
dGdHtdS,RanguGamer,2
d_kinimo,Tesla,2
d_kinimo,TroyTeslike,2
d_kinimo,abledoc,1
d_kinimo,alex_avoigt,1
d_kinimo,carbonatedm1lk8,2
d_kinimo,elonmusk,3
d_kinimo,tesla_adri,3
d_kinimo,teslamag,2
d_mccar,DaveLougee,1
d_mccar,nyugrad1,1
d_mouissaoui,EvrybodynthrMom,1
d_mouissaoui,GailAlfarATX,1
d_mouissaoui,IheartTesla,1
d_mouissaoui,JenniCurrent,1
d_mouissaoui,Kristennetten,1
d_mouissaoui,Tesla,1
d_mouissaoui,TeslaOwnersEBay,1
d_mouissaoui,blueskykites,1
d_mouissaoui,daelmor,1
d_mouissaoui,elonmusk,1
d_mouissaoui,teslacn,1
d_sharaschandra,SaveSoilAcharya,1
d_sharaschandra,elonmusk,1
dahyho,greg16676935420,1
dan_kwi,EvrybodynthrMom,2
dan_kwi,GailAlfarATX,2
dan_kwi,IheartTesla,2
dan_kwi,JenniCurrent,2
dan_kwi,Kristennetten,2
dan_kwi,Tesla,2
dan_kwi,TeslaOwnersEBay,2
dan_kwi,blueskykites,2
dan_kwi,daelmor,2
dan_kwi,elonmusk,2
dan_kwi,teslacn,2
dancrum,elonmusk,1
daniavi225,Angelaleonreyes,1
daniavi225,DiegoMesaP,1
daniavi225,GustavoBolivar,1
daniavi225,JohnAndersonP10,1
daniavi225,petrogustavo,1
danielw31241874,elonmusk,1
danielw31241874,tesla_adri,1
danjb1977,SamSixx66,1
dankherm,DeflationHedge,1
dankherm,Dmandork,1
dankherm,elonmusk,1
dankherm,greg16676935420,1
dankherm,mantistoba,1
dankherm,mrnickhansen,1
danmet,awstar11,1
dann_merritt,Rainmaker1973,1
dannyhawkins82,Tesla,1
dannyhawkins82,jrj2tech,1
daranvaseg,AJShotMe,1
daranvaseg,GailAlfarATX,2
daranvaseg,IheartTesla,2
daranvaseg,JenniCurrent,2
daranvaseg,Kristennetten,2
daranvaseg,MattWallace888,1
daranvaseg,Tesla,2
daranvaseg,TeslaOwnersEBay,2
daranvaseg,WatcherGuru,1
daranvaseg,blueskykites,2
daranvaseg,daelmor,2
daranvaseg,elonmusk,4
daranvaseg,teslacn,2
darehouse,elonmusk,1
darkougrin,raphschoen,1
darrenjwright,yitgordon,1
dasnake,beccher,4
dasnake,disinformatico,4
davehartin,NIAS999,1
davehartin,NIFRSOFFICIAL,1
davehartin,PoliceServiceNI,1
davehartin,dobbin1977,1
david_tatlitug,elonmusk,1
davidaluum,RanguGamer,1
davidjamesdj,GilderanRahl,3
davidjamesdj,HullTeslaModel3,4
davidjamesdj,Tesla,4
davidjamesdj,TeslaOwnersUK,4
davidjamesdj,elonmusk,4
davidkrammer_,SawyerMerritt,1
davidkrammer_,Tesla,1
davidkrammer_,TeslaCharging,1
davidkrammer_,WholeMarsBlog,1
davidrojr,Tesla,1
davidrojr,TeslaOwnersEBay,1
davidrojr,elonmusk,1
davidrojr,teslacn,1
davidstachon,cb_doge,1
davidstachon,elonmusk,1
davidstachon,fancyplugoakley,1
davidstachon,nytimes,1
davidstachon,tweet_sanjukta,1
davidtayar5,GuideTolnvest,1
davidtayar5,squawksquare,1
davidxlai,elonmusk,1
daytonaplatinum,TheMaverickWS,1
dblcapcrimpin,DirtyTesLa,1
dblcapcrimpin,Tesla,1
dccampfin,CNET,1
ddexterr_,greg16676935420,1
de_la_lluvia,LincolnsBible,1
deadlightsout,IIllIlIllIIIlll,1
deadlightsout,squawksquare,2
deanemitch,AlanBixter,1
deanemitch,coland267,1
deathanddecay01,DimaZeniuk,1
deathanddecay01,Tesla,1
deathanddecay01,elonmusk,1
deathbecomesmax,EvrybodynthrMom,1
deathbecomesmax,GailAlfarATX,1
deathbecomesmax,IheartTesla,1
deathbecomesmax,JenniCurrent,1
deathbecomesmax,Kristennetten,1
deathbecomesmax,Tesla,1
deathbecomesmax,TeslaOwnersEBay,1
deathbecomesmax,blueskykites,1
deathbecomesmax,daelmor,1
deathbecomesmax,elonmusk,1
deathbecomesmax,teslacn,1
deathshipone,EvrybodynthrMom,1
deathshipone,GailAlfarATX,1
deathshipone,IheartTesla,1
deathshipone,JenniCurrent,1
deathshipone,Kristennetten,1
deathshipone,Tesla,1
deathshipone,TeslaOwnersEBay,1
deathshipone,blueskykites,1
deathshipone,daelmor,1
deathshipone,elonmusk,1
deathshipone,teslacn,1
deckardgain,DrutangAtHome,1
decryption,toholio,1
dedezigile,engineers_feed,1
deed_doer,SteveVanBallz,1
deekevin56_m,elonmusk,2
deganky,_SpaceSeX,1
deganky,greg16676935420,1
delilikvejack,SerennosDuke,1
delorisbutler,SpaceX,1
delorisbutler,Tesla,1
delorisbutler,elonmusk,1
delorisbutler,jimhumphrey68,1
delorisbutler,namemeifucan,1
demans13,aleynatilki,1
demsctrywdloans,Denny4428,1
demsctrywdloans,jonnajarian,1
dengodepizza,NITECH30,1
dennis_p,L_EVestbelle,1
dennis_p,Tesla,1
derGerfried,LaszloCzigola,1
derGerfried,Weisse_Kerze,1
derealscorpion,Icarus_Flies,1
derealscorpion,JankyJames92,1
derealscorpion,OBlessedSinner,1
derealscorpion,arkyhawg,1
derealscorpion,elonmusk,1
derealscorpion,myobusa,1
derealscorpion,partommi,1
derealscorpion,r__narne,1
derealscorpion,zarkrates,1
derekrogden,Gambiste1,1
derekrogden,talesftf,1
derflecha,elonmusk,1
dergrueneheld,DerRedstone_Pro,1
dergrueneheld,ReichelJonas,1
dergrueneheld,sebastiansozi,1
desaigk,LucidMotors,1
desaigk,Tesla,1
desaigk,Tesla2Lucid,1
desaigk,elonmusk,1
desaigk,masegoslin,1
dfbrownnz,SawyerMerritt,1
dfbrownnz,Tesla,1
dfbrownnz,TeslaCharging,1
dfbrownnz,bradsferguson,1
dharmishtha_D,EvrybodynthrMom,1
dharmishtha_D,GailAlfarATX,1
dharmishtha_D,IheartTesla,1
dharmishtha_D,JenniCurrent,1
dharmishtha_D,Kristennetten,1
dharmishtha_D,Tesla,2
dharmishtha_D,TeslaOwnersEBay,1
dharmishtha_D,Teslaconomics,1
dharmishtha_D,blueskykites,1
dharmishtha_D,daelmor,1
dharmishtha_D,elonmusk,1
dharmishtha_D,lovemesomemusk,1
dharmishtha_D,teslacn,1
dia385mond,sashayanshin,1
diaa_alhadii,twomegapixels,1
differentdoktor,9sirtom5,1
differentdoktor,Memosis,1
differentdoktor,volven,1
dillzilla99,28delayslater,1
dillzilla99,PPathole,1
dillzilla99,anpahnman,1
dillzilla99,bigbalognapony,1
dillzilla99,dave_lakeside,1
dillzilla99,elonmusk,1
dillzilla99,kevinthorley,1
dillzilla99,punjiam,1
dilorenzo,CrazyWeeMonkey,1
dilorenzo,JaredChamney,1
dilorenzo,SawyerMerritt,1
dilorenzo,TechPreacher,1
dilorenzo,Tesla,1
dilorenzo,j_vikingland,1
dineshpithani2,IncognitoTelugu,1
dino18992167,espiers,1
disillusioned62,elonmusk,1
disillusioned62,scoutingbylogan,1
disinformatico,beccher,1
disinformatico,dasnake,1
dividendgrowth1,EvEvangelist,1
dividendgrowth1,Tesla,1
dividendgrowth1,TeslaBest,1
dividendgrowth1,TeslaPodcast,1
dividendgrowth1,WholeMarsBlog,1
dividendgrowth1,elonmusk,1
dividendgrowth1,garyblack00,1
dividendgrowth1,heydave7,1
dividendgrowth1,stevenmarkryan,1
djchinatown,Ellars,1
djchinatown,TheMcKenziest,1
djkreeves_,RamzDizzle,1
dlowther715,Davidlaz,1
dlowther715,KTLAMorningNews,1
dmag357,mitchlafon,1
docjackmehoff,DRayRaven,1
docjackmehoff,elonmusk,1
docjackmehoff,itsJeffTiedrich,1
doctacam1,EvrybodynthrMom,1
doctacam1,GailAlfarATX,1
doctacam1,IheartTesla,1
doctacam1,JenniCurrent,1
doctacam1,Kristennetten,1
doctacam1,Tesla,1
doctacam1,TeslaOwnersEBay,1
doctacam1,blueskykites,1
doctacam1,daelmor,1
doctacam1,elonmusk,1
doctacam1,teslacn,1
doernhmd,elonmusk,1
doge_albania,GailAlfarATX,1
doge_albania,IheartTesla,1
doge_albania,JenniCurrent,1
doge_albania,Kristennetten,1
doge_albania,Tesla,1
doge_albania,TeslaOwnersEBay,1
doge_albania,blueskykites,1
doge_albania,daelmor,1
doge_albania,elonmusk,1
doge_albania,teslacn,1
dogefan84,elonmusk,1
dogesuppporteam,BackToTheDoge,1
dogvillefarminv,aktien22,1
dollabills999,elonmusk,1
donnijean,3SidecarsPlz,1
donnijean,joncoopertweets,1
donofhnl,FinFreeWizard,1
donski81539744,JeffBaums,1
donski81539744,OccamsComb,1
donski81539744,Zubru6,1
donski81539744,blinkist,1
dontfallforthe,ElectrifyingCom,1
dontfallforthe,GinnyBuckley,1
dontfallforthe,MotorFuelGroup,1
dontfallforthe,TomBarnardWords,1
dontfallforthe,derrickra,1
dontfallforthe,electricstevo,1
dontfallforthe,simon_j_henry,1
dontgetmusked,StevenWHopkins,4
dontgetmusked,Tesla,4
dontgetmusked,alex_avoigt,1
dontgetmusked,bongrat55,1
dontgetmusked,cis5YnJE607xzs5,4
dontgetmusked,longtoad1789,3
doofusbrane,elonmusk,1
doogerasgurd,LisaSurge1234,1
doogerasgurd,PPathole,1
doogerasgurd,elonmusk,1
dopre,ChrisGa39928857,1
dopre,thehill,1
dosmastr,JohnnaCrider1,1
dozecat007,BBCPM,1
dozecat007,LBC,1
dozecat007,MaisonGladys,1
dozecat007,NIAbbot,1
dpraylinee,vrenxre,1
dpwhite,GailAlfarATX,1
dpwhite,IheartTesla,1
dpwhite,JenniCurrent,1
dpwhite,Kristennetten,1
dpwhite,Tesla,1
dpwhite,TeslaOwnersEBay,1
dpwhite,blueskykites,1
dpwhite,daelmor,1
dpwhite,elonmusk,1
dpwhite,teslacn,1
dr2okevin,leo_tiedt,1
dr_dirtyphd,SamSixx66,1
dracoandreu,RanguGamer,2
dracoandreu,davidaluum,2
drarirubin,elonmusk,1
draykorinee,TaterWDE,1
drew95ca,EmmetPeppers,1
drew95ca,Most_Maximus,2
drew95ca,RealDanODowd,1
drew95ca,Richard_Schiff,1
drew95ca,Tesla,1
drew95ca,anne_cereda,2
drew95ca,boxingfan302,2
drew95ca,elonmusk,1
drew95ca,garyblack00,1
dreysona_,74ai6,1
dropgenius,FelineFiendz,1
drpavail,Tesla,1
drpavail,lovemesomemusk,1
drugosrbijanac3,man_norwegian,1
druikkari,KOKONOlS,1
dsdavies1,SawyerMerritt,1
dt_sqr,WholeMarsBlog,1
dt_sqr,dheerajbatchu,1
dt_sqr,garyblack00,1
dt_sqr,hikingskiing,1
dtheavenger,Mollyploofkins,1
dtheb2030,Invesquotes,1
dtoulouze,TeslaStars,1
dtoulouze,didierpulicani,1
dtoulouze,gaminfr59,1
duaneherring,DavidMcDou,1
duaneherring,skorusARK,1
dubbleotrippleo,28delayslater,1
dubbleotrippleo,MontanaSeptic,1
dudewithaj,squawksquare,1
dugnology,EvrybodynthrMom,1
dugnology,GailAlfarATX,1
dugnology,IheartTesla,1
dugnology,JenniCurrent,1
dugnology,Kristennetten,1
dugnology,Tesla,1
dugnology,TeslaOwnersEBay,1
dugnology,blueskykites,1
dugnology,daelmor,1
dugnology,elonmusk,1
dugnology,teslacn,1
dustinwhiteside,ThomasBeyer,1
dustinwhiteside,elonmusk,1
dusunen_kukla,EvrybodynthrMom,1
dusunen_kukla,GailAlfarATX,1
dusunen_kukla,IheartTesla,1
dusunen_kukla,JenniCurrent,1
dusunen_kukla,Kristennetten,1
dusunen_kukla,Tesla,1
dusunen_kukla,TeslaOwnersEBay,1
dusunen_kukla,blueskykites,1
dusunen_kukla,daelmor,1
dusunen_kukla,elonmusk,1
dusunen_kukla,teslacn,1
dvaraba36870731,Branislav1978,1
dvaraba36870731,man_norwegian,1
dvdinjp,EvrybodynthrMom,1
dvdinjp,GailAlfarATX,1
dvdinjp,IheartTesla,1
dvdinjp,JenniCurrent,1
dvdinjp,Kristennetten,1
dvdinjp,Tesla,1
dvdinjp,TeslaOwnersEBay,1
dvdinjp,blueskykites,1
dvdinjp,daelmor,1
dvdinjp,elonmusk,1
dvdinjp,teslacn,1
dwatg,elonmusk,1
dwatg,frankjnovak,1
dwatg,itsJeffTiedrich,1
dwayne_barger,elonmusk,1
dwaynovichy,IssaNourou,1
dwhes,SawyerMerritt,1
dwhes,Tesla,1
dwhes,TeslaCharging,1
dwhes,WholeMarsBlog,1
dyhard5590,DocSavageDR,1
dyhard5590,MrPotatoheadPHD,1
dyhard5590,marty3dtw,1
dyr_eng,investmattallen,1
e0nxamz,nytimes,1
eIenaneIe,profanostra,1
e_principle,mmeeuw,1
earcos,CarlosDG_Tesla,1
earcos,JaimePozas,1
earcos,TeslaParaTodos,1
earcos,slcuervo,1
eartotheground9,smbspencer,1
eastiearchitect,elonmusk,1
ebchristen,elonmusk,1
ec92009,SawyerMerritt,1
ec92009,Tesla,1
ec92009,j_vikingland,1
ecclesCake3,BoxeoBourne,1
eddieblake448,ThisMeepRoars,1
eddiemooreII,BaldGuyGreeting,1
eddiemooreII,NikolaTeslaQuot,1
eddiemooreII,Tesla,1
eddiemooreII,TeslaBand,1
eddiemooreII,elonmusk,1
edmont888,ICannot_Enough,1
edmont888,elonmusk,1
edmundk80,WholeMarsBlog,1
edmundk80,elonmusk,1
edwards183,HarrietTugsmen,5
edwards183,Richard_Schiff,5
edwards183,Tesla,5
edwards183,elonmusk,5
edwards183,ladyvthemama,5
edwards183,raleedy,5
edwardvanbaelen,tesla_adri,1
eeidi_,http_tesla,1
eenginemagazin,DudenhofferAUTO,1
eingrad50,elonmusk,1
eingrad50,tesla_adri,1
elJefeVK,elonmusk,1
elchuchii,ordurebizarree,1
election_every,elonmusk,1
electricfelix,ElectrifyingCom,2
electricfelix,IONITY_EU,1
electricfelix,Nickishields,2
electricfelix,TaekeT,1
electricfelix,Tesla,3
electricfelix,TeslaClubFrance,1
electricfelix,frdelepine,1
elektrowoz_pl,Pawel___K,1
elimi_nate,digitalnimbus_,1
elkmovie,CaseyNewton,1
ellie_ellie666,EvrybodynthrMom,1
ellie_ellie666,GailAlfarATX,1
ellie_ellie666,IheartTesla,1
ellie_ellie666,JenniCurrent,1
ellie_ellie666,Kristennetten,1
ellie_ellie666,Tesla,1
ellie_ellie666,TeslaOwnersEBay,1
ellie_ellie666,blueskykites,1
ellie_ellie666,daelmor,1
ellie_ellie666,elonmusk,1
ellie_ellie666,teslacn,1
elonmusk,EvrybodynthrMom,1
elonmusk,GailAlfarATX,1
elonmusk,IheartTesla,1
elonmusk,JenniCurrent,1
elonmusk,Kristennetten,1
elonmusk,Tesla,1
elonmusk,TeslaOwnersEBay,1
elonmusk,blueskykites,1
elonmusk,daelmor,1
elonmusk,teslacn,1
elonmusk1994,JonErlichman,1
elonmuslim07,EvrybodynthrMom,1
elonmuslim07,GailAlfarATX,1
elonmuslim07,IheartTesla,1
elonmuslim07,JenniCurrent,1
elonmuslim07,Kristennetten,1
elonmuslim07,Tesla,1
elonmuslim07,TeslaOwnersEBay,1
elonmuslim07,blueskykites,1
elonmuslim07,daelmor,1
elonmuslim07,elonmusk,1
elonmuslim07,teslacn,1
eloz1,elonmusk,1
eloz1,greg16676935420,1
emantabrizi,DimaZeniuk,1
emantabrizi,Tesla,1
emantabrizi,elonmusk,1
emeestnacu,CYBRTRK420,1
emeestnacu,DirtyTesLa,1
emeestnacu,ScottPolhamus,1
emeestnacu,Tesla,1
emily_wolfram,elonmusk,1
emilyjnicolle,Ryan_Browne_,1
emmandemm77,EvrybodynthrMom,1
emmandemm77,GailAlfarATX,1
emmandemm77,IheartTesla,1
emmandemm77,JenniCurrent,1
emmandemm77,Kristennetten,1
emmandemm77,Tesla,1
emmandemm77,TeslaOwnersEBay,1
emmandemm77,blueskykites,1
emmandemm77,daelmor,1
emmandemm77,elonmusk,1
emmandemm77,teslacn,1
emtfr,EvrybodynthrMom,2
emtfr,GailAlfarATX,2
emtfr,IheartTesla,2
emtfr,JenniCurrent,2
emtfr,Kristennetten,2
emtfr,RaymanIsWoat,1
emtfr,Tesla,2
emtfr,TeslaOwnersEBay,2
emtfr,blueskykites,2
emtfr,daelmor,2
emtfr,elonmusk,2
emtfr,teslacn,2
emzett,handelsblatt,1
enorconcernme,MatthwETH,1
enoughtalk4,EvrybodynthrMom,1
enoughtalk4,GailAlfarATX,1
enoughtalk4,IheartTesla,1
enoughtalk4,JenniCurrent,1
enoughtalk4,Kristennetten,1
enoughtalk4,Tesla,1
enoughtalk4,TeslaOwnersEBay,1
enoughtalk4,blueskykites,1
enoughtalk4,daelmor,1
enoughtalk4,elonmusk,1
enoughtalk4,teslacn,1
enterprise890,Most_Maximus,1
erdemtufan,benminerva,1
erdemtufan,ozany,1
ere4meme,eIomumsk,1
eribble,mikegapinski,2
eric95766188,Tesla,1
eric95766188,TheBlakeCheck,1
eric95766188,teslabros,1
eric_getz,Falconwingsnj,1
eric_getz,Tesla,1
ericaltm,RealtorStarShar,1
ericaltm,Tesla,1
ericaltm,elonmusk,1
ericlacasse,Boeing,1
ericlacasse,MuellerSheWrote,1
ericlacasse,NASA,1
ericlacasse,SpaceX,1
ericlacasse,StanSocdem,1
ericlacasse,Tesla,1
ericlacasse,andy_at_foh,1
erikengheim,business,5
erikengheim,crypto2021_2021,5
erlabell,elonmusk,1
erneneangel,TESLA_CREADOR,1
ernest_bruce,Tesla,1
ernest_bruce,TeslaDisruptor,1
ernest_bruce,profgalloway,1
errolread,ICannot_Enough,1
errolread,Tesla,1
errolread,elonmusk,1
errolread,tesla_adri,1
ertugrul_usman,MsMfrunker,3
erv1nkl,tesla_adri,1
erwin730,garyblack00,1
esaywhathb,SawyerMerritt,1
esaywhathb,brevolve,1
esaywhathb,elonmusk,1
esaywhathb,thomasgerlach,1
eschreck041,SteeIerNation,1
eschumann_art,DebeeMI,1
eschumann_art,Dllemm,1
eschumann_art,TheAlexisKraft,1
eschumann_art,ThomasMoneyhon,1
eschumann_art,coldgamecrispy,1
eschumann_art,elonmusk,1
eschumann_art,thefarcentrist,1
esers,reinistraidas,1
esmeil1999,EvrybodynthrMom,1
esmeil1999,GailAlfarATX,1
esmeil1999,IheartTesla,1
esmeil1999,JenniCurrent,1
esmeil1999,Kristennetten,1
esmeil1999,Tesla,1
esmeil1999,TeslaOwnersEBay,1
esmeil1999,blueskykites,1
esmeil1999,daelmor,1
esmeil1999,elonmusk,1
esmeil1999,teslacn,1
espiegler,elonmusk,1
espritdelesca,Rogerasalways,1
eu_bike,DimaZeniuk,1
eu_bike,Tesla,3
eu_bike,Wondzinski,2
eu_bike,_pacific_labs_,1
eu_bike,elonmusk,3
eu_bike,rako_sebastian,1
eu_bike,tesla_adri,2
eudoacosta,BobbyStroud,1
eudoacosta,Luckyabundance7,1
eudoacosta,elonmusk,1
ev1l5anta,elonmusk,1
ewwgaas,DimaZeniuk,1
ewwgaas,Tesla,1
ewwgaas,elonmusk,1
exclamate_,mdbell79,1
exotic_onion,TheCryptoLark,1
eye93009919,JuhoRanta,4
eye93009919,TuukkaMard,4
eye93009919,petteriraty,1
eye93009919,riikkamarip,4
fa39918461,elonmusk,1
fa39918461,garyblack00,1
faadudaddy,drishtiispeaks,1
fabalasays,EricaGrieder,1
fabalasays,shelbywebb,1
fabianrudengren,TheGruvfyllo,1
fabioRASCH,LucidMotors,1
fabioRASCH,Tesla,1
fabioRASCH,Tesla2Lucid,1
fabioRASCH,elonmusk,1
fabioRASCH,masegoslin,1
fabricecalmels,EvrybodynthrMom,1
fabricecalmels,GailAlfarATX,1
fabricecalmels,IheartTesla,1
fabricecalmels,JenniCurrent,1
fabricecalmels,Kristennetten,1
fabricecalmels,Tesla,1
fabricecalmels,TeslaOwnersEBay,1
fabricecalmels,blueskykites,1
fabricecalmels,daelmor,1
fabricecalmels,elonmusk,1
fabricecalmels,teslacn,1
fadge,Barley_Mash,1
falafeldiaper1,Tesla,1
falafeldiaper1,amazonholder1,1
falafeldiaper1,ashwinibirla,1
falafeldiaper1,elonmusk,1
falslev,skovmand,1
faridahmalik55,jadedcreative,1
fede11208820,microcerotis,1
fededambri,beccher,1
fededambri,dasnake,1
felipe_yyc,T0d_it,1
feloneouscat,JaneKn0wsBest,2
feniksmuva,Branka0505050,1
feniksmuva,DjordjeHap,1
feniksmuva,VracarXIV,1
feniksmuva,antivaxgonic1,1
feniksmuva,biti_zdrav,1
feniksmuva,sabiknowsbest,1
feniksmuva,zverka_1970,1
ferengbro,EvrybodynthrMom,1
ferengbro,GailAlfarATX,1
ferengbro,IheartTesla,1
ferengbro,JenniCurrent,1
ferengbro,Kristennetten,1
ferengbro,Stats_of_India,1
ferengbro,Tenjin969,1
ferengbro,Tesla,1
ferengbro,TeslaOwnersEBay,1
ferengbro,blueskykites,1
ferengbro,daelmor,1
ferengbro,elonmusk,1
ferengbro,teslacn,1
fguae,EvrybodynthrMom,1
fguae,GailAlfarATX,1
fguae,IheartTesla,1
fguae,JenniCurrent,1
fguae,Kristennetten,1
fguae,Tesla,1
fguae,TeslaOwnersEBay,1
fguae,blueskykites,1
fguae,daelmor,1
fguae,elonmusk,1
fguae,teslacn,1
fibercut,LovingWildlyfe,3
fibercut,elonmusk,1
fifa_professor,SMTuffy,1
figue_rl,virgilzer,1
fischer_price7,MattWallace888,1
fischer_price7,elonmusk,1
fishindagulf,elonmusk,1
fkprnty2fm,EvrybodynthrMom,1
fkprnty2fm,GailAlfarATX,1
fkprnty2fm,IheartTesla,1
fkprnty2fm,JenniCurrent,1
fkprnty2fm,Kristennetten,1
fkprnty2fm,Tesla,1
fkprnty2fm,TeslaOwnersEBay,1
fkprnty2fm,blueskykites,1
fkprnty2fm,daelmor,1
fkprnty2fm,elonmusk,1
fkprnty2fm,teslacn,1
flabellina212,BaldyCars,1
flabellina212,RogueChristian5,1
flabellina212,laurenfix,1
flater831,PrazskaCukrarna,1
flater831,yossarian56,1
flo92002,BLKMDL3,1
flo92002,Tesla,1
flo92002,_bennettm_,1
flo92002,elonmusk,1
flo92002,montypythonfun,1
flopwalk,EisenNears,2
flopwalk,JDanielH16,2
flopwalk,JP1958S,2
flopwalk,MollyJongFast,2
flopwalk,elonmusk,2
flopwalk,lingenberry34,2
fmbutt,thespybrief,1
follambula,TESLA_CREADOR,2
forakzai_,Dwightc621,1
forakzai_,KatBAlwaysLove,1
forakzai_,elonmusk,1
forakzai_,greg16676935420,1
forakzai_,tammym6266,1
forakzai_,todisappear,1
fortunecryx,EvrybodynthrMom,1
fortunecryx,GailAlfarATX,1
fortunecryx,IheartTesla,1
fortunecryx,JenniCurrent,1
fortunecryx,Kristennetten,1
fortunecryx,Tesla,1
fortunecryx,TeslaOwnersEBay,1
fortunecryx,blueskykites,1
fortunecryx,daelmor,1
fortunecryx,elonmusk,1
fortunecryx,teslacn,1
foysal1435,elonmusk,1
franco_tator,EvrybodynthrMom,1
franco_tator,GailAlfarATX,1
franco_tator,IheartTesla,1
franco_tator,JenniCurrent,1
franco_tator,Kristennetten,1
franco_tator,Tesla,1
franco_tator,TeslaOwnersEBay,1
franco_tator,blueskykites,1
franco_tator,daelmor,1
franco_tator,elonmusk,1
franco_tator,teslacn,1
frank6ix1,EvrybodynthrMom,1
frank6ix1,GailAlfarATX,1
frank6ix1,IheartTesla,1
frank6ix1,JenniCurrent,1
frank6ix1,Kristennetten,1
frank6ix1,Tesla,1
frank6ix1,TeslaOwnersEBay,1
frank6ix1,blueskykites,1
frank6ix1,daelmor,1
frank6ix1,elonmusk,1
frank6ix1,teslacn,1
fratto_johnny,elonmusk,1
frdelepine,IONITY_EU,1
frdelepine,TaekeT,1
frdelepine,electricfelix,1
fred_seydel,GailAlfarATX,1
fred_seydel,IheartTesla,1
fred_seydel,JenniCurrent,1
fred_seydel,Kristennetten,1
fred_seydel,Tesla,1
fred_seydel,TeslaOwnersEBay,1
fred_seydel,blueskykites,1
fred_seydel,daelmor,1
fred_seydel,elonmusk,1
fred_seydel,teslacn,1
fred_seydel,thyAshes,1
freddy_nunsanga,amoyiesailo,1
freifallspoile1,tesla_jokes,1
french_boyy,Relly_95,1
frenchylatino,compaiRENE,1
friendindam,tomfgoodwin,1
frittzey,EvrybodynthrMom,1
frittzey,GailAlfarATX,1
frittzey,IheartTesla,1
frittzey,JenniCurrent,1
frittzey,Kristennetten,1
frittzey,Tesla,1
frittzey,TeslaOwnersEBay,1
frittzey,blueskykites,1
frittzey,daelmor,1
frittzey,elonmusk,1
frittzey,teslacn,1
fromVeganning,Tesla,1
fromVeganning,cis5YnJE607xzs5,1
frouga12,meryy_tesla,1
fruperti,elonmusk,1
ftsocrypto,WholeMarsBlog,1
ftsocrypto,elonmusk,1
fuchi_aslot_329,TESLA_no_TUNO,1
fuckinbotfr,Abstrvct,1
fuckinbotfr,BLADEEGIRLPISS,1
fuckinbotfr,Curttmfg,1
fuckinbotfr,cryptomemegod,1
fuckinbotfr,jaylvon808,1
fudou_win_sol,MatthwETH,1
fujijuu,model3yokohama,1
fujijuu,north_tesla,1
fulgeptic,Matchbox3a,1
futur3dystopia,andymilonakis,1
futur3dystopia,elonmusk,1
future_eye,alex_avoigt,1
fwe1991,2_drac,1
fwe1991,45SusanSC,1
fwe1991,4JOC1,1
fwe1991,AmyPollano,1
fwe1991,Annie20554592,1
fwe1991,Apritions,1
fwe1991,B26Rick,1
fwe1991,BlackCa28867722,1
fwe1991,BlakDragonClaw,1
fwe1991,CMcfunster,1
fwe1991,FnusaFred,1
fwe1991,Godslightangel7,1
fwe1991,HuntersArtWork,1
fwe1991,JamesCa45920153,1
fwe1991,JosephHugh4,1
fwe1991,Lauri28945941,1
fwe1991,LibertyOfThe2nd,1
fwe1991,MarcGriff89,1
fwe1991,Merry_Hippie,1
fwe1991,MikeBetts43,1
fwe1991,NatForTrump2024,1
fwe1991,RAGINxCAJUN,1
fwe1991,RTyler07500005,1
fwe1991,RonFancy,1
fwe1991,SeptRose70,1
fwe1991,SuspendThis73,1
fwe1991,ThereseOSulliv2,1
fwe1991,Vanessa76_1,1
fwe1991,VinceGottalotta,1
fwe1991,abd130usa22nq,1
fwe1991,alshadowdancer,1
fwe1991,chrisg409ubc,1
fwe1991,dogsdontliket,1
fwe1991,ghost321,1
fwe1991,imrednow,1
fwe1991,jaybakeraz,1
fwe1991,lmcgough7,1
fwe1991,lostandlovinit,1
fwe1991,najjar_richard,1
fwe1991,nedorton,1
fwe1991,nitros1954,1
fwe1991,rmny1976,1
fwe1991,sammk1964,1
fwe1991,simplycaptiv8in,1
fwe1991,tRick_the_only,1
fwe1991,tallnblonde1,1
fwe1991,tesseract72,1
fwe1991,theProgEqualist,1
fwe1991,warmachineofgod,1
fwe1991,waywardmegan15,1
fwoolish,oojiojiooo,1
gabrielanulak_,EstherKokkelman,1
gabrielanulak_,Tesla,1
gabrielnocode,WholeMarsBlog,1
gabrielnocode,elonmusk,1
gamaliel_Onye,CNBC,1
gaminfr59,MatouEcureuil,2
gaminfr59,didierpulicani,1
gaminfr59,pearl_tesla,2
gaminfr59,teslanatik,2
garos56,PhilJankowski,1
garroteratx,elonmusk,1
garysingh74,unusual_whales,1
gatica1813,28delayslater,1
gatica1813,Twitter,1
gatica1813,elonmusk,1
gatica1813,tesla_lion,1
gaurav11977119,RitaPanahi,1
gcsurf123,elonmusk,1
geargodd,PPathole,1
geargodd,Tesla,1
geargodd,elonmusk,1
geek4ever555,EvrybodynthrMom,1
geek4ever555,GailAlfarATX,1
geek4ever555,IheartTesla,1
geek4ever555,JenniCurrent,1
geek4ever555,Kristennetten,1
geek4ever555,Tesla,1
geek4ever555,TeslaOwnersEBay,1
geek4ever555,blueskykites,1
geek4ever555,daelmor,1
geek4ever555,elonmusk,1
geek4ever555,teslacn,1
geordieferguso2,EvrybodynthrMom,1
geordieferguso2,GailAlfarATX,1
geordieferguso2,IheartTesla,1
geordieferguso2,JenniCurrent,1
geordieferguso2,Kristennetten,1
geordieferguso2,Tesla,1
geordieferguso2,TeslaOwnersEBay,1
geordieferguso2,blueskykites,1
geordieferguso2,daelmor,1
geordieferguso2,elonmusk,1
geordieferguso2,teslacn,1
georgebackstage,bboyfloore,1
georgebackstage,elonmusk,1
georgebackstage,frankjnovak,1
georgebackstage,itsJeffTiedrich,1
georgebackstage,tempf451,1
georgegist1,EvrybodynthrMom,1
georgegist1,GailAlfarATX,1
georgegist1,IheartTesla,1
georgegist1,JenniCurrent,1
georgegist1,Kristennetten,1
georgegist1,Tesla,1
georgegist1,TeslaOwnersEBay,1
georgegist1,blueskykites,1
georgegist1,daelmor,1
georgegist1,elonmusk,1
georgegist1,teslacn,1
georgelazenby,sjaffegold,1
geovaniapb,EvrybodynthrMom,1
geovaniapb,GailAlfarATX,1
geovaniapb,IheartTesla,1
geovaniapb,JenniCurrent,1
geovaniapb,Kristennetten,1
geovaniapb,Tesla,1
geovaniapb,TeslaOwnersEBay,1
geovaniapb,blueskykites,1
geovaniapb,daelmor,1
geovaniapb,elonmusk,1
geovaniapb,teslacn,1
gfberner,elonmusk,1
gforcefabi,Tesla,1
gforcefabi,elonmusk,1
gforcefabi,greentheonly,1
gforcefabi,tesla_adri,2
ggggmmpp,99brownKaryl,1
ggggmmpp,PauljHorton,1
ggggmmpp,R6Alex,1
ggggmmpp,Tesla,1
ggggmmpp,TeslaDiva99,1
ggggmmpp,WhatsupFranks,1
ggggmmpp,atk0506,1
ggggmmpp,blueskykites,1
ggggmmpp,hope4494,1
ggggmmpp,jamestarry_1,1
ggggmmpp,rawlimark,1
gh9comedy,Tesla,1
ghengisKahn3,MMcCarter1,1
ghengisKahn3,business,1
ghorricks,elonmusk,1
gid5ta,EvrybodynthrMom,1
gid5ta,GailAlfarATX,1
gid5ta,IheartTesla,1
gid5ta,JenniCurrent,1
gid5ta,Kristennetten,1
gid5ta,Tesla,1
gid5ta,TeslaOwnersEBay,1
gid5ta,blueskykites,1
gid5ta,daelmor,1
gid5ta,elonmusk,1
gid5ta,teslacn,1
gilroyart,elonmusk,1
ginsbergonomics,elonmusk,1
ginsbergonomics,profgalloway,1
ginsbergonomics,shitzgetnreal,1
giosaia,BigDicksPickz,2
giosaia,CodingEtudes,2
giosaia,GenX_ftw,2
giosaia,LibertarianPOC,2
giosaia,MattWallace888,2
giosaia,Tesla,2
giosaia,elonmusk,2
giosaia,fischer_price7,2
giridamerla,teslaownersSV,1
gisuelashgari,EvrybodynthrMom,1
gisuelashgari,GailAlfarATX,1
gisuelashgari,IheartTesla,1
gisuelashgari,JenniCurrent,1
gisuelashgari,Kristennetten,1
gisuelashgari,Tesla,1
gisuelashgari,TeslaOwnersEBay,1
gisuelashgari,blueskykites,1
gisuelashgari,daelmor,1
gisuelashgari,elonmusk,1
gisuelashgari,teslacn,1
gkgguy,LeaBlackMiami,1
glasfurd31,Justin__NC,1
glasfurd31,elonmusk,1
glasfurd31,sweetdudebro,1
gloconic,DimaZeniuk,1
gloconic,Tesla,1
gloconic,elonmusk,1
gloconic,rako_sebastian,1
gmanpoulin,CNBCtech,1
gogartyj,elonmusk,1
gogartyj,itsJeffTiedrich,1
gopi_manne,PPathole,1
gopi_manne,elonmusk,1
goran_b,BoskoObradovic,1
gordon_dgordon,laurenboebert,1
gorgaf,PPathole,1
gorgaf,SECGov,1
gorgaf,elonmusk,1
gorgonlin,elonmusk,1
gorrionspatz,TESLA_CREADOR,1
gpism,PPathole,1
gpism,Tesla,1
gpism,elonmusk,1
graeme_cobb,HullTeslaModel3,5
graeme_cobb,MikeDWinter,1
graeme_cobb,Tesla,5
graeme_cobb,TeslaOwnersUK,1
graeme_cobb,elonmusk,1
grahamcraig3,FoxNews,1
grandpafav,vkrs008k,1
granlea2016,EvrybodynthrMom,1
granlea2016,GailAlfarATX,1
granlea2016,IheartTesla,1
granlea2016,JenniCurrent,1
granlea2016,Kristennetten,1
granlea2016,Tesla,1
granlea2016,TeslaOwnersEBay,1
granlea2016,blueskykites,1
granlea2016,daelmor,1
granlea2016,elonmusk,1
granlea2016,teslacn,1
granny_zee,MollyJongFast,1
graubart,Amy_Siskind,1
greatpretendher,ezu_xyz,1
greentheonly,DirtyTesLa,1
greentheonly,DriveTeslaca,1
greentheonly,Knightw0lf_,1
greentheonly,NotATeslaApp,1
greentheonly,Tesla,1
greentheonly,Tommyf902,1
greentheonly,elonmusk,1
greentheonly,klwtts,1
greentheonly,luizfl,1
gregcrabb,Figured_That_,1
gregcrabb,RobertELBowman,1
gregcrabb,saltyve,1
gruss_gott,Ominsey,5
gruss_gott,alex_avoigt,5
gstr70,PPathole,1
gstr70,Tesla,1
gstr70,elonmusk,1
gtk_0174,tesla_fwia,1
guides_way,EvrybodynthrMom,1
guides_way,GailAlfarATX,1
guides_way,IheartTesla,1
guides_way,JenniCurrent,1
guides_way,Kristennetten,1
guides_way,Tesla,1
guides_way,TeslaOwnersEBay,1
guides_way,blueskykites,1
guides_way,daelmor,1
guides_way,elonmusk,1
guides_way,teslacn,1
guidomescalito,SizeMichael,1
guidomescalito,Tesla,1
guidomescalito,ajtourville,1
guidomescalito,elonmusk,1
guidomescalito,omead,1
guidomescalito,peterdog15,1
guitarboyled,EvrybodynthrMom,1
guitarboyled,GailAlfarATX,1
guitarboyled,IheartTesla,1
guitarboyled,JenniCurrent,1
guitarboyled,Kristennetten,1
guitarboyled,Tesla,1
guitarboyled,TeslaOwnersEBay,1
guitarboyled,blueskykites,1
guitarboyled,daelmor,1
guitarboyled,elonmusk,1
guitarboyled,squawksquare,2
guitarboyled,teslacn,1
guptaxvipul,greg16676935420,1
gurugurudoooon,north_tesla,1
gwensgolden,dorothrryishome,1
gzelle26,MatthwETH,1
halftroll,Marston4ca42,1
haliamberine,faintlamps,1
haliamberine,sentihoney,1
hallomakke,BB4ll,2
hallomakke,Tesla,2
hallomakke,elonmusk,2
hallomakke,tesla_adri,2
hammurhed,KimIversenShow,1
hammurhed,Twitter,1
hammurhed,elonmusk,1
hammurhed,pirate_teddy,1
hansen_luu,CrazyWeeMonkey,2
hansen_luu,JaredChamney,1
hansen_luu,SawyerMerritt,2
hansen_luu,TechPreacher,2
hansen_luu,Tesla,2
hansen_luu,j_vikingland,2
hanstosti,Kristian_Jensen,1
hanstosti,janravn2,1
harley3203,1A2ASupporter,1
harley3203,InoSaturn,1
harley3203,business,1
harshalhbhosale,LucidMotors,1
harshalhbhosale,MrJames__321,1
harshalhbhosale,Tesla,1
harshalhbhosale,Tesla2Lucid,1
harshalhbhosale,elonmusk,1
harshalhbhosale,masegoslin,1
harshalhbhosale,withabeverage,1
hashcoll,Jk_Seriously_Jk,1
hashcoll,elonmusk,1
hashing2heating,B_helpdesk,1
hatonyan,tesla_kobe,1
having_funNow,Tesla_church365,1
having_funNow,naeo85,1
hawkdriver80,ArgoBlockchain,1
haxert1,ZulfiqarAhmed69,1
hcf64,arachnocapital2,1
hcf64,onefiftyfivemm,1
hdjsimonet,GeorgesGilkinet,1
hdjsimonet,Infrabel_FR,1
hebgt2,Tesla2Lucid,1
hebgt2,elonmusk,1
hebgt2,masegoslin,1
hebgt2,teslaownersSV,1
hedgequote,ChrisBloomstran,1
hedgequote,InsuranceEleph1,1
hedgequote,JamesVisionMobi,1
hedgequote,MCins_,1
hedgequote,PandCinsurance,1
hedgequote,SpirosMargaris,1
hedgequote,bryanfalchuk,1
hedgequote,elonmusk,1
hedgequote,enricomolinari,1
hedgequote,globaliqx,1
hedgequote,insurtechforum,1
hedgequote,jblefevre60,1
hedgequote,jeffroth77,1
hedgequote,leimer,1
hedgequote,mectors,1
hedgequote,nigelwalsh,1
hedgequote,psb_dc,1
heiyo_xx,model3yokohama,1
heiyo_xx,tesla_avs,1
hellofrog101,squawksquare,1
helloitsesty,ayi_______,1
helloitstanya98,Tesla,1
helloitstanya98,lovemesomemusk,1
helloitsvincent,StephenWealthy_,1
hellokittybebop,MattWallace888,1
hellokittybebop,elonmusk,1
hengchiu,_ekokuntadhi,1
hengchiu,anton_wka,1
henlojseam,dystopiabreaker,1
henryaryaxz,ChavezRavine7,2
henryaryaxz,DamienEvans7,2
henryaryaxz,JPoBTV,4
henryaryaxz,TheAlexisKraft,4
henryaryaxz,ViragoAuctor,2
henryaryaxz,cake_wars,2
henryaryaxz,coldgamecrispy,4
henryaryaxz,elonmusk,4
henryaryaxz,latayprime,4
henrywilson06,EvrybodynthrMom,2
henrywilson06,GailAlfarATX,2
henrywilson06,IheartTesla,2
henrywilson06,JenniCurrent,2
henrywilson06,Kristennetten,2
henrywilson06,Tesla,2
henrywilson06,TeslaOwnersEBay,2
henrywilson06,blueskykites,2
henrywilson06,daelmor,2
henrywilson06,elonmusk,2
henrywilson06,teslacn,2
herlengs88,SawyerMerritt,1
herlengs88,Tesla,1
herlengs88,TeslaCharging,1
hexwin5555,EvrybodynthrMom,1
hexwin5555,GailAlfarATX,1
hexwin5555,IheartTesla,1
hexwin5555,JenniCurrent,1
hexwin5555,Kristennetten,1
hexwin5555,Tesla,1
hexwin5555,TeslaOwnersEBay,1
hexwin5555,blueskykites,1
hexwin5555,daelmor,1
hexwin5555,elonmusk,1
hexwin5555,teslacn,1
heyRafaGarrido,davidpareja,1
heychulkim,CYBRTRK420,1
heychulkim,DirtyTesLa,1
heychulkim,EVNow,1
heychulkim,Tesla,1
heychulkim,elonmusk,1
heylookitsdans,elonmusk,1
hfjohnsen,ronmortgageguy,1
hgoldenberg1911,Most_Maximus,1
hgoldenberg1911,lussaIRL,1
hikikomuridesuu,BDingkle,1
hikikomuridesuu,Mango57z,1
hikikomuridesuu,MrNobuSimp,1
hikikomuridesuu,anivotas,1
hildebrand030,ElectrifyAm,1
hildebrand030,alex_avoigt,2
hildebrand030,anthonyisonline,1
hildebrand030,arnthorjon,1
hildebrand030,bradsferguson,1
hildebrand030,jpr007,1
hildebrand030,tommolog,1
himawa_9,mizushima441,1
himawa_9,nori_tesla,1
hinata_gkc,north_tesla,5
hipcat5,DirtyTesLa,1
hipcat5,Tesla,1
hipoldguy,GonzalesKristie,1
hiro_o4ll,model3yokohama,1
hiro_o4ll,nori_tesla,1
hiro_o4ll,tesla_shonan,2
hiroshiy,north_tesla,3
historyKehoe,WhiteBoardFin,1
historyKehoe,elonmusk,1
hjs_seventeen,WIHXJOON,1
hlynur,Ziggi92,1
hlynur,aldavigdis,1
hlynur,andiefontaine23,1
hlynur,naglalakk,3
hobbit1079,RivianNewsUS,1
hogthrobbin,Most_Maximus,1
holger_ehrlich,ICS_AG,2
hollimana,EvrybodynthrMom,1
hollimana,GailAlfarATX,1
hollimana,IheartTesla,1
hollimana,JenniCurrent,1
hollimana,Kristennetten,1
hollimana,Tesla,1
hollimana,TeslaOwnersEBay,1
hollimana,blueskykites,1
hollimana,daelmor,1
hollimana,elonmusk,1
hollimana,teslacn,1
hoofhrtd1254,DirtyTesLa,1
hoofhrtd1254,Tesla,1
horsiss2,meimei1935,1
hoss_ed,tesla_adri,1
hoyas201,TESLA_CREADOR,1
hschwe3449,bzberlin,1
hsrgood,ChristoSilvia,1
hsrgood,sam_d_1995,1
hubb_kyle,DARIO13899606,1
hubb_kyle,DimaZeniuk,2
hubb_kyle,Ed22585165,1
hubb_kyle,LucidMotors,1
hubb_kyle,SawyerMerritt,1
hubb_kyle,Tesla,3
hubb_kyle,Tesla2Lucid,1
hubb_kyle,albert_Ai,2
hubb_kyle,ayoyungswag,1
hubb_kyle,elonmusk,3
hubb_kyle,masegoslin,1
hubb_kyle,n_perez2411,1
hubb_kyle,yourdessy,1
hubertwawa,auto_moto_pl,1
huffypufy,Tesla,1
huffypufy,lovemesomemusk,1
hunterbide,EvrybodynthrMom,1
hunterbide,GailAlfarATX,1
hunterbide,IheartTesla,1
hunterbide,JenniCurrent,1
hunterbide,Kristennetten,1
hunterbide,Tesla,1
hunterbide,TeslaOwnersEBay,1
hunterbide,blueskykites,1
hunterbide,daelmor,1
hunterbide,elonmusk,1
hunterbide,teslacn,1
hypermekhhaha,elonmusk,1
hypermrc,EvrybodynthrMom,1
hypermrc,GailAlfarATX,1
hypermrc,IheartTesla,1
hypermrc,JenniCurrent,1
hypermrc,Kristennetten,1
hypermrc,Tesla,1
hypermrc,TeslaOwnersEBay,1
hypermrc,blueskykites,1
hypermrc,daelmor,1
hypermrc,elonmusk,1
hypermrc,teslacn,1
hypnosurf,LucidMotors,1
hypnosurf,Tesla,1
hypnosurf,Tesla2Lucid,1
hypnosurf,elonmusk,1
hypnosurf,masegoslin,1
hypolestes,spermifex,1
hytork62,EvrybodynthrMom,1
hytork62,GailAlfarATX,1
hytork62,IheartTesla,1
hytork62,JenniCurrent,1
hytork62,Kristennetten,1
hytork62,Tesla,1
hytork62,TeslaOwnersEBay,1
hytork62,blueskykites,1
hytork62,daelmor,1
hytork62,elonmusk,1
hytork62,teslacn,1
iJaceSummers,EvrybodynthrMom,1
iJaceSummers,GailAlfarATX,1
iJaceSummers,IheartTesla,1
iJaceSummers,JenniCurrent,1
iJaceSummers,Kristennetten,1
iJaceSummers,Tesla,1
iJaceSummers,TeslaOwnersEBay,1
iJaceSummers,blueskykites,1
iJaceSummers,daelmor,1
iJaceSummers,elonmusk,1
iJaceSummers,teslacn,1
iJonniM,Dr_Scaphandre,2
iJonniM,MacRumors,2
iJonniM,MichaelBuckelew,1
iJonniM,digitalrgorilla,1
iJonniM,rsgnl,2
iLike80sNikes,Apple,1
iLike80sNikes,AyaAndara9090,1
iLike80sNikes,JonErlichman,1
iLike80sNikes,Tesla,1
iLike80sNikes,baisketball,1
iLike80sNikes,elonmusk,1
iLike80sNikes,lionkingapple1,1
iMacBobT,greg16676935420,1
iOSinformacion,Verownika,1
iOfRome72,PPathole,1
iOfRome72,SECGov,1
iOfRome72,elonmusk,1
iOfRome72,itsALLrisky,1
iSaBeLIiFaKe1,TESLA_CREADOR,1
iSpencer246,Tesla,2
iSpencer246,elonmusk,2
iTradeAIMS,Falconwingsnj,1
iTradeAIMS,Tesla,1
iamER4SE,denuchterebrabo,1
iamER4SE,rblommestijn,1
iamatalkjockey,Gucho_milz,1
iamhtml,elonmusk,1
iamraisini,elonmusk,1
iamsonurohit,SaveSoilAcharya,3
iamsonurohit,Swiggy,1
iamsonurohit,Tesla,3
iamsonurohit,bigbasket_com,1
iamsonurohit,zomato,1
ianlarkin,elonmusk,1
ianlarkin,joshtpm,1
iblameshanemane,elonmusk,1
ibrhmkavas,elonmusk,1
iceagetv,DBurkland,1
iceagetv,MFrunker,1
iceagetv,Tesla,1
iceagetv,elonmusk,1
iceagetv,mortenlund89,1
iceagetv,raffaeru,1
iceagetv,tesla_adri,1
ichirpy,PPathole,1
ichirpy,SECGov,1
ichirpy,elonmusk,1
icklemetickleme,elix007,1
icopilots,alexeheath,1
icydollar11,TrendSpider,1
idiotinnowhere,GlendaBast16711,1
idiotinnowhere,Tesla,1
idiotinnowhere,elonmusk,1
idovecer,Tesla,1
idovecer,TeslaOwnersDEU,1
idovecer,lipo1,1
idovecer,talkingtesla,1
idunostuff,EvrybodynthrMom,1
idunostuff,GailAlfarATX,1
idunostuff,IheartTesla,1
idunostuff,JenniCurrent,1
idunostuff,Kristennetten,1
idunostuff,Tesla,1
idunostuff,TeslaOwnersEBay,1
idunostuff,blueskykites,1
idunostuff,daelmor,1
idunostuff,elonmusk,1
idunostuff,teslacn,1
ifeelLikeshid,PPathole,1
ifeelLikeshid,elonmusk,1
ifeellikeibosov,lanamiklan,1
ifeellikeibosov,yargi_aparati,1
iheartcorgisd,BetoORourke,1
ihrliebeleut,CaptainVoni,1
ihrliebeleut,DiedrichLeander,1
ihrliebeleut,osim457,1
ikeapunker,moshabella,1
imrafelico,gutyggs,1
imredhunter_,EvrybodynthrMom,1
imredhunter_,GailAlfarATX,1
imredhunter_,IheartTesla,1
imredhunter_,JenniCurrent,1
imredhunter_,Kristennetten,1
imredhunter_,Tesla,1
imredhunter_,TeslaOwnersEBay,1
imredhunter_,blueskykites,1
imredhunter_,daelmor,1
imredhunter_,elonmusk,1
imredhunter_,teslacn,1
imsannft,MatthwETH,1
inandaway,HeadLenn,1
inandaway,TheShovel,1
inception6382,EvrybodynthrMom,1
inception6382,GailAlfarATX,1
inception6382,IheartTesla,1
inception6382,JenniCurrent,1
inception6382,Kristennetten,1
inception6382,Tesla,1
inception6382,TeslaOwnersEBay,1
inception6382,blueskykites,1
inception6382,daelmor,1
inception6382,elonmusk,1
inception6382,teslacn,1
indian_Blore,elonmusk,1
indiryo,jets10is,1
indiryo,omerf17_,1
inert_like_neon,EvrybodynthrMom,1
inert_like_neon,GailAlfarATX,1
inert_like_neon,IheartTesla,1
inert_like_neon,JenniCurrent,1
inert_like_neon,Kristennetten,1
inert_like_neon,Tesla,1
inert_like_neon,TeslaOwnersEBay,1
inert_like_neon,blueskykites,1
inert_like_neon,daelmor,1
inert_like_neon,elonmusk,1
inert_like_neon,teslacn,1
info_sprinkles,GailAlfarATX,1
info_sprinkles,IheartTesla,1
info_sprinkles,JenniCurrent,1
info_sprinkles,Kristennetten,1
info_sprinkles,Tesla,1
info_sprinkles,TeslaOwnersEBay,1
info_sprinkles,blueskykites,1
info_sprinkles,daelmor,1
info_sprinkles,elonmusk,1
info_sprinkles,teslacn,1
inpotens,EvrybodynthrMom,1
inpotens,GailAlfarATX,1
inpotens,IheartTesla,1
inpotens,JenniCurrent,1
inpotens,Kristennetten,1
inpotens,Tesla,1
inpotens,TeslaOwnersEBay,1
inpotens,blueskykites,1
inpotens,daelmor,1
inpotens,elonmusk,1
inpotens,teslacn,1
intelligent_eat,BB4ll,1
intelligent_eat,Tesla,1
intelligent_eat,TeslaOwnersUK,1
intelligent_eat,elonmusk,1
intelligent_eat,jesseb4me,1
intelligent_eat,tesla_adri,1
intheskywith2,Schuldensuehner,2
intheskywith2,TomCatEqs,2
intheskywith2,clearunclear,1
intheskywith2,ericohreilly,1
intrinsic_motiv,DimaZeniuk,1
intrinsic_motiv,Tesla,1
intrinsic_motiv,elonmusk,1
ipwnunoob,elonmusk,1
iqapps1,apmacho,1
ironyistasty,EvrybodynthrMom,1
ironyistasty,GailAlfarATX,1
ironyistasty,IheartTesla,1
ironyistasty,JenniCurrent,1
ironyistasty,Kristennetten,1
ironyistasty,Tesla,1
ironyistasty,TeslaOwnersEBay,1
ironyistasty,blueskykites,1
ironyistasty,daelmor,1
ironyistasty,elonmusk,1
ironyistasty,teslacn,1
irsansiregar,IndiHomeCare,1
isaylotsashit,Steven85215668,1
isaylotsashit,squawksquare,1
isilanka,Hycarius,1
isilanka,katmlslg,1
issis46,TESLA_CREADOR,1
isujandhali,elonmusk,1
isujandhali,engineers_feed,1
italianmaster,alex_avoigt,1
itsArtienne,babydogeburn_,1
itsArtienne,bigstonkboy,1
itsArtienne,elonmusk,1
itshornyjason,Knightw0lf_,1
itshornyjason,blovereviews,1
itshornyjason,iliketeslas,1
itzNotCisco,PA_Daddoo,1
itzNotCisco,Strandjunker,1
ivomarinovic2,EPavlic,1
ivomarinovic2,EvaFoxU,1
ivomarinovic2,SawyerMerritt,1
ivomarinovic2,Tesla,1
ivomarinovic2,TeslaNY,1
ivomarinovic2,TeslaOwnersEBay,1
ivomarinovic2,WholeMarsBlog,1
ivomarinovic2,elonmusk,1
ivomarinovic2,klwtts,1
ivomarinovic2,mayemusk,1
ivomarinovic2,teslaownersSV,1
izuafimam,lathoifulkamal,1
j_flamingo,RTLnieuws,1
j_magnuson,elonmusk,1
j_magnuson,thehowie,1
j_mcgraph,telmudic,1
ja_zeca,man_norwegian,1
jac_siuhaj,jacktla,1
jackdnoonan,elonmusk,1
jacktorrance182,EvrybodynthrMom,1
jacktorrance182,GailAlfarATX,2
jacktorrance182,IheartTesla,2
jacktorrance182,JenniCurrent,2
jacktorrance182,Kristennetten,2
jacktorrance182,RaymanIsWoat,1
jacktorrance182,Tesla,2
jacktorrance182,TeslaOwnersEBay,2
jacktorrance182,Wenrugbro,1
jacktorrance182,blueskykites,2
jacktorrance182,daelmor,2
jacktorrance182,elonmusk,2
jacktorrance182,teslacn,2
jacobs_sethmj1,Tesla,1
jacobs_sethmj1,lovemesomemusk,1
jaggilbert99,HeavyMetal_999,1
jaimesl76,AlexMulet,1
jaimesl76,FrankTornen,1
jaimesl76,jbegno1,1
jalilshahiazar,EvrybodynthrMom,1
jalilshahiazar,GailAlfarATX,1
jalilshahiazar,IheartTesla,1
jalilshahiazar,JenniCurrent,1
jalilshahiazar,Kristennetten,1
jalilshahiazar,Tesla,1
jalilshahiazar,TeslaOwnersEBay,1
jalilshahiazar,blueskykites,1
jalilshahiazar,daelmor,1
jalilshahiazar,elonmusk,1
jalilshahiazar,teslacn,1
james_morris85,ConcreteCox,1
james_morris85,Tesla,1
james_morris85,TeslaOwnersUK,1
james_morris85,elonmusk,1
jamiecoffeyFPT,EvrybodynthrMom,1
jamiecoffeyFPT,GailAlfarATX,1
jamiecoffeyFPT,IheartTesla,1
jamiecoffeyFPT,JenniCurrent,1
jamiecoffeyFPT,Kristennetten,1
jamiecoffeyFPT,Tesla,1
jamiecoffeyFPT,TeslaOwnersEBay,1
jamiecoffeyFPT,blueskykites,1
jamiecoffeyFPT,daelmor,1
jamiecoffeyFPT,elonmusk,1
jamiecoffeyFPT,teslacn,1
jana84818846,EngineerArdas,1
jana84818846,Kklein91,1
jana84818846,Tesla,1
jana84818846,chevrolet,1
jangel_13,CarlosDG_Tesla,1
jangel_13,rrocasalamero,1
jasedabass,DrEliDavid,1
jasedabass,KathleenBaggio1,1
jasminomazic,EPavlic,1
jasminomazic,EvaFoxU,1
jasminomazic,SawyerMerritt,1
jasminomazic,Tesla,1
jasminomazic,TeslaNY,1
jasminomazic,TeslaOwnersEBay,1
jasminomazic,WholeMarsBlog,1
jasminomazic,elonmusk,1
jasminomazic,klwtts,1
jasminomazic,mayemusk,1
jasminomazic,teslaownersSV,1
jason65953411,blovereviews,1
jasonemry,GailAlfarATX,1
jasonemry,IheartTesla,1
jasonemry,JenniCurrent,1
jasonemry,Kristennetten,1
jasonemry,Tesla,1
jasonemry,TeslaOwnersEBay,1
jasonemry,blueskykites,1
jasonemry,daelmor,1
jasonemry,elonmusk,1
jasonemry,teslacn,1
jastrapper0,WilbournGeoff,2
jastrapper0,deep_state_ceo,2
jastrapper0,washingtonpost,2
javiersierra131,EvrybodynthrMom,1
javiersierra131,GailAlfarATX,1
javiersierra131,IheartTesla,1
javiersierra131,JenniCurrent,1
javiersierra131,Kristennetten,1
javiersierra131,Tesla,1
javiersierra131,TeslaOwnersEBay,1
javiersierra131,blueskykites,1
javiersierra131,daelmor,1
javiersierra131,elonmusk,1
javiersierra131,teslacn,1
jayanshub,Tesla,1
jayanshub,thyAshes,1
jaybirdsatx,Lee_in_Iowa,1
jaybirdsatx,MollyJongFast,1
jbaldos77,PiHub_Utility,1
jbegno1,AlexMulet,1
jbegno1,FrankTornen,1
jbegno1,jaimesl76,1
jbensnyder,GerberKawasaki,7
jbensnyder,Liosatos,7
jbensnyder,PeterMallouk,7
jbensnyder,elonmusk,7
jbensnyder,willPS21,7
jc3737,EvrybodynthrMom,1
jc3737,GailAlfarATX,1
jc3737,IheartTesla,1
jc3737,JenniCurrent,1
jc3737,Kristennetten,1
jc3737,Tesla,1
jc3737,TeslaOwnersEBay,1
jc3737,blueskykites,1
jc3737,daelmor,1
jc3737,elonmusk,1
jc3737,teslacn,1
jcarenas1977,Sneydertv,1
jcarenas1977,harmanfelipe,1
jcat17746037,PPathole,1
jcat17746037,Tesla,1
jcat17746037,elonmusk,1
jdmarkman,GameStop,6
jdmarkman,GordonJohnson19,5
jdmarkman,Tesla,5
jdmarkman,elonmusk,4
jeb_bush_2024,AgainstStan,1
jeboylston,DimaZeniuk,1
jeboylston,Tesla,1
jeboylston,elonmusk,1
jeffgent99,squawksquare,2
jeffld,7eleven,1
jeffld,AilsaForshaw,1
jeffreyt1981,Ar_Squared89,2
jeffreyt1981,TicTocTick,2
jeffreyt1981,fullforcetrades,2
jeffreyt1981,schun001,2
jeffryhouse,NotMiki82,1
jeffryhouse,joshtpm,1
jehanzebnawaz,TicTocTick,1
jenskristianson,DutchieHuigens,1
jenskristianson,elonmusk,1
jeremic,DanijelMajic,1
jesseb4me,BB4ll,3
jesseb4me,Bouncypete,1
jesseb4me,EvEvangelist,1
jesseb4me,JoeTransue,2
jesseb4me,Tesla,7
jesseb4me,TeslaOwnersUK,3
jesseb4me,elonmusk,3
jesseb4me,intelligent_eat,1
jesseb4me,tesla_adri,3
jesseb4me,teslafi,4
jey_thiru,elonmusk,1
jgcisland77,HukAleksandra,1
jhalkias,Tesla,1
jhalkias,cis5YnJE607xzs5,1
jim_sidewalk,DavidOtte9,1
jimbugums,Acura,1
jimbugums,benjdm,1
jimg1976,HourADayGamer,1
jimhumphrey68,SpaceX,1
jimhumphrey68,Tesla,1
jimhumphrey68,delorisbutler,1
jimhumphrey68,elonmusk,1
jimhumphrey68,namemeifucan,1
jiromexico,raowl7,1
jjackson8,Clover_Lace,1
jjackson8,Ingridebap,1
jjackson8,MollyJongFast,1
jjackson8,SECGov,1
jjackson8,TheJusticeDept,1
jjackson8,Twitter,1
jjmedero,Driver_1314,1
jlondondeaners,EvrybodynthrMom,2
jlondondeaners,GailAlfarATX,2
jlondondeaners,IheartTesla,2
jlondondeaners,JenniCurrent,2
jlondondeaners,Kristennetten,2
jlondondeaners,Tesla,2
jlondondeaners,TeslaOwnersEBay,2
jlondondeaners,blueskykites,2
jlondondeaners,daelmor,2
jlondondeaners,elonmusk,2
jlondondeaners,teslacn,2
jmacgroup1,stillgray,1
jmacinATX,elonmusk,1
jmarc,Frandroid,3
jmp_nyc,Tellythecairn,1
jmt4579,sarasahrah,1
jmwilt21,Official_GO,1
jmwilt21,V3ry_Offensiv3,1
jmwilt21,tylers_feed,1
jmwilt21,verge,1
joa_reta,juanbiter,1
joan_of_j,TESLA_is_FUTURE,1
joe_obrien5858,tesla_jokes,1
joel_acker,SaaMikko,1
joel_acker,SawyerMerritt,1
joel_acker,Tesla,1
joel_acker,TeslaCharging,1
joexn,tesla_adri,2
johan_energy,FullyChargedShw,1
johan_energy,JackScarlett17,1
johan_energy,Tesla,1
johan_energy,TwoBitDaVinci,1
johansen_errol,EvrybodynthrMom,1
johansen_errol,GailAlfarATX,1
johansen_errol,IheartTesla,1
johansen_errol,JenniCurrent,1
johansen_errol,Kristennetten,1
johansen_errol,RaymanIsWoat,1
johansen_errol,Tesla,1
johansen_errol,TeslaOwnersEBay,1
johansen_errol,blueskykites,1
johansen_errol,daelmor,1
johansen_errol,elonmusk,1
johansen_errol,teslacn,1
john_cieslik,DimaZeniuk,1
john_cieslik,Tesla,1
john_cieslik,elonmusk,1
johnfrank454,elonmusk,1
johnfranken79,ClemsonTom,1
johnnysteamers,LucidMotors,1
johnnysteamers,Tesla,1
johnnysteamers,Tesla2Lucid,1
johnnysteamers,elonmusk,1
johnnysteamers,masegoslin,1
johnrenta,Mov5Stelle,1
joinman50,amartinsba,1
joinman50,gerardfiloche,1
jojoz60,EvrybodynthrMom,1
jojoz60,GailAlfarATX,1
jojoz60,IheartTesla,1
jojoz60,JenniCurrent,1
jojoz60,Kristennetten,1
jojoz60,Tesla,1
jojoz60,TeslaOwnersEBay,1
jojoz60,blueskykites,1
jojoz60,daelmor,1
jojoz60,elonmusk,1
jojoz60,teslacn,1
jomarbg,LeoOrlandoA,1
jomarbg,MashiRafael,1
jomarbg,SorbonneParis1,1
jonah_wes,SherriBartimus,2
jonah_wes,elonmusk,2
jonahmhuff,Jpeluche4,1
jonahmhuff,LucidMotors,1
jonahmhuff,MotorTrend,1
jonahmhuff,NoerholtDK,1
jonahmhuff,Tesla,1
jonahmhuff,Tesla2Lucid,1
jonahmhuff,berserksun,1
jonahmhuff,elonmusk,1
jonahmhuff,masegoslin,1
jonathankirk89,DirtyTesLa,1
jonathankirk89,EvThat,1
jonathankirk89,Tesla,1
jonathankirk89,WholeMarsBlog,1
jonpauldapope,unusual_whales,1
jonty_gifford,Simon4NDorset,1
jordannumber5,sorgeweniger,1
jose_eldon_31,carwowuk,1
jose_valoura,bab_102,1
jose_valoura,elonmusk,1
jose_valoura,gil4cosd9,1
jose_valoura,thiruverseII,1
josemala9,TESLA_CREADOR,1
josemala9,ajjjmmed,1
josemzcn,EvrybodynthrMom,2
josemzcn,GailAlfarATX,2
josemzcn,IheartTesla,2
josemzcn,JenniCurrent,2
josemzcn,Kristennetten,2
josemzcn,Tesla,2
josemzcn,TeslaOwnersEBay,2
josemzcn,UlrichPro1,1
josemzcn,blueskykites,2
josemzcn,daelmor,2
josemzcn,elonmusk,2
josemzcn,sarahnaomi110,1
josemzcn,teslacn,2
josephdecena3,tesla_rex,1
josillodj,PoderJudicialEs,1
jp_buche,MmeAlexandraS,1
jpcholet,pearl_tesla,1
jpfunk280,elonmusk,1
jplarger,3itcom,1
jplarger,Nad_Alves,1
jplarger,Nicochan33,1
jplarger,Shi4Tech,1
jplarger,Ym78200,1
jplarger,jblefevre60,1
jplarger,kalydeoo,1
jplarger,mallys_,1
jplarger,pierrepinna,1
jplarger,tewoz,1
jpr007,CaptainVoni,1
jpr007,ClausMller17,9
jpr007,Tesla,9
jpr007,bratanov,2
jpr007,elonmusk,9
jpr007,hugo_fo,8
jrj2tech,Tesla,1
jrj2tech,dannyhawkins82,1
js_salonen,TuukkaMard,1
jsevilla2020,TESLA_CREADOR,1
jsherman39,BradMossEsq,1
jtesla47,Tesla,2
jtesla47,TickerSymbolYOU,1
jtesla47,Twitter,1
jtesla47,WholeMarsBlog,1
jtesla47,elonmusk,1
jtesla47,thyAshes,1
juanfrarc92,OOCorreismo,1
juanif17,CryptoFLP,1
juanif17,NihilistaH,1
judgedent,JonErlichman,1
judgedent,pixel_preet,1
juju_b3ats,ForwardFaith,2
juju_b3ats,Lowrysleftcheak,2
juju_b3ats,RobertELBowman,2
jujutsushiouji,Nighthawks37,1
jula7701,GibbDesigner,1
juniorro16,LeitoraCompuls2,1
junserafin,jimcramer,1
justmyname1234,LudaLisl,1
justtradin,StocksToTrade,1
jvonhunk,elonmusk,1
jxeral,CryptoJolly98,1
jxeral,EvrybodynthrMom,1
jxeral,GailAlfarATX,1
jxeral,IheartTesla,1
jxeral,JenniCurrent,1
jxeral,Kristennetten,1
jxeral,Tesla,1
jxeral,TeslaOwnersEBay,1
jxeral,blueskykites,1
jxeral,daelmor,1
jxeral,elonmusk,1
jxeral,teslacn,1
k1r0vv,EvrybodynthrMom,1
k1r0vv,GailAlfarATX,1
k1r0vv,IheartTesla,1
k1r0vv,JenniCurrent,1
k1r0vv,Kristennetten,1
k1r0vv,Tesla,1
k1r0vv,TeslaOwnersEBay,1
k1r0vv,blueskykites,1
k1r0vv,daelmor,1
k1r0vv,elonmusk,1
k1r0vv,teslacn,1
k_salberta,TaylorOgan,2
k_salberta,chris_eisener,2
kaffeinecrypto0,StephenWealthy_,1
kamaltalwar79,Rainmaker1973,1
kaminoean,123Hoolahan,1
kaminoean,4eva1984,1
kaminoean,PPathole,4
kaminoean,Tesla,4
kaminoean,ceo92014237,1
kaminoean,elonmusk,4
kaminoean,nobrainbrandon2,1
kanevato,RandomKiwi_,1
kanevato,tesla_adri,1
kaokwu,EvrybodynthrMom,1
kaokwu,GailAlfarATX,1
kaokwu,IheartTesla,1
kaokwu,JenniCurrent,1
kaokwu,Kristennetten,1
kaokwu,Tesla,1
kaokwu,TeslaOwnersEBay,1
kaokwu,blueskykites,1
kaokwu,daelmor,1
kaokwu,elonmusk,1
kaokwu,teslacn,1
karlitosm,inkedtater,1
kashishguptabtw,AalapGaazmer,1
katalyn4me,Tesla,1
katalyn4me,elonmusk,1
katalyn4me,tesla_adri,1
katronds,MollyJongFast,1
katronds,nat_paulsen,1
kaz69276221,Kasa_Tesla,1
kazuyu06,TESLA_no_TUNO,1
kazzowie,99brownKaryl,1
kazzowie,PauljHorton,1
kazzowie,R6Alex,1
kazzowie,Tesla,1
kazzowie,TeslaDiva99,1
kazzowie,WhatsupFranks,1
kazzowie,atk0506,1
kazzowie,blueskykites,1
kazzowie,hope4494,1
kb13161,LucidMotors,1
kb13161,Tesla,1
kb13161,Tesla2Lucid,1
kb13161,elonmusk,1
kb13161,masegoslin,1
kbutler127,DanRather,1
keencval,JerryzVAL,1
kellenflanagan,Snarky_Penguin,1
kellenflanagan,bvaleblv,1
kellenflanagan,elonmusk,1
kellenflanagan,unusual_whales,1
kelly25421527,Real_Wakawaka,2
kelly25421527,TheMaverickWS,1
kelt,ninokarotta,1
kelt,vhb1978,1
kelvyntzay97,Phameland,1
kematodra,elonmusk,1
kendyu1,GOTHAM_Tesla,3
kendyu1,nori_tesla,2
kennethdavid,elonmusk,1
kerrikgray,EvrybodynthrMom,1
kerrikgray,GailAlfarATX,1
kerrikgray,IheartTesla,1
kerrikgray,JenniCurrent,1
kerrikgray,Kristennetten,1
kerrikgray,Tesla,1
kerrikgray,TeslaOwnersEBay,1
kerrikgray,blueskykites,1
kerrikgray,chicago_glenn,1
kerrikgray,daelmor,1
kerrikgray,elonmusk,1
kerrikgray,teslacn,1
keshava_usa,Jawad_Dheini,1
keshava_usa,Stanthemanusul,1
keshava_usa,elonmusk,1
keshava_usa,garyhgoodridge,1
keven_carpenter,LucidMotors,3
keven_carpenter,NCBirbhan,1
keven_carpenter,Tesla,3
keven_carpenter,Tesla2Lucid,3
keven_carpenter,berserksun,1
keven_carpenter,elonmusk,3
keven_carpenter,masegoslin,3
kevinrmonroy,Tesla,1
kevinrsmith23,POTUS,1
kevinrsmith23,Tesla,1
kevinrsmith23,WhiteHouse,1
kevinrsmith23,newspads,1
kevinthorley,28delayslater,1
kevinthorley,bigbalognapony,1
kevinthorley,dave_lakeside,1
kevinthorley,dillzilla99,1
kferrDC,Keats67581,1
kferrDC,Knightw0lf_,1
kferrDC,SawyerMerritt,1
kferrDC,Tesla,1
kferrDC,j_vikingland,1
kferrDC,rivyali,1
kgb263,PPathole,1
kgb263,Tesla,1
kgb263,elonmusk,1
kghornsten,elonmusk,1
kghougaard,erikbh999,1
kghougaard,jjhjort,1
kghougaard,michaelfalk,1
kghougaard,nunanoskar,1
khairat_yasser,Tesla,1
khairat_yasser,lovemesomemusk,1
khawas_rupam,stoxo_official,1
khinton1,ImMomentary,1
khinton1,elonmusk,1
khinton1,stoner253420,1
khookhaa_N,elonmusk,2
kian_darwell,EvrybodynthrMom,1
kian_darwell,GailAlfarATX,1
kian_darwell,IheartTesla,1
kian_darwell,JenniCurrent,1
kian_darwell,Kristennetten,1
kian_darwell,Tesla,1
kian_darwell,TeslaOwnersEBay,1
kian_darwell,blueskykites,1
kian_darwell,daelmor,1
kian_darwell,elonmusk,1
kian_darwell,teslacn,1
killvy9111,elonmusk,1
killvy9111,iamraisini,1
kimble_lloyd,a_nogrady,1
kimble_lloyd,business,1
kimjongyeon71,LucidMotors,1
kimjongyeon71,Tesla,1
kimjongyeon71,Tesla2Lucid,1
kimjongyeon71,elonmusk,1
kimjongyeon71,masegoslin,1
kinetictz,saraauh_,1
kinetictz,shehatesniz,1
king_260993,elonmusk,1
kingdragz04,stephagida,1
kingofuniversex,BMW,1
kingofuniversex,Teslaconomics,1
kingsthinqs,EvrybodynthrMom,1
kingsthinqs,GailAlfarATX,1
kingsthinqs,IheartTesla,1
kingsthinqs,JenniCurrent,1
kingsthinqs,Kristennetten,1
kingsthinqs,Tesla,1
kingsthinqs,TeslaOwnersEBay,1
kingsthinqs,blueskykites,1
kingsthinqs,daelmor,1
kingsthinqs,elonmusk,2
kingsthinqs,teslacn,1
kingsummerbody,Levijameshere,1
kirkornnn,squawksquare,1
kitanowitsch,rilivadivuk,1
kitto_96,TESLA_no_TUNO,3
kitto_96,nanononanoni,2
kjchanusmnt,EvrybodynthrMom,1
kjchanusmnt,GailAlfarATX,1
kjchanusmnt,IheartTesla,1
kjchanusmnt,JenniCurrent,1
kjchanusmnt,Kristennetten,1
kjchanusmnt,Tesla,1
kjchanusmnt,TeslaOwnersEBay,1
kjchanusmnt,blueskykites,1
kjchanusmnt,daelmor,1
kjchanusmnt,elonmusk,1
kjchanusmnt,teslacn,1
kjviz7,Tesla,1
kjviz7,TeslaChillMode,1
kkui97945220,frautaufenbach,1
knobdoodle,NunesAlt,1
knveth,greg16676935420,1
koamalumakalani,jilevin,1
kobtweeting,sweatystartup,1
kokonattu_317,tesla_tesra,1
kollapsonlaine,2015_tesla,3
konantower,9Nb56Mu2vkO6COa,1
konantower,ryota_tesla,1
korbendallaz,3Tony48,1
korbendallaz,RN549,1
kotohamaru_pi,tesla_kairi,1
kowser_r,EvrybodynthrMom,1
kowser_r,GailAlfarATX,1
kowser_r,IheartTesla,1
kowser_r,JenniCurrent,1
kowser_r,Kristennetten,1
kowser_r,Tesla,1
kowser_r,TeslaOwnersEBay,1
kowser_r,blueskykites,1
kowser_r,daelmor,1
kowser_r,elonmusk,1
kowser_r,teslacn,1
kr0mb0pul0smike,gwestr,1
krekhedenerdzi,RadaManojlovic_,1
krishna_valluru,elonmusk,1
krishnang2393,EvrybodynthrMom,1
krishnang2393,GailAlfarATX,1
krishnang2393,IheartTesla,1
krishnang2393,JenniCurrent,1
krishnang2393,Kristennetten,1
krishnang2393,Tesla,1
krishnang2393,TeslaOwnersEBay,1
krishnang2393,blueskykites,1
krishnang2393,daelmor,1
krishnang2393,elonmusk,1
krishnang2393,teslacn,1
kryptodurant,lim_stock,1
kstvincentfit,buzzatc,1
ksumishart,226266bamboo,1
ksumishart,22Collab,1
ksumishart,kistochka_ui,1
ksuwildkat,kennethdavid,1
kuamarsanjay32,EvaFoxU,1
kubebase,LucidMotors,2
kubebase,Tesla,2
kubebase,Tesla2Lucid,2
kubebase,elonmusk,2
kubebase,masegoslin,2
kuc_9,Hummelfee5,1
kuc_9,Jazzmaniac3,1
kuc_9,VenetianCora,1
kuestenwolf1,GoldenerAluhut,1
kukreja_abhinav,powofcompound,1
kukreja_abhinav,secretmonopoly,1
kumarbswamy,elonmusk,1
kumarbswamy,rose_k01,1
kurtatx,LordPente,1
kurtatx,RandyVegetables,1
kurtatx,Sublux8tor,1
kurtatx,alex_avoigt,2
kurtatx,blovereviews,1
kurtatx,oneiropagides,2
kurtatx,paulctan,1
kutdownOngaming,BRAP_Podcast,1
kutdownOngaming,SirDretheGreat,1
kwalskianalysis,Halo3Slaayer,1
kwalskianalysis,RobertR02624409,1
kwalskianalysis,WatcherGuru,1
kwalskianalysis,elonmusk,1
lHexicanl,EvrybodynthrMom,1
lHexicanl,GailAlfarATX,1
lHexicanl,IheartTesla,1
lHexicanl,JenniCurrent,1
lHexicanl,Kristennetten,1
lHexicanl,Tesla,1
lHexicanl,TeslaOwnersEBay,1
lHexicanl,blueskykites,1
lHexicanl,daelmor,1
lHexicanl,elonmusk,1
lHexicanl,teslacn,1
lMukembi,Auto_Porn,1
labradorite589,DjokerNole,2
labradorite589,JonGordon11,1
lacerda_pablo,LucidMotors,1
lacerda_pablo,Tesla,1
lacerda_pablo,Tesla2Lucid,1
lacerda_pablo,elonmusk,1
lacerda_pablo,masegoslin,1
laemmerbiss,noblefeu,1
lakersdana,EvrybodynthrMom,1
lakersdana,GailAlfarATX,1
lakersdana,IheartTesla,1
lakersdana,JenniCurrent,1
lakersdana,Kristennetten,1
lakersdana,Tesla,1
lakersdana,TeslaOwnersEBay,1
lakersdana,blueskykites,1
lakersdana,daelmor,1
lakersdana,elonmusk,1
lakersdana,teslacn,1
lalasteele_,XVG_Alchemist,1
laminario,elonmusk,1
lanaslovepotion,axolotlkillah,1
lanaslovepotion,chundoII,1
lanaslovepotion,nfr420,1
langcatmike,Cunningham_UK,1
larrybi88,MarketRebels,1
lavenderbIu2,SpaceX,1
lavenderbIu2,Tesla,1
lavenderbIu2,iRocSevo,1
layr951,Azbrian0317,1
layr951,ZeekeMC,1
layr951,davidmweissman,1
layr951,elonmusk,1
learnlivegrow1,SawyerMerritt,1
lee_mccaleb,Dogwalk_media,1
lee_mccaleb,EvrybodynthrMom,2
lee_mccaleb,GailAlfarATX,2
lee_mccaleb,IheartTesla,2
lee_mccaleb,JenniCurrent,2
lee_mccaleb,Kristennetten,2
lee_mccaleb,Tesla,2
lee_mccaleb,TeslaOwnersEBay,2
lee_mccaleb,blueskykites,2
lee_mccaleb,daelmor,2
lee_mccaleb,elonmusk,2
lee_mccaleb,teslacn,2
leeyoun28183925,TESLA_is_FUTURE,1
leeyoun28183925,WHATULOOKIN__AT,1
legal_back,krone_at,1
legitshares,elonmusk,1
legitshares,greg16676935420,1
legolas_83,CarlosDG_Tesla,1
legolas_83,TeslaParaTodos,1
leguilloux,Trumpery45,2
leguilloux,on_tesla,2
lemekeosborn1,DavidHundeyin,1
lemongrasschili,elonmusk,1
lenhtvle,Chad_Hurley,1
lenhtvle,elonmusk,1
leo_tiedt,dr2okevin,1
leonardibanez,elonmusk,1
leopardgrocery,Falconwingsnj,1
leopardgrocery,Tesla,1
lerwill_t,RealPontane,1
lerwill_t,campbellbrianh1,1
lerwill_t,squawksquare,1
lesleelobato1,EvrybodynthrMom,1
lesleelobato1,GailAlfarATX,1
lesleelobato1,IheartTesla,1
lesleelobato1,JenniCurrent,1
lesleelobato1,Kristennetten,1
lesleelobato1,Tesla,1
lesleelobato1,TeslaOwnersEBay,1
lesleelobato1,blueskykites,1
lesleelobato1,daelmor,1
lesleelobato1,elonmusk,1
lesleelobato1,teslacn,1
lewandogeski,EvrybodynthrMom,1
lewandogeski,GailAlfarATX,1
lewandogeski,IheartTesla,1
lewandogeski,JenniCurrent,1
lewandogeski,Kristennetten,1
lewandogeski,Tesla,1
lewandogeski,TeslaOwnersEBay,1
lewandogeski,blueskykites,1
lewandogeski,daelmor,1
lewandogeski,elonmusk,1
lewandogeski,teslacn,1
lhanabo,PPathole,2
lhanabo,Tesla,2
lhanabo,elonmusk,2
lhanabo,kaminoean,1
liangna1997,EvrybodynthrMom,1
liangna1997,GailAlfarATX,1
liangna1997,IheartTesla,1
liangna1997,JenniCurrent,1
liangna1997,Kristennetten,1
liangna1997,Tesla,1
liangna1997,TeslaOwnersEBay,1
liangna1997,blueskykites,1
liangna1997,daelmor,1
liangna1997,elonmusk,1
liangna1997,teslacn,1
liberalsrwusses,Gaztron3000,1
liberalsrwusses,Generik999,1
liberalsrwusses,SockeyeSalm0n,1
liberalsrwusses,TituTweets_,1
liberalsrwusses,elonmusk,1
liberalsrwusses,jt_hippie_ty,1
lidijad,dorcolsamodorco,1
lifeisforshmuck,Falconwingsnj,1
lifeisforshmuck,Tesla,1
lifeisforshmuck,UWmontlaker,1
lifenotprofit,MikeDrucker,2
lifenotprofit,OneSaltyCamel2,1
lilacsnlavender,TexasTribune,1
lilly_Michael,matt_levine,1
lilly_Michael,opinion,1
lim_stock,kryptodurant,1
limits_stop,BradMunchen,1
lingenberry34,MollyJongFast,1
lingenberry34,NaeEve_,1
lingenberry34,elonmusk,1
linwoodschulman,Molson_Hart,1
linwoodschulman,moseskagan,1
linwoodschulman,profgalloway,1
linwoodschulman,tylertringas,1
lipo1,Tesla,1
lipo1,TeslaOwnersDEU,1
lipo1,idovecer,1
lipo1,talkingtesla,1
liquidseahorse,BackToTheDoge,2
liquidseahorse,GoDogeArmy,1
liquidseahorse,Tesla,2
liridon_arifaj,EvrybodynthrMom,1
liridon_arifaj,GailAlfarATX,1
liridon_arifaj,IheartTesla,1
liridon_arifaj,JenniCurrent,1
liridon_arifaj,Kristennetten,1
liridon_arifaj,Tesla,1
liridon_arifaj,TeslaOwnersEBay,1
liridon_arifaj,blueskykites,1
liridon_arifaj,daelmor,1
liridon_arifaj,elonmusk,1
liridon_arifaj,teslacn,1
lisigonz,TESLA_CREADOR,1
livetogro,cswarketatora,1
livin0emissions,JorgeCaparroso,1
livin0emissions,SebasFC,1
livin0emissions,TeslaParaTodos,1
livin0emissions,earcos,1
lngminh266,Jinbei_inu,1
logicaldebate,GOP,1
logicaldebate,KBloodfang,1
logicaldebate,Snarkage1,1
logicaldebate,TheRadicalProle,1
lokibearcookie,elonmusk,1
lokibearcookie,pwnwtfbbq,1
loksado_river,liputan6dotcom,1
lonevvolf,DBurkland,1
lonevvolf,MFrunker,1
lonevvolf,Tesla,1
lonevvolf,elonmusk,1
lonevvolf,raffaeru,1
lonevvolf,tesla_adri,1
longdeqingyun2,PiHub_Utility,1
longsmac61,NunesAlt,1
longsmac61,elonmusk,1
longsmac61,mercutioad,1
longtoad1789,EltricThunder,2
longtoad1789,FthePump1,1
longtoad1789,StevenWHopkins,3
longtoad1789,Tesla,6
longtoad1789,WR4NYGov,2
longtoad1789,WholeMarsBlog,2
longtoad1789,cis5YnJE607xzs5,6
longtoad1789,dontgetmusked,3
longtoad1789,magneaus,3
longtoad1789,standingRock6,2
longtoad1789,stevenmarkryan,2
lordpbk,business,1
losthorizen,ClausMller17,1
losthorizen,EvrybodynthrMom,1
losthorizen,GailAlfarATX,1
losthorizen,IheartTesla,1
losthorizen,JenniCurrent,1
losthorizen,Kristennetten,1
losthorizen,Tesla,2
losthorizen,TeslaOwnersEBay,1
losthorizen,blueskykites,1
losthorizen,daelmor,1
losthorizen,elonmusk,2
losthorizen,hugo_fo,1
losthorizen,jpr007,1
losthorizen,teslacn,1
lostinspace1517,LukhmanM,1
lostinspace1517,SamanthaMalin,1
lostinspace1517,heftycharge,1
lotus_cat0,Femto_Tesla,9
loveablecass,NicktheGatorfin,1
loveallaroundu,DirtyTesLa,1
loveallaroundu,Tesla,1
loveburn427,EvrybodynthrMom,1
loveburn427,GailAlfarATX,1
loveburn427,IheartTesla,1
loveburn427,JenniCurrent,1
loveburn427,Kristennetten,1
loveburn427,Tesla,1
loveburn427,TeslaOwnersEBay,1
loveburn427,blueskykites,1
loveburn427,daelmor,1
loveburn427,elonmusk,1
loveburn427,teslacn,1
lu_stacy,washingtonpost,1
lucapasturini,squawksquare,1
luistrelles9,EvrybodynthrMom,1
luistrelles9,GailAlfarATX,1
luistrelles9,IheartTesla,1
luistrelles9,JenniCurrent,1
luistrelles9,Kristennetten,1
luistrelles9,Tesla,1
luistrelles9,TeslaOwnersEBay,1
luistrelles9,blueskykites,1
luistrelles9,daelmor,1
luistrelles9,elonmusk,1
luistrelles9,teslacn,1
luizfdelucab,EvrybodynthrMom,1
luizfdelucab,GailAlfarATX,1
luizfdelucab,IheartTesla,1
luizfdelucab,JenniCurrent,1
luizfdelucab,Kristennetten,1
luizfdelucab,Tesla,1
luizfdelucab,TeslaOwnersEBay,1
luizfdelucab,blueskykites,1
luizfdelucab,daelmor,1
luizfdelucab,elonmusk,1
luizfdelucab,teslacn,1
lukesbacon,Falconwingsnj,1
lukesbacon,Tesla,1
lumineau_tom,Arzigman,1
lumineau_tom,RubanDePapier,1
lunanuovarossa,PolinaPomorenko,1
lunanuovarossa,Raj_R_85,1
lux_claude,ElonMuskFr,1
lux_claude,Tesla,1
lweisenthal,Most_Maximus,1
mNahiBataonga,elonmusk,1
mVesT9E9wRsVjOA,EstherKokkelman,1
m_ahsanshoaib,EvrybodynthrMom,1
m_ahsanshoaib,GailAlfarATX,1
m_ahsanshoaib,IheartTesla,1
m_ahsanshoaib,JenniCurrent,1
m_ahsanshoaib,Kristennetten,1
m_ahsanshoaib,Nishant_Bliss,1
m_ahsanshoaib,Tesla,1
m_ahsanshoaib,TeslaOwnersEBay,1
m_ahsanshoaib,blueskykites,1
m_ahsanshoaib,daelmor,1
m_ahsanshoaib,elonmusk,1
m_ahsanshoaib,teslacn,1
m_obendorfer,starsetsociety,1
maMngomezul,elonmusk,1
maadeluxe,fujijuu,1
maadeluxe,model3yokohama,1
maadeluxe,north_tesla,3
maadeluxe,studioalon_jem,1
mac__steele,MikeSington,1
macaba_72,TESLA_CREADOR,1
macdaddy2112,elonmusk,1
macgyver_p,BillWeirCNN,1
macgyver_p,CTVNews,3
macgyver_p,NickCeausescu,1
macgyver_p,Tesla,2
macgyver_p,Twitter,2
macgyver_p,elonmusk,2
macgyver_p,profgalloway,1
machaves,Elastic_minds,1
macijauskasm,ElonJet,1
macijauskasm,moonsh0t__,1
macks2112,BulldozerBob,1
macks2112,CaramelCoffee8,1
macks2112,MichaelAArouet,1
macks2112,TheAroraReport,1
macrules314,elonmusk,1
macun81,99brownKaryl,1
macun81,BLKMDL3,1
macun81,DBurkland,1
macun81,DimaZeniuk,1
macun81,FthePump1,2
macun81,Holley_News,2
macun81,Lucid,1
macun81,LucidMotors,1
macun81,PauljHorton,1
macun81,R6Alex,1
macun81,Tesla,7
macun81,Tesla2Lucid,1
macun81,TeslaClubSoCal,2
macun81,TeslaDiva99,1
macun81,TeslaOwnersEBay,1
macun81,TeslaOwnersMN,1
macun81,TheBlakeCheck,1
macun81,WhatsupFranks,1
macun81,aftermarket_ev,1
macun81,atk0506,1
macun81,blueskykites,1
macun81,elonmusk,2
macun81,hope4494,1
macun81,lovemesomemusk,1
macun81,masegoslin,1
macun81,teslabros,1
macun81,teslaownersSV,1
maddmatty03,elonmusk,1
maddrixclub,EvrybodynthrMom,1
maddrixclub,GailAlfarATX,1
maddrixclub,IheartTesla,1
maddrixclub,JenniCurrent,1
maddrixclub,Kristennetten,1
maddrixclub,Tesla,1
maddrixclub,TeslaOwnersEBay,1
maddrixclub,blueskykites,1
maddrixclub,daelmor,1
maddrixclub,elonmusk,1
maddrixclub,teslacn,1
madridvk,TESLA_CREADOR,1
magneaus,EltricThunder,6
magneaus,FthePump1,2
magneaus,Horizon95089898,1
magneaus,Tesla,10
magneaus,URAHypocrite911,1
magneaus,WR4NYGov,6
magneaus,WholeMarsBlog,6
magneaus,cis5YnJE607xzs5,10
magneaus,longtoad1789,6
magneaus,standingRock6,6
magneaus,stevenmarkryan,6
maguirrem3,Tesla,1
maguirrem3,lovemesomemusk,1
maiartworks,UltraXBT,1
maiko1820,EmperorGrinnar,1
maiko1820,EvrybodynthrMom,2
maiko1820,GailAlfarATX,2
maiko1820,IheartTesla,2
maiko1820,JenniCurrent,2
maiko1820,Kristennetten,2
maiko1820,Tesla,2
maiko1820,TeslaOwnersEBay,2
maiko1820,blueskykites,2
maiko1820,daelmor,2
maiko1820,elonmusk,2
maiko1820,teslacn,2
maine_strong,Rivian,1
maine_strong,omg_tesla,1
maine_strong,tesla_raj,1
majemichaelsaba,LucidMotors,1
majemichaelsaba,PinoCurcio,1
majemichaelsaba,Tesla,1
majemichaelsaba,Tesla2Lucid,1
majemichaelsaba,elonmusk,1
majemichaelsaba,fabioRASCH,1
majemichaelsaba,masegoslin,1
majestee_,Berkan_Bayram,1
majestee_,LucidMotors,1
majestee_,Tesla,1
majorursa,MikeSington,1
majorursa,RockofRon,1
malcolml7533,Tesla,1
malcolml7533,elonmusk,1
malcolml7533,tesla_adri,1
malm_magnus,Andariya_,1
malm_magnus,z3raphim,1
man_norwegian,AcoinMon,1
man_norwegian,igorbb222,1
man_norwegian,realen1,1
manatick1989,LataroMoyaBaron,1
manatick1989,estebanvargas04,1
manatick1989,tinytusam,1
mangop818,TESLA_is_FUTURE,1
maninashed3,cswarketatora,1
maninashed3,strongroots61,1
mantooconcerned,Ed22585165,1
mantooconcerned,LucidMotors,1
mantooconcerned,Tesla,1
mantooconcerned,Tesla2Lucid,1
mantooconcerned,elonmusk,1
mantooconcerned,masegoslin,1
mantooconcerned,nusairat,1
manuel_s_wagner,elonmusk,1
manuelgran65,TESLA_CREADOR,1
maowtf_,Aznable88,1
maowtf_,RaajaNagaLingam,1
maowtf_,elonmusk,1
marc_legere,EvrybodynthrMom,1
marc_legere,GailAlfarATX,1
marc_legere,IheartTesla,1
marc_legere,JenniCurrent,1
marc_legere,Kristennetten,1
marc_legere,Tesla,1
marc_legere,TeslaOwnersEBay,1
marc_legere,blueskykites,1
marc_legere,daelmor,1
marc_legere,elonmusk,1
marc_legere,teslacn,1
marcel73_,tass_agency,1
marcelbohn,olewin,1
marcelbohn,tobi_ohne_bo,1
marceliszpakk,Tesla,1
marceliszpakk,Teslarati,1
marceliszpakk,elonmusk,1
marceliszpakk,wojcikofficial,1
marcell16895275,BelpietroTweet,1
marcell16895275,DiegoFusaro,1
marcell16895275,LucioMalan,1
marcell16895275,ManfrediPotenti,1
marcell16895275,NicolaOliv20,1
marcell16895275,adrianobusolin,1
marcell16895275,gparagone,1
marcell16895275,matteosalvinimi,1
marchtrain,v4mpself,1
marclappin,Tesla,2
marclappin,WhamBaamYT,2
marclappin,bluenblkblknred,1
marclappin,elonmusk,2
marclappin,theMelRandall,2
marclappin,thisisepiche,1
marclappin,wfusdfcf,1
marcovoltaico,freedomclub_tk,1
marcuswerther,elonmusk,1
marcuswerther,itsJeffTiedrich,1
margie_teufel,elonmusk,1
maria19449904,SawyerMerritt,1
maria19449904,Tesla,1
maria19449904,WholeMarsBlog,1
maria19449904,elonmusk,1
maria19449904,kchau,1
maria_marriiaaa,EvrybodynthrMom,1
maria_marriiaaa,GailAlfarATX,1
maria_marriiaaa,IheartTesla,1
maria_marriiaaa,JenniCurrent,1
maria_marriiaaa,Kristennetten,1
maria_marriiaaa,Tesla,1
maria_marriiaaa,TeslaOwnersEBay,1
maria_marriiaaa,blueskykites,1
maria_marriiaaa,daelmor,1
maria_marriiaaa,elonmusk,1
maria_marriiaaa,teslacn,1
marieaire,NikkiCatania,1
mariekeboonstra,greg16676935420,1
mario_lakus,bino_oko,1
mark24227825,AtlantaStu,1
mark24227825,The_GhettoOprah,2
mark24227825,ThumbarseHuber,2
mark24227825,business,3
mark24227825,domainophile,1
mark24227825,wordsbymt,2
mark_kieran,elonmusk,1
mark_malhiot,Tesla,1
mark_malhiot,lovemesomemusk,1
mark_mbmccarthy,Shaykay1717,1
markmcan,EvrybodynthrMom,1
markmcan,GailAlfarATX,1
markmcan,IheartTesla,1
markmcan,JenniCurrent,1
markmcan,Kristennetten,1
markmcan,Tesla,1
markmcan,TeslaOwnersEBay,1
markmcan,blueskykites,1
markmcan,daelmor,1
markmcan,elonmusk,1
markmcan,teslacn,1
markocmb,FthePump1,2
markocmb,Holley_News,1
markocmb,Lucid,1
markocmb,LucidMotors,2
markocmb,Tesla,2
markocmb,Tesla2Lucid,2
markocmb,TeslaClubSoCal,2
markocmb,masegoslin,2
marpo29301014,AllThingsTSLA,3
marsenco1,iankim_TESLA,1
maruko__bnf,tesla_kairi,1
marvinagoori,mysticl,1
marvinlyonheir,EvrybodynthrMom,1
marvinlyonheir,GailAlfarATX,1
marvinlyonheir,IheartTesla,1
marvinlyonheir,JenniCurrent,1
marvinlyonheir,Kristennetten,1
marvinlyonheir,Tesla,1
marvinlyonheir,TeslaOwnersEBay,1
marvinlyonheir,blueskykites,1
marvinlyonheir,daelmor,1
marvinlyonheir,elonmusk,1
marvinlyonheir,teslacn,1
masegoslin,Dottie07730239,1
masegoslin,Ed22585165,1
masegoslin,FrankFaust18,6
masegoslin,FthePump1,2
masegoslin,Holley_News,1
masegoslin,Lucid,1
masegoslin,LucidMotors,11
masegoslin,NHRA,2
masegoslin,RaceSonoma,1
masegoslin,SebasFC,1
masegoslin,Tesla,11
masegoslin,Tesla2Lucid,11
masegoslin,TeslaClubSoCal,1
masegoslin,elonmusk,10
masegoslin,kubebase,1
masegoslin,nusairat,1
masegoslin,psychlyst1,1
masegoslin,withabeverage,1
mat2ate7,_w4mY,2
mat2ate7,re_____19,2
mat2ate7,tesla_kobe,2
math8222,JohnDHerzog,1
math8222,SawyerMerritt,1
math8222,Tesla,1
math8222,TeslaCharging,1
matijagav,EPavlic,1
matijagav,EvaFoxU,1
matijagav,SawyerMerritt,1
matijagav,Tesla,1
matijagav,TeslaNY,1
matijagav,TeslaOwnersEBay,1
matijagav,WholeMarsBlog,1
matijagav,elonmusk,1
matijagav,klwtts,1
matijagav,mayemusk,1
matijagav,teslaownersSV,1
matt_dobos,GailAlfarATX,1
matt_dobos,IheartTesla,1
matt_dobos,JenniCurrent,1
matt_dobos,Kristennetten,1
matt_dobos,RaymanIsWoat,1
matt_dobos,Tesla,1
matt_dobos,TeslaOwnersEBay,1
matt_dobos,blueskykites,1
matt_dobos,daelmor,1
matt_dobos,elonmusk,1
matt_dobos,emtfr,1
matt_dobos,teslacn,1
matthew_driver,brandenflasch,1
matthewlittlemp,afpfr,1
maurisilvalen,compaiRENE,1
maxovich8,tesla_rex,1
mayabtc123,DMC_Ryan,1
mayabtc123,SaraJAwesome,1
mayabtc123,SawyerMerritt,1
mayabtc123,Tesla,1
mayabtc123,TeslaPodcast,1
mayabtc123,elonmusk,1
mayabtc123,garyblack00,1
mayabtc123,jasper_saunders,1
mayabtc123,squawksquare,1
mayabtc123,stevenmarkryan,1
mayor_omo,EvrybodynthrMom,1
mayor_omo,GailAlfarATX,1
mayor_omo,IheartTesla,1
mayor_omo,JenniCurrent,1
mayor_omo,Kristennetten,1
mayor_omo,Tesla,1
mayor_omo,TeslaOwnersEBay,1
mayor_omo,blueskykites,1
mayor_omo,daelmor,1
mayor_omo,elonmusk,1
mayor_omo,teslacn,1
mayorsalty,Most_Maximus,1
mazizhere,Tesla,1
mazizhere,thyAshes,1
mbirkes,28delayslater,1
mbirkes,EZebroni,1
mbirkes,EvasTeslaSPlaid,1
mbirkes,JessicaTetreau,1
mbirkes,JoshWest247,1
mbirkes,MarkJam93765764,1
mbirkes,SP_LimitReviews,1
mbirkes,StargazerPlaid,1
mbirkes,TeslaDiamondBlz,1
mbirkes,cminshall,1
mbirkes,dictionaryhill,1
mbruck8,jimcramer,1
mbxb305,GarrettJMoffitt,1
mbxb305,Tesla,2
mbxb305,thyAshes,2
mcbrother9,JPATrades,1
mcgck6insulator,laurenboebert,1
mcholin,DimaZeniuk,1
mcholin,Tesla,1
mcholin,elonmusk,1
mcqueen652,dani_elle831,1
mcsmik,ItsBillN,2
mcsmik,Tesla,2
mcsmik,TeslaOwnersUK,2
mcsmik,TrackEVs,2
mcsmik,elonmusk,2
mdash91,gotymusic,1
mediumlittlebig,CalBlack_,1
mediumlittlebig,SimeonidisSteve,1
mediumlittlebig,Tesla,1
mediumlittlebig,business,1
meepstone0,ClubRandom_,1
meepstone0,SawyerMerritt,1
meepstone0,elonmusk,1
meepstone0,prepare_tf,1
mejashtv,SeaRaptor,1
melangeofvinta1,28delayslater,1
melangeofvinta1,Rand0mNPC,1
melaniierios,_anapaularg,1
melaniierios,marianaa_rl,1
melrocks9,elonmusk,4
melrocks9,igb,4
melrocks9,maximvangeli,1
meminator42069,garyblack00,1
meminator42069,hikingskiing,1
mentaei,lofkeya,1
mercheiglesiasc,TESLA_CREADOR,1
metaGraveGo,elonmusk,1
mettle777,Falconwingsnj,1
mettle777,Tesla,1
mexcalito500,EsquireEs,1
mgillet,Tesla,1
mgillet,UlricDabe,1
mgillet,thirionremi,1
mgmg_love3142,Eti_aka_tesla,2
mgscay,PPathole,1
mgscay,Tesla,1
mgscay,elonmusk,1
michael_k_woods,Bitter_Grizzly,3
michael_k_woods,ElonJet,3
michael_k_woods,TimJB44,3
michael_k_woods,hippieal,3
michael_rigoni,tesla_adri,1
michaelh331,Tesla,1
michaelh331,elonmusk,1
michaelh331,tesla_adri,1
michaelsonnensc,JSEllenberg,1
michaelsonnensc,beenwrekt,1
mieisgood,xuzhe,1
mikebon98426334,hunt4change,1
mikebux,Tesla,2
mikebux,TeslaClubAT,1
mikebux,elonmusk,1
mikebux,lovemesomemusk,1
mikebux,teslaownersSV,1
mikergarland,elonmusk,1
mikewisewv,TheAlexisKraft,1
mikewisewv,coldgamecrispy,1
mikewisewv,elonmusk,1
mikeywhelan79,greg16676935420,1
mikkohaze,TuukkaMard,1
mikumila4919,north_tesla,1
mileslaw2,Breaking911,1
mileslaw2,geeljellie,1
milivojedespot2,aleksandraopal2,1
mimran36,ZulfiqarAhmed69,1
mindsoul,Tesla,1
mindsoul,ajtourville,1
mindsoul,elonmusk,1
mindsoul,omead,1
mindsoul,peterdog15,1
mindylee26,elonmusk,1
miniai92,north_tesla,1
miniclip8pool,EvrybodynthrMom,1
miniclip8pool,GailAlfarATX,1
miniclip8pool,IheartTesla,1
miniclip8pool,JenniCurrent,1
miniclip8pool,Kristennetten,1
miniclip8pool,Tesla,1
miniclip8pool,TeslaOwnersEBay,1
miniclip8pool,blueskykites,1
miniclip8pool,daelmor,1
miniclip8pool,elonmusk,1
miniclip8pool,teslacn,1
minisculesbian,elonmusk,1
minisculesbian,halomancer1,1
mino_compadre,big_business_,1
mino_compadre,rameenhoss,1
minusYCore,DirtyTesLa,1
minusYCore,Tesla,1
minusYCore,elonmusk,1
miriammramz,BalEdmundo,1
miriammramz,CiudadanosCs,1
misccarsnstuff,VW,1
misccarsnstuff,VWGroup,1
misccarsnstuff,VWnews,1
misccarsnstuff,brandenflasch,1
miselorcan,yitgordon,1
misssanity,SawyerMerritt,1
mjcshort,JennaEllisEsq,1
mjgn92,Andy8chi,1
mjgn92,TripkovicMilena,1
mkinthuk,EvrybodynthrMom,1
mkinthuk,GailAlfarATX,1
mkinthuk,IheartTesla,1
mkinthuk,JenniCurrent,1
mkinthuk,Kristennetten,1
mkinthuk,Tesla,1
mkinthuk,TeslaOwnersEBay,1
mkinthuk,blueskykites,1
mkinthuk,daelmor,1
mkinthuk,elonmusk,1
mkinthuk,teslacn,1
mkmg76,MailOnline,1
mkmg76,joejoeblogs11,1
mlodgeg,Apple,1
mlodgeg,Oracle,1
mlodgeg,Tesla,1
mlodgeg,expeltraitors,1
mma0604,EvrybodynthrMom,1
mma0604,GailAlfarATX,1
mma0604,IheartTesla,1
mma0604,JenniCurrent,1
mma0604,Kristennetten,1
mma0604,Tesla,1
mma0604,TeslaOwnersEBay,1
mma0604,blueskykites,1
mma0604,daelmor,1
mma0604,elonmusk,1
mma0604,teslacn,1
mmartin327,RadtkeMdEP,1
mmomboisse,DimaZeniuk,1
mmomboisse,Tesla,1
mmomboisse,elonmusk,1
mmqq93,EvrybodynthrMom,1
mmqq93,GailAlfarATX,1
mmqq93,IheartTesla,1
mmqq93,JenniCurrent,1
mmqq93,Kristennetten,1
mmqq93,Tesla,1
mmqq93,TeslaOwnersEBay,1
mmqq93,blueskykites,1
mmqq93,daelmor,1
mmqq93,elonmusk,1
mmqq93,teslacn,1
mmrmaid,Badflower,1
mmt_lvt,AspLovePolitics,2
mmt_lvt,ESGhound,1
mmt_lvt,IanSamyth,1
mmt_lvt,PPathole,2
mmt_lvt,SECGov,2
mmt_lvt,TaraBull808,2
mmt_lvt,elonmusk,2
mmt_lvt,elonmusks,2
mmt_lvt,gchahal,2
mmt_lvt,iSpaceStar,1
model3LRBBsappo,north_tesla,1
model3yokohama,tesla_shonan,1
mogensen_mr,DBurkland,2
mogensen_mr,Ironman_E,2
mogensen_mr,Tesla,5
mogensen_mr,elonmusk,5
mogensen_mr,tesla_adri,3
mohamed96644337,DimaZeniuk,1
mohamed96644337,Tesla,1
mohamed96644337,elonmusk,1
mohd_famy,namme127,1
mohd_famy,nori_norinor,1
mohplaysrblx,ZukinghamPalace,1
mohplaysrblx,ykkoaIa,1
moinaltaf1973,EvrybodynthrMom,1
moinaltaf1973,GailAlfarATX,1
moinaltaf1973,IheartTesla,1
moinaltaf1973,JenniCurrent,1
moinaltaf1973,Kristennetten,1
moinaltaf1973,Tesla,1
moinaltaf1973,TeslaOwnersEBay,1
moinaltaf1973,blueskykites,1
moinaltaf1973,daelmor,1
moinaltaf1973,elonmusk,1
moinaltaf1973,teslacn,1
mojo2555,ZackKlapman,1
mojosusan,28delayslater,1
mojosusan,DirtyTesLa,1
mojosusan,Tesla,1
mondestereo,DirtyTesLa,1
mondestereo,Tesla,1
moneyfreedom19,elonmusk,1
moneytofreedom,MarketRebels,1
moniquefullmer7,Tesla,1
moniquefullmer7,whatsinside,1
monocointr,MatthwETH,1
monthy1_9,DiedrichLeander,1
monthy1_9,HellmannTim,1
monthy1_9,LentzFlorian,1
montypythonfun,BLKMDL3,1
montypythonfun,Tesla,1
montypythonfun,_bennettm_,1
montypythonfun,elonmusk,1
moonglory10,EvrybodynthrMom,1
moonglory10,GailAlfarATX,1
moonglory10,IheartTesla,1
moonglory10,JenniCurrent,1
moonglory10,Kristennetten,1
moonglory10,Tesla,1
moonglory10,TeslaOwnersEBay,1
moonglory10,blueskykites,1
moonglory10,daelmor,1
moonglory10,elonmusk,1
moonglory10,teslacn,1
mordent,MollyJongFast,1
mordent,elonmusk,1
morefm99,elonmusk,1
morganhlibre,Karinica_,1
mortenlund89,DBurkland,2
mortenlund89,MFrunker,2
mortenlund89,Tesla,2
mortenlund89,elonmusk,2
mortenlund89,iceagetv,1
mortenlund89,raffaeru,2
mosicr,LovingWildlyfe,2
motdl1,1LoafOfMeat,1
motdl1,EvaFoxU,1
motdl1,ToscaMusk,1
mouhssinbench,meryy_tesla,1
mr_merm,elonmusk,1
mr_merm,skyguoCypherium,1
mrdtanhayeshab,TheMoonNaty,1
mrgreen06988961,EvrybodynthrMom,1
mrgreen06988961,GailAlfarATX,1
mrgreen06988961,IheartTesla,1
mrgreen06988961,JenniCurrent,1
mrgreen06988961,Kristennetten,1
mrgreen06988961,PPathole,1
mrgreen06988961,Tesla,1
mrgreen06988961,TeslaOwnersEBay,1
mrgreen06988961,TheStreet,1
mrgreen06988961,blueskykites,1
mrgreen06988961,daelmor,1
mrgreen06988961,elonmusk,2
mrgreen06988961,garyblack00,1
mrgreen06988961,jimcramer,1
mrgreen06988961,teslacn,1
mrgrumpy_2,MarketWatch,1
mrnjaudz,Slaba_Vajda,1
mrsvdveen,AOC,1
mrsvdveen,GOPLeader,1
msade27,squawksquare,1
mscheibl,Tesla,1
mscheibl,TeslaClubAT,1
mscheibl,elonmusk,1
mscheibl,teslaownersSV,1
mudalyfx,Falconwingsnj,1
mudalyfx,Tesla,1
muhdridwann,yanafqxh,1
multiplayer0000,DimaZeniuk,1
multiplayer0000,Tesla,1
multiplayer0000,elonmusk,1
mus74rd,Yeokk_Tesla,1
mustafa85814529,wd_taha2,1
mustangmek,laurenboebert,1
mxaxmxd,LukmaanSattar,1
mystery_leciel,iankim_TESLA,3
mysticl,Horizon95089898,1
mysticl,Tesla,1
mysticl,cis5YnJE607xzs5,1
mysticl,magneaus,1
mytslastory,Ethtoshi1,1
mytslastory,REALTALK528,2
mytslastory,Tesla,2
mytslastory,elonmusk,2
mzalewski82,LucidMotors,1
mzalewski82,Tesla,1
mzalewski82,Tesla2Lucid,1
mzalewski82,elonmusk,1
mzalewski82,masegoslin,1
naanders,WatcherGuru,1
naanders,elonmusk,2
nakabuchaka,greg16676935420,1
naptownlawyer,FDRLST,1
naptownlawyer,aunt_teefa,1
nardzoa,TMaugier,1
nardzoa,ThFerrier,1
nate_nugent,altcoin_bets,1
nate_nugent,elonmusk,1
nathansnewman,SecRaimondo,1
nathansnewman,alexburnsNYT,1
navmishra1997,EvrybodynthrMom,1
navmishra1997,GailAlfarATX,1
navmishra1997,IheartTesla,1
navmishra1997,JenniCurrent,1
navmishra1997,Kristennetten,1
navmishra1997,Tesla,1
navmishra1997,TeslaOwnersEBay,1
navmishra1997,blueskykites,1
navmishra1997,daelmor,1
navmishra1997,elonmusk,1
navmishra1997,teslacn,1
naximaswow,squawksquare,1
nazanin_bh7,_aligolab,1
nbazer0,IanMDesigns,1
nbazer0,Mr_Bessette,1
nbazer0,disclosetv,2
nbazer0,elonmusk,1
nbazer0,moneytofreedom,1
nbazer0,tehlike,1
ncRjZi6FmtBUaRU,Tesla,1
ncRjZi6FmtBUaRU,Teslalightshows,1
ncRjZi6FmtBUaRU,elonmusk,1
ndeanbos,Mollyploofkins,1
neilrieck,elonmusk,1
nekotamilky,tesla_kairi,2
nellienutkins,EvrybodynthrMom,1
nellienutkins,GailAlfarATX,1
nellienutkins,IheartTesla,1
nellienutkins,JenniCurrent,1
nellienutkins,Kristennetten,1
nellienutkins,Tesla,1
nellienutkins,TeslaOwnersEBay,1
nellienutkins,blueskykites,1
nellienutkins,daelmor,1
nellienutkins,elonmusk,1
nellienutkins,teslacn,1
neojavanica,convomfs,1
nep65193664,MattWallace888,1
nep65193664,PPathole,1
nep65193664,SECGov,1
nep65193664,elonmusk,1
neskensb,man_norwegian,1
nettirikki,rrreshma_raj,1
newAlexIvanov,EvrybodynthrMom,1
newAlexIvanov,GailAlfarATX,1
newAlexIvanov,IheartTesla,1
newAlexIvanov,JenniCurrent,1
newAlexIvanov,Kristennetten,1
newAlexIvanov,Tesla,1
newAlexIvanov,TeslaOwnersEBay,1
newAlexIvanov,blueskykites,1
newAlexIvanov,daelmor,1
newAlexIvanov,elonmusk,1
newAlexIvanov,teslacn,1
nfrydenholm,HoudinoGalleri,2
nfrydenholm,R4nd4hl,2
nft_beach,SIMONCRYPTO52,1
nft_khooloov,SmokingWolfiez,1
nftmoob,elonmusk,1
nicoleMletort,BruceChristie18,1
nightygil,Filip_Ceglowski,1
niklasflier,BitcoinSouldier,1
niklasflier,RalphWieprich,1
niklasflier,ThatsWhatHeSeid,1
niklasflier,_einundzwanzig_,1
niknakkin69,elonmusk,1
nikq,north_tesla,1
niranjanmann69,PPathole,1
niranjanmann69,Tesla,1
niranjanmann69,elonmusk,1
nitnelyn94,HTDSpod,1
no2sin,FERALROBOTS,1
no2sin,joshtpm,2
noel_grimming,elonmusk,1
noizepreacher,elonmusk,1
nomadJinvest,farzyness,1
nomad_tesla,SawyerMerritt,1
nomad_tesla,Tesla,1
nomad_tesla,TeslaCharging,1
nomujo,toshiki_tesla,1
noootsab,Tesla,1
noootsab,tgrall,1
noor_khara9,Tesla,1
noor_khara9,thyAshes,1
nopenotherenow,EvrybodynthrMom,1
nopenotherenow,GailAlfarATX,1
nopenotherenow,IheartTesla,1
nopenotherenow,JenniCurrent,1
nopenotherenow,Kristennetten,1
nopenotherenow,Tesla,1
nopenotherenow,TeslaOwnersEBay,1
nopenotherenow,blueskykites,1
nopenotherenow,daelmor,1
nopenotherenow,elonmusk,1
nopenotherenow,teslacn,1
nopoetjustice,TeslaAlien,1
nopoetjustice,alex_avoigt,1
nopoetjustice,brettpeirce,1
north_tesla,MocaTesla,3
north_tesla,TeeTee_tesla,3
north_tesla,and_tesla,2
northrop55555,EvrybodynthrMom,1
northrop55555,GailAlfarATX,1
northrop55555,IheartTesla,1
northrop55555,JenniCurrent,1
northrop55555,Kristennetten,1
northrop55555,Tesla,1
northrop55555,TeslaOwnersEBay,1
northrop55555,blueskykites,1
northrop55555,daelmor,1
northrop55555,elonmusk,1
northrop55555,teslacn,1
not3worlds,28delayslater,1
not3worlds,DirtyTesLa,1
not3worlds,Tesla,1
notAbot123450,3valuedlogic,1
notAbot123450,Andys_Brain,1
notAbot123450,CrimsonsTwatter,1
notAbot123450,franchisewolf,1
notAbot123450,tgreenie92,1
notAbot123450,tmaycsu,1
not_a_herd,AfarWatch,1
notaalien420,elonmusk,1
notabigdeal111,Triumph6Capital,1
notld420,EvrybodynthrMom,1
notld420,GailAlfarATX,1
notld420,IheartTesla,1
notld420,JenniCurrent,1
notld420,Kristennetten,1
notld420,Tesla,1
notld420,TeslaOwnersEBay,1
notld420,blueskykites,1
notld420,daelmor,1
notld420,elonmusk,1
notld420,teslacn,1
notleavinglv,BeecherDenys,1
notleavinglv,CMOS76,1
notleavinglv,Cosmic_Engineer,1
notleavinglv,IB_Furious,1
notleavinglv,elonmusk,1
notleavinglv,ifgeorgecan,1
notley,ElectrifyAm,1
notley,tommolog,1
notmarvc,greg16676935420,1
novinhotaubate,folha,1
nowayouthh,Denna12_0,1
nowayouthh,Tesla__nikola,1
noy__poke,tesla_fwia,1
npstackz,EvrybodynthrMom,1
npstackz,GailAlfarATX,1
npstackz,IheartTesla,1
npstackz,JenniCurrent,1
npstackz,Kristennetten,1
npstackz,Tesla,1
npstackz,TeslaOwnersEBay,1
npstackz,blueskykites,1
npstackz,daelmor,1
npstackz,elonmusk,1
npstackz,teslacn,1
nukem384,Tesla,1
nukem384,_bennettm_,1
nukem384,elonmusk,1
nunya_bill,elonmusk,1
nurdtwitt,elonmusk,1
nuribaaaolu,Butseriously33,1
nuribaaaolu,tarihsaka2,1
nusairat,Ed22585165,1
nusairat,LucidMotors,2
nusairat,Tesla,2
nusairat,Tesla2Lucid,2
nusairat,billyvega_,1
nusairat,elonmusk,2
nusairat,hubb_kyle,1
nusairat,masegoslin,2
nusairat,robe_joe,1
nwocryptomoney,BigSB_HODLer,1
nwocryptomoney,greg16676935420,1
nyanotech,CardQueenEileen,1
nyanotech,tanisthelesbiab,1
nycadvisory,squawksquare,1
nycandre,EvrybodynthrMom,1
nycandre,GailAlfarATX,1
nycandre,IheartTesla,1
nycandre,JenniCurrent,1
nycandre,Kristennetten,1
nycandre,Tesla,1
nycandre,TeslaOwnersEBay,1
nycandre,blueskykites,1
nycandre,daelmor,1
nycandre,elonmusk,1
nycandre,teslacn,1
nylgk,elonmusk,1
o2bcd8ed,PhilJankowski,1
oNouguier,EvrybodynthrMom,1
oNouguier,GailAlfarATX,1
oNouguier,IheartTesla,1
oNouguier,JenniCurrent,1
oNouguier,Kristennetten,1
oNouguier,Tesla,1
oNouguier,TeslaOwnersEBay,1
oNouguier,blueskykites,1
oNouguier,daelmor,1
oNouguier,elonmusk,1
oNouguier,teslacn,1
oSMaNPeRK71,EvrybodynthrMom,1
oSMaNPeRK71,GailAlfarATX,1
oSMaNPeRK71,IheartTesla,1
oSMaNPeRK71,JenniCurrent,1
oSMaNPeRK71,Kristennetten,1
oSMaNPeRK71,MattWallace888,1
oSMaNPeRK71,Tesla,1
oSMaNPeRK71,TeslaOwnersEBay,1
oSMaNPeRK71,blueskykites,1
oSMaNPeRK71,daelmor,1
oSMaNPeRK71,elonmusk,1
oSMaNPeRK71,teslacn,1
oaedoel,Fastned,1
oaedoel,Pirateofchance,1
oaedoel,QuentinWillson,1
oaedoel,Tesla,1
oaedoel,_PivotPower,1
oaedoel,ainekoskitten,1
occupymars42069,EvrybodynthrMom,41
occupymars42069,GailAlfarATX,41
occupymars42069,IheartTesla,41
occupymars42069,JenniCurrent,41
occupymars42069,Kristennetten,41
occupymars42069,MichelleBekke11,39
occupymars42069,Tesla,41
occupymars42069,TeslaOwnersEBay,41
occupymars42069,blueskykites,41
occupymars42069,daelmor,41
occupymars42069,elonmusk,41
occupymars42069,teslacn,41
ocean20107,elonmusk,1
offord_305,elonmusk,1
ohcheepeng,RandyVegetables,1
oimum,business,1
ojMMA,alex_avoigt,1
okcaloguzhan,ahmetyesiltepe,1
oksanka_luky,elonmusk,1
olavtorvund,jonasali,1
ollopa30,LucidMotors,1
ollopa30,Tesla,1
ollopa30,Tesla2Lucid,1
ollopa30,elonmusk,1
ollopa30,masegoslin,1
olovelo1,MietTesla,1
omamode_orieno,TobiGbemisola,1
omamode_orieno,TonamiPlayman,1
omegaobject,LucidMotors,1
omegaobject,Tesla,1
omegaobject,Tesla2Lucid,1
omegaobject,elonmusk,1
omegaobject,masegoslin,1
omg_tesla,BLKMDL3,4
omg_tesla,Tesla,4
omg_tesla,TeslaCharging,4
omg_tesla,elonmusk,3
onanov,PPathole,1
onanov,Tesla,1
onanov,elonmusk,1
onatrain2022,elonmusk,1
oneeyegaspirate,elonmusk,1
onexsp,TajoCrypto,1
onexsp,elonmusk,1
onigivi,escoupsssi,1
ontherailaway,armandanox,1
ooswald,TechPreacher,2
ooswald,Tesla,2
ooswald,autotestsonline,1
oowwee_buddy,EvrybodynthrMom,1
oowwee_buddy,GailAlfarATX,1
oowwee_buddy,IheartTesla,1
oowwee_buddy,JenniCurrent,1
oowwee_buddy,Kristennetten,1
oowwee_buddy,Tesla,1
oowwee_buddy,TeslaOwnersEBay,1
oowwee_buddy,blueskykites,1
oowwee_buddy,daelmor,1
oowwee_buddy,elonmusk,1
oowwee_buddy,teslacn,1
opiniongooo,13ericralph31,1
opiniongooo,SawyerMerritt,1
opiniongooo,Tesla,4
opiniongooo,TeslaCharging,1
opiniongooo,Teslarati,1
opiniongooo,Trippaofficial,3
opiniongooo,WholeMarsBlog,1
opiniongooo,dwhes,1
opiniongooo,elonmusk,3
oppei85,TESLA_no_TUNO,3
organiceel,FedMusk,1
organiceel,Iyervval,1
oroozen,GigaSomerset,1
oroozen,SawyerMerritt,1
oroozen,Tesla,1
oroozen,TeslaCharging,1
oroozen,ZainS180,1
ortodoxy,SrkiBoy74,1
ortodoxy,man_norwegian,1
oscaru2,thehill,1
osim457,DiedrichLeander,1
osim457,ReinerKurzmann,1
oskudniskalp,podsmokvom,1
otiliamanda,EvrybodynthrMom,1
otiliamanda,GailAlfarATX,1
otiliamanda,IheartTesla,1
otiliamanda,JenniCurrent,1
otiliamanda,Kristennetten,1
otiliamanda,Tesla,1
otiliamanda,TeslaOwnersEBay,1
otiliamanda,blueskykites,1
otiliamanda,daelmor,1
otiliamanda,elonmusk,1
otiliamanda,teslacn,1
oucrimsongirl,TheRealWillBoss,1
overKINO,overHAECHAN,1
overKINO,overJIHEON,1
overNARYOUNG,overROJE,1
ox45tallboy,elonmusk,1
ox45tallboy,frankjnovak,1
ox45tallboy,itsJeffTiedrich,1
p2w4io,jpr007,1
pacobell12,JennaEllisEsq,1
pacohernandezc,TESLA_CREADOR,1
paddykeisuke,GOTHAM_Tesla,2
paddykeisuke,_w4mY,4
paddykeisuke,mat2ate7,4
paddykeisuke,re_____19,4
paddykeisuke,tesla_kobe,4
paigerpenland,elonmusk,1
paigerpenland,greg16676935420,1
pakgome,elonmusk,1
palaceviking,BlackRock_UK,1
palaceviking,TotallyDogers,1
palaceviking,ukdutypaid2u,1
papalikt00,KukiShinobuCBT,1
papalikt00,PeachyAzu,1
papin62,TESLA_CREADOR,1
paranoidream,EvrybodynthrMom,1
paranoidream,GailAlfarATX,1
paranoidream,IheartTesla,1
paranoidream,JenniCurrent,1
paranoidream,Kristennetten,1
paranoidream,Tesla,1
paranoidream,TeslaOwnersEBay,1
paranoidream,blueskykites,1
paranoidream,daelmor,1
paranoidream,elonmusk,1
paranoidream,teslacn,1
parmvirgrewal_,drizzy0_0,1
partommi,CalisCihan,1
partommi,Icarus_Flies,1
partommi,JankyJames92,1
partommi,KyleRobert,2
partommi,Lovethedream132,2
partommi,MattWallace888,2
partommi,OBlessedSinner,1
partommi,PPathole,1
partommi,arkyhawg,1
partommi,elonmusk,4
partommi,fischer_price7,2
partommi,myobusa,1
partommi,punjiam,1
partommi,r__narne,1
partommi,zarkrates,1
pascaltacular,Tesla,1
pascaltacular,ajtourville,1
pascaltacular,elonmusk,1
pascaltacular,omead,1
pascaltacular,peterdog15,1
passeggiata67,Tesla,1
passeggiata67,TheBlakeCheck,1
passionfingerz,PPathole,1
passionfingerz,SECGov,1
passionfingerz,elonmusk,1
passionfingerz,teslaownersSV,1
patrick51691457,morateur,1
patrickteng,GuyDealership,1
patternsoforder,EvrybodynthrMom,1
patternsoforder,GailAlfarATX,1
patternsoforder,IheartTesla,1
patternsoforder,JenniCurrent,1
patternsoforder,Kristennetten,1
patternsoforder,Tesla,1
patternsoforder,TeslaOwnersEBay,1
patternsoforder,blueskykites,1
patternsoforder,daelmor,1
patternsoforder,elonmusk,1
patternsoforder,teslacn,1
pattie541,Kris_Sacrebleu,1
pattie541,MollyJongFast,1
pattie541,agawamrick,1
paulctan,alex_avoigt,1
paulctan,kurtatx,1
paulctan,oneiropagides,1
pavez_rod,EvrybodynthrMom,1
pavez_rod,GailAlfarATX,1
pavez_rod,IheartTesla,1
pavez_rod,JenniCurrent,1
pavez_rod,Kristennetten,1
pavez_rod,Tesla,1
pavez_rod,TeslaOwnersEBay,1
pavez_rod,blueskykites,1
pavez_rod,daelmor,1
pavez_rod,elonmusk,1
pavez_rod,teslacn,1
payton_bri,Tesla,1
payton_bri,amilye6,1
pbcttt02,RickMcIntosh16,1
pbcttt02,elonmusk,1
pbcttt02,greg16676935420,1
pbleij,EstherKokkelman,2
pbleij,Fone_Guy,1
pbleij,Tesla,2
pc5408,DirtyTesLa,1
pc5408,Tesla,1
pd771,DRayRaven,1
pd771,elonmusk,1
pd771,itsJeffTiedrich,1
pdt2211,jacktla,1
pearl_tesla,Tesla,1
pearl_tesla,elonmusk,1
peepomad1,SnazzyQ,1
peepomad1,brandonhassler,1
peepomad1,elonmusk,1
perpetual_union,elonmusk,1
pertorstensson,garyblack00,1
peter_1692,AnitaKuipers5,1
peter_dozal,BunkFreamon,1
peter_dozal,GriffinTheLege1,1
peter_dozal,Pyrontix,1
peter_dozal,WingsofGHG,1
peter_dozal,egg_rico,1
peter_dozal,elonmusk,1
peter_dozal,engineers_feed,1
peter_dozal,thebseymore,1
peteypopetey,SawyerMerritt,1
peteypopetey,Tesla,1
peteypopetey,TeslaCharging,1
pettyaf1220,EvrybodynthrMom,1
pettyaf1220,GailAlfarATX,1
pettyaf1220,IheartTesla,1
pettyaf1220,JenniCurrent,1
pettyaf1220,Kristennetten,1
pettyaf1220,Tesla,1
pettyaf1220,TeslaOwnersEBay,1
pettyaf1220,blueskykites,1
pettyaf1220,daelmor,1
pettyaf1220,elonmusk,1
pettyaf1220,teslacn,1
pgonzhi,EvrybodynthrMom,1
pgonzhi,GailAlfarATX,1
pgonzhi,IheartTesla,1
pgonzhi,JenniCurrent,1
pgonzhi,Kristennetten,1
pgonzhi,Tesla,1
pgonzhi,TeslaOwnersEBay,1
pgonzhi,blueskykites,1
pgonzhi,daelmor,1
pgonzhi,elonmusk,1
pgonzhi,teslacn,1
phangandan,AmeyGade5,1
phangandan,EvrybodynthrMom,3
phangandan,GailAlfarATX,3
phangandan,IheartTesla,3
phangandan,JenniCurrent,3
phangandan,Kristennetten,3
phangandan,Stats_of_India,2
phangandan,Tenjin969,2
phangandan,Tesla,3
phangandan,TeslaOwnersEBay,3
phangandan,blueskykites,3
phangandan,daelmor,3
phangandan,elonmusk,3
phangandan,teslacn,3
phil_hutchinson,DesmondSwayne,1
philchangster,SawyerMerritt,1
philchangster,Tesla,1
philchangster,TeslaCharging,1
philchangster,WholeMarsBlog,1
philipduggan11,GerberKawasaki,1
philipduggan11,MmeAlexandraS,1
philkochan,EvaFoxU,1
phoon_alex,Lootster,1
phoon_alex,jerrehtan,1
phreezer_dd,Schnabelobst,1
pierstech,jacopo_iacoboni,1
pimgunzel,Twitter,1
pimgunzel,elonmusk,1
pimgunzel,gchahal,1
pinemikey,elonmusk,1
pinon_frijoles,EvrybodynthrMom,1
pinon_frijoles,GailAlfarATX,1
pinon_frijoles,IheartTesla,1
pinon_frijoles,JenniCurrent,1
pinon_frijoles,Kristennetten,1
pinon_frijoles,Tesla,1
pinon_frijoles,TeslaOwnersEBay,1
pinon_frijoles,blueskykites,1
pinon_frijoles,daelmor,1
pinon_frijoles,elonmusk,1
pinon_frijoles,teslacn,1
pitmasterinca,Falconwingsnj,1
pitmasterinca,Tesla,1
pixel_preet,JonErlichman,1
pixel_preet,judgedent,1
pixy_gray,north_tesla,1
pjanik_otm,Abundant_Power,1
pjanik_otm,EE_Fakten,1
pjanik_otm,MietTesla,1
pjderossitte,EvrybodynthrMom,1
pjderossitte,GailAlfarATX,1
pjderossitte,IheartTesla,1
pjderossitte,JenniCurrent,1
pjderossitte,Kristennetten,1
pjderossitte,Tesla,1
pjderossitte,TeslaOwnersEBay,1
pjderossitte,blueskykites,1
pjderossitte,daelmor,1
pjderossitte,elonmusk,1
pjderossitte,teslacn,1
pkentma,elonmusk,1
placetimeactive,DirtyTesLa,1
placetimeactive,Tesla,1
placetimeactive,elonmusk,1
plawton,elonmusk,1
pluginsites,ElectrifyAm,1
pluginsites,VCNVAorg,1
pluginsites,VaCleanCities,1
pluginsites,VirginiaDEQ,1
pluginsites,evgonetwork,1
pluginsites,ssurovell,1
plutokratija19,Milan54541,1
plutokratija19,iZVqxmDrTd2fBh9,1
pm_last,DRayRaven,1
pm_last,elonmusk,1
pm_last,itsJeffTiedrich,1
pnittmann,DimaZeniuk,1
pnittmann,Tesla,1
pnittmann,elonmusk,1
pointlessPhD,DirtyTesLa,1
pointlessPhD,Tesla,1
pointlessPhD,elonmusk,1
poirot_sophie,BrandonBiden24,1
poirot_sophie,RuthSmith22,1
poirot_sophie,WayneDupreeShow,1
poirot_sophie,ronniecorvette,1
polabmgr,fishbrainLtd,1
popstar_lit,AceAlmighty180s,1
popstar_lit,davidmweissman,1
popstar_lit,elonmusk,1
popstar_lit,esaywhathb,1
pornpandemic,EvrybodynthrMom,1
pornpandemic,GailAlfarATX,1
pornpandemic,IheartTesla,1
pornpandemic,JenniCurrent,1
pornpandemic,Kristennetten,1
pornpandemic,Tesla,1
pornpandemic,TeslaOwnersEBay,1
pornpandemic,blueskykites,1
pornpandemic,daelmor,1
pornpandemic,elonmusk,1
pornpandemic,teslacn,1
pournographic,TESLA_CREADOR,2
powder_rider,EvrybodynthrMom,1
powder_rider,GailAlfarATX,1
powder_rider,IheartTesla,1
powder_rider,JenniCurrent,1
powder_rider,Kristennetten,1
powder_rider,Tesla,1
powder_rider,TeslaOwnersEBay,1
powder_rider,blueskykites,1
powder_rider,daelmor,1
powder_rider,elonmusk,1
powder_rider,teslacn,1
powofcompound,kukreja_abhinav,5
powofcompound,secretmonopoly,5
ppant1c,BalkanHalo,1
ppant1c,globalpatria1,1
ppant1c,rilivadivuk,2
ppoppopower,TESLA_is_FUTURE,1
pptwit75,DimaZeniuk,1
pptwit75,Tesla,1
pptwit75,elonmusk,1
pptwit75,rako_sebastian,1
pramodbagale5,elonmusk,1
prath1231,remiadevan,1
pravda_real,EvrybodynthrMom,1
pravda_real,GailAlfarATX,1
pravda_real,IheartTesla,1
pravda_real,JenniCurrent,1
pravda_real,Kristennetten,1
pravda_real,Tesla,1
pravda_real,TeslaOwnersEBay,1
pravda_real,blueskykites,1
pravda_real,daelmor,1
pravda_real,elonmusk,1
pravda_real,teslacn,1
praveen_cj,MmeAlexandraS,1
precisement,DelphineIweins,1
preettweet_,Tesla,1
preettweet_,TeslaClubAT,1
preettweet_,elonmusk,1
preettweet_,teslaownersSV,1
prepare_tf,ClubRandom_,1
prepare_tf,SawyerMerritt,1
prepare_tf,elonmusk,1
presofestonia,GCRClassic,1
priceleecushing,elonmusk,1
priyansu_vasava,EvrybodynthrMom,1
priyansu_vasava,GailAlfarATX,1
priyansu_vasava,IheartTesla,1
priyansu_vasava,JenniCurrent,1
priyansu_vasava,Kristennetten,1
priyansu_vasava,Tesla,1
priyansu_vasava,TeslaOwnersEBay,1
priyansu_vasava,blueskykites,1
priyansu_vasava,daelmor,1
priyansu_vasava,elonmusk,1
priyansu_vasava,teslacn,1
prlibre,AmadoIsMartinez,1
proales,elonmusk,1
proales,max_arbitrage,1
prodrunkdrivin,elonmusk,1
prodrunkdrivin,frankjnovak,1
prodrunkdrivin,itsJeffTiedrich,1
projectworkx,MoeTheMartian,1
projectworkx,Tesla2Lucid,1
projectworkx,TeslaRoshi,1
projectworkx,elonmusk,1
projectworkx,masegoslin,1
projectworkx,psychlyst1,1
projectworkx,teslaownersSV,1
promeme,LoconLuis,1
propc2020,elonmusk,1
przedmonitorem,EvrybodynthrMom,1
przedmonitorem,GailAlfarATX,1
przedmonitorem,IheartTesla,1
przedmonitorem,JenniCurrent,1
przedmonitorem,Kristennetten,1
przedmonitorem,Tesla,1
przedmonitorem,TeslaOwnersEBay,1
przedmonitorem,blueskykites,1
przedmonitorem,daelmor,1
przedmonitorem,elonmusk,1
przedmonitorem,teslacn,1
psalose,FoldynaJaroslav,1
psychlyst1,FthePump1,2
psychlyst1,Holley_News,2
psychlyst1,Lucid,2
psychlyst1,LucidMotors,2
psychlyst1,Tesla,2
psychlyst1,Tesla2Lucid,2
psychlyst1,TeslaClubSoCal,2
psychlyst1,UnderstatedTMS,1
psychlyst1,masegoslin,2
pt35mm,MollyJongFast,1
puebla_delfina,FrancoEspejo23,1
puneetaggarwal,AlternateJones,1
puneetaggarwal,a_meta4,1
punjiam,PPathole,1
punjiam,elonmusk,1
pur3profit20,MarketRebels,1
pvd_toekomst,KLM,3
pvd_toekomst,PieterOmtzigt,4
pvd_toekomst,Tesla,3
pvd_toekomst,lientje1967,4
pwnwtfbbq,elonmusk,1
pwnwtfbbq,thirteendonuts,1
qaddy,EvrybodynthrMom,1
qaddy,GailAlfarATX,1
qaddy,IheartTesla,1
qaddy,JenniCurrent,1
qaddy,Kristennetten,1
qaddy,Tesla,1
qaddy,TeslaOwnersEBay,1
qaddy,blueskykites,1
qaddy,daelmor,1
qaddy,elonmusk,1
qaddy,teslacn,1
qazw37848,Falconwingsnj,1
qazw37848,Tesla,2
qazw37848,lovemesomemusk,1
qfochoa,Diego_figueroav,1
quantwhale,elonmusk,1
quint_sunny,elonmusk,1
race31x,DeItaone,1
race31x,Eagle1con,1
race31x,JoeCronick,1
race31x,eliant_capital,1
race31x,technoking_420,1
radhaSS3,archie4445,1
rafa_karel,_ekokuntadhi,1
raffaeru,DBurkland,2
raffaeru,Doggie_wumpus,1
raffaeru,Ironman_E,2
raffaeru,LudaLisl,1
raffaeru,MFrunker,2
raffaeru,Spartacus_5,1
raffaeru,Tesla,5
raffaeru,TeslaClubAT,1
raffaeru,TeslaStars,8
raffaeru,elonmusk,5
raffaeru,tesla_adri,10
raffaeru,teslaownersSV,1
raffaeru,u110110,4
rage_creator,EvrybodynthrMom,1
rage_creator,GailAlfarATX,1
rage_creator,IheartTesla,1
rage_creator,JenniCurrent,1
rage_creator,Kristennetten,1
rage_creator,Tesla,1
rage_creator,TeslaOwnersEBay,1
rage_creator,blueskykites,1
rage_creator,daelmor,1
rage_creator,elonmusk,1
rage_creator,teslacn,1
rahilsethi,EvrybodynthrMom,1
rahilsethi,GailAlfarATX,1
rahilsethi,IheartTesla,1
rahilsethi,JenniCurrent,1
rahilsethi,Kristennetten,1
rahilsethi,Tesla,1
rahilsethi,TeslaOwnersEBay,1
rahilsethi,blueskykites,1
rahilsethi,daelmor,1
rahilsethi,elonmusk,1
rahilsethi,teslacn,1
rajshamani,Kaushalmak07,1
rajshamani,Tesla,1
rajshamani,elonmusk,1
rakeshn07365011,EvrybodynthrMom,1
rakeshn07365011,GailAlfarATX,1
rakeshn07365011,IheartTesla,1
rakeshn07365011,JenniCurrent,1
rakeshn07365011,Kristennetten,1
rakeshn07365011,Tesla,1
rakeshn07365011,TeslaOwnersEBay,1
rakeshn07365011,blueskykites,1
rakeshn07365011,daelmor,1
rakeshn07365011,elonmusk,1
rakeshn07365011,teslacn,1
rako_sebastian,DimaZeniuk,6
rako_sebastian,Sim_alam83,1
rako_sebastian,TankyBashem,1
rako_sebastian,Tesla,7
rako_sebastian,TheEuroIsDoomed,1
rako_sebastian,_pacific_labs_,4
rako_sebastian,bgrahamdisciple,1
rako_sebastian,elonmusk,6
rako_sebastian,eu_bike,1
rako_sebastian,munster_gene,1
rako_sebastian,pptwit75,1
rako_sebastian,sobchek_walter,1
raleedy,HarrietTugsmen,3
raleedy,Richard_Schiff,3
raleedy,Tesla,3
raleedy,edwards183,3
raleedy,elonmusk,3
raleedy,ladyvthemama,3
ramelos,Forbes,1
randalljlea,EvrybodynthrMom,1
randalljlea,GailAlfarATX,1
randalljlea,IheartTesla,1
randalljlea,JenniCurrent,1
randalljlea,Kristennetten,1
randalljlea,Tesla,1
randalljlea,TeslaOwnersEBay,1
randalljlea,blueskykites,1
randalljlea,daelmor,1
randalljlea,elonmusk,1
randalljlea,teslacn,1
randburgred,IOL,1
randomaxfan,elonmusk,1
raph1260,ECcoupling,1
raph1260,_IPau1,3
raph1260,squawksquare,4
raphusozge,_Tesla_X,1
rashidmalic,Tesla,1
rashidmalic,thyAshes,1
rasika_jay,Corey_Peters,1
rasika_jay,elonmusk,1
rasika_jay,jazonuxlay,1
rasputin_LG2,GPTurchi,1
rasputin_LG2,TheExtremista,1
raulthedoctor46,elonmusk,1
raviazm,elonmusk,1
rbhayes4,Bitcoin_Tesla,1
rbhayes4,cryptomaniac129,1
rbhayes4,scottmelker,1
rcktwit,squawksquare,1
rckymtnclarity,P0W3R_P0T4T0,2
rdeschain4,DrTrillions,1
rdeschain4,elonmusk,1
re11ddy,KellyFog79,1
re11ddy,TomSyvret,1
realCruzThomas,elonmusk,1
realKimWalker,EvrybodynthrMom,1
realKimWalker,GailAlfarATX,1
realKimWalker,IheartTesla,1
realKimWalker,JenniCurrent,1
realKimWalker,Kristennetten,1
realKimWalker,Tesla,1
realKimWalker,TeslaOwnersEBay,1
realKimWalker,blueskykites,1
realKimWalker,daelmor,1
realKimWalker,elonmusk,1
realKimWalker,teslacn,1
realchipman,3YearLetterman,1
realchipman,elonmusk,1
realcompi,agusnox,1
realcompi,tesla10trillion,1
realemcdaniels,3YearLetterman,1
realemcdaniels,elonmusk,1
realnametaken32,SugaSeanMMA,1
realnametaken32,_KevinSV_,1
realnikhy,david_perell,1
realrandingo,Falconwingsnj,1
realrandingo,Tesla,1
realshubhamraut,PPathole,1
realshubhamraut,Tesla,1
realshubhamraut,elonmusk,1
reardencode,PeterGFBarr,1
reardencode,absynot,1
reardencode,hotdogoil,1
recliner256,Tesla,1
recliner256,WholeMarsBlog,1
recliner256,elonmusk,1
recliner256,garrettsite,1
recliner256,teslaloosa,1
reddogbites,EvrybodynthrMom,1
reddogbites,GailAlfarATX,1
reddogbites,IheartTesla,1
reddogbites,JenniCurrent,1
reddogbites,Kristennetten,1
reddogbites,Tesla,1
reddogbites,TeslaOwnersEBay,1
reddogbites,blueskykites,1
reddogbites,daelmor,1
reddogbites,elonmusk,1
reddogbites,teslacn,1
redjokerzero,Endmetothemoon,1
redjokerzero,JUNlPER,1
redpanther81,elonmusk,1
redrobot5050,AmericanLuddite,1
redrobot5050,JustSchmeltzer,1
redrobot5050,TheAlexisKraft,1
redrobot5050,coldgamecrispy,1
redrobot5050,elonmusk,1
redsandisland,DanMilmo,1
refwarnpeas,DrunkAustrian,1
refwarnpeas,ThatEricAlper,1
regularguy25000,elonmusk,1
reguli_1,olive_sleepy,1
rehaanpeople,tanyakanrl,1
reichfrancois,Loumerlum,1
reichfrancois,afpfr,1
reinaldkirchner,sixtus,1
remisramosc,Big_Buddy_Jape,1
rentahitman,StanleyRoberts,1
researchingggg,Jennife76879204,1
researchingggg,RealNTesla,1
researchingggg,TeslasDisciple,1
researchingggg,elonmusk,1
researchingggg,engineers_feed,1
resonant_theory,HakeemOluseyi,1
resonant_theory,SciBry,1
resonant_theory,_AstroErika,1
resonant_theory,neiltyson,1
resonant_theory,universal_sci,1
retrofitlife21,PPathole,1
retrofitlife21,elonmusk,1
reycou_,sorgeweniger,1
rfactor2player1,elonmusk,1
rick1276zep,TimRunsHisMouth,1
rick1276zep,profgalloway,1
rickcatino,BarnettforAZ,1
rickcatino,elonmusk,1
rico_films,elonmusk,1
riden_biden,TexasTribune,1
riobadar,DarkNig87642995,1
riobadar,efenerr,1
rivera_lou,NovElection2024,2
rivera_lou,royeverett16,2
rivera_lou,sugartimexxx,2
rizwansheikh83,IBD_ECarson,1
rizwansheikh83,IBDinvestors,1
ro_rorz,tesla_rex,1
rob11563,elonmusk,1
rob_connections,jenkellyjen,1
robbhaifisch,TESLA_CREADOR,1
robdavmil,EvrybodynthrMom,1
robdavmil,GailAlfarATX,1
robdavmil,IheartTesla,1
robdavmil,JenniCurrent,1
robdavmil,Kristennetten,1
robdavmil,Tesla,1
robdavmil,TeslaOwnersEBay,1
robdavmil,blueskykites,1
robdavmil,daelmor,1
robdavmil,elonmusk,1
robdavmil,teslacn,1
robert_sobulo,business,1
robhanjr,Tesla,2
robhanjr,UndeadByTheSea,2
robhanjr,cis5YnJE607xzs5,2
robin202222,PPathole,1
robin202222,Tesla,1
robin202222,elonmusk,1
robinizing,PPathole,1
robinizing,Tesla,1
robinizing,elonmusk,1
robroberts32836,Amy_Siskind,1
robroberts32836,elonmusk,1
robroberts32836,frankjnovak,1
robroberts32836,itsJeffTiedrich,1
rocketlaunch997,Tesla,1
rocketlaunch997,cis5YnJE607xzs5,1
rocketrooster,RabbitThoughts,1
rockmen_Mk2,tesla_tesra,1
rocknrollrik_,labyrinthweaver,1
rocknrollrik_,tom_wellborn3,1
rockymotreas,greg16676935420,1
rodjpr,LucidMotors,1
rodjpr,Tesla,1
rodjpr,Tesla2Lucid,1
rodjpr,elonmusk,1
rodjpr,masegoslin,1
rogermill96,MikeSington,1
rogermill96,MotorCityDolls,1
rohanbkakde,EvrybodynthrMom,1
rohanbkakde,GailAlfarATX,1
rohanbkakde,IheartTesla,1
rohanbkakde,JenniCurrent,1
rohanbkakde,Kristennetten,1
rohanbkakde,Tesla,1
rohanbkakde,TeslaOwnersEBay,1
rohanbkakde,blueskykites,1
rohanbkakde,daelmor,1
rohanbkakde,elonmusk,1
rohanbkakde,teslacn,1
rolgarrison1,greg16676935420,1
rolviking,SawyerMerritt,1
rolviking,Tesla,1
rolviking,TeslaCharging,1
roranezia,Falconwingsnj,1
roranezia,Tesla,1
roranezia,greg16676935420,1
rorysmith89,elonmusk,1
rosccrna,EkasNaomi,2
rosccrna,Mark_Buchanan_,2
rosccrna,MediaLawProf,2
roundcatcrypto,ReliableGuru,1
roundcatcrypto,WatchingNFTS,1
rover0_,earcos,1
royalrogue8,Ushimimi,1
rppate1,elonmusk,1
rrrraul_,Alxx__04,1
rrrraul_,Tw_Gorizreigns,2
rrrraul_,_rafaspa,2
rrrraul_,beatrriizz_7,1
rrrraul_,hugoraher,1
rs911203,EvrybodynthrMom,1
rs911203,GailAlfarATX,1
rs911203,IheartTesla,1
rs911203,JenniCurrent,1
rs911203,Kristennetten,1
rs911203,Tesla,1
rs911203,TeslaOwnersEBay,1
rs911203,blueskykites,1
rs911203,daelmor,1
rs911203,elonmusk,1
rs911203,teslacn,1
rtmasog,EvrybodynthrMom,1
rtmasog,GailAlfarATX,1
rtmasog,IheartTesla,1
rtmasog,JenniCurrent,1
rtmasog,Kristennetten,1
rtmasog,Tesla,1
rtmasog,TeslaOwnersEBay,1
rtmasog,blueskykites,1
rtmasog,daelmor,1
rtmasog,elonmusk,1
rtmasog,teslacn,1
rtrach87,Philly4x4,1
rudyferraz,garrytan,1
rudymegens,Schellevis,1
runchu87,elonmusk,1
runner4745,elonmusk,1
runner4745,frankjnovak,1
runner4745,itsJeffTiedrich,1
runningrobderby,BjornNyland,1
runningrobderby,ElectrifyingCom,1
runningrobderby,Nickishields,1
runningrobderby,Tesla,1
runningrobderby,electricfelix,1
russlaraway,sweatystartup,1
rusty787711,WholeMarsBlog,1
rusty787711,elonmusk,1
rwa_,nytimes,1
ryan4830582,CYBRTRK420,1
ryan4830582,DirtyTesLa,1
ryan4830582,Tesla,1
ryan4830582,drummerjuice,1
ryan4830582,elonmusk,1
ryanz0rz,TheAlexisKraft,1
ryanz0rz,coldgamecrispy,1
ryanz0rz,elonmusk,1
rywilliams4379,EvrybodynthrMom,1
rywilliams4379,GailAlfarATX,1
rywilliams4379,IheartTesla,1
rywilliams4379,JenniCurrent,1
rywilliams4379,Kristennetten,1
rywilliams4379,Tesla,1
rywilliams4379,TeslaOwnersEBay,1
rywilliams4379,blueskykites,1
rywilliams4379,daelmor,1
rywilliams4379,elonmusk,1
rywilliams4379,pinon_frijoles,1
rywilliams4379,teslacn,1
s87240737,PPathole,1
s87240737,elonmusk,1
s87240737,punjiam,1
s91535262,ryota_tesla,1
sa_to65536,TESLA_no_TUNO,1
sadcinnati,GAdam89,2
sadcinnati,POTUS,2
sadcinnati,Palak29491336,2
sadcinnati,TazGweilo,2
sadcinnati,Tesla,2
sadcinnati,dhdbfie,2
sadcinnati,kriskaymc,2
sadcinnati,sixtyninefyeah,2
saeedbinmane,TheInsiderPaper,1
sagarparbatbhai,Tesla,2
sagarparbatbhai,TeslaClubAT,1
sagarparbatbhai,elonmusk,1
sagarparbatbhai,lovemesomemusk,1
sagarparbatbhai,teslaownersSV,1
sagebiel,NASASpaceflight,1
saitamaOg27,BeliveinCrypto,1
saitamaOg27,CryptoLucas27,1
saitamaOg27,LlegitB,1
saitamaOg27,Tony765755561,1
saitamaOg27,_cryptoHOV,1
saitamaOg27,crypto_addicto7,1
saitamaOg27,dro_eth,1
saitamaOg27,phaltron,1
saitamaOg27,tequila_pete,1
saku_zuckerberg,CNET,1
salajm,AverageDave6,1
salajm,Joysman200084,1
salajm,PPathole,3
salajm,Tesla,3
salajm,elonmusk,3
salajm,frantz_vilfort,1
salajm,kaminoean,1
salajm,nobrainbrandon2,2
salpral,HerrFekken,1
salvatore514193,WholeMarsBlog,1
salvatore514193,elonmusk,1
samYoga90733857,EvrybodynthrMom,1
samYoga90733857,GailAlfarATX,1
samYoga90733857,IheartTesla,1
samYoga90733857,JenniCurrent,1
samYoga90733857,Kristennetten,1
samYoga90733857,Tesla,1
samYoga90733857,TeslaOwnersEBay,1
samYoga90733857,blueskykites,1
samYoga90733857,daelmor,1
samYoga90733857,elonmusk,1
samYoga90733857,teslacn,1
sambanut,Falconwingsnj,2
sambanut,Tesla,3
sambanut,UWmontlaker,2
sambanut,lovemesomemusk,1
samhuppert,FaaipMusic,1
samhuppert,kairyssdal,1
samkitj00665401,EvrybodynthrMom,1
samkitj00665401,GailAlfarATX,1
samkitj00665401,IheartTesla,1
samkitj00665401,JenniCurrent,1
samkitj00665401,Kristennetten,1
samkitj00665401,Tesla,1
samkitj00665401,TeslaOwnersEBay,1
samkitj00665401,blueskykites,1
samkitj00665401,daelmor,1
samkitj00665401,elonmusk,1
samkitj00665401,teslacn,1
sana37mmt2,JAbEVShQ7P3hGG4,1
sana37mmt2,tesla_avs,1
sanjuthomas1102,SawyerMerritt,1
sanjuthomas1102,Tesla,1
sanjuthomas1102,TeslaCharging,1
sanjuthomas1102,WholeMarsBlog,2
sanjuthomas1102,garyblack00,1
sanjuthomas1102,guyday77,1
sanjuthomas1102,hikingskiing,1
sanketgate112,elonmusk,1
sap_bad,elonmusk,1
sarah_go_green,DirtyTesLa,1
sarah_go_green,JezD7588,1
sarah_go_green,Tesla,2
sarah_go_green,VisitLakeGeneva,1
sarah_go_green,mylakegeneva,1
sarahnaomi110,EvrybodynthrMom,1
sarahnaomi110,GailAlfarATX,1
sarahnaomi110,IheartTesla,1
sarahnaomi110,JenniCurrent,1
sarahnaomi110,Kristennetten,1
sarahnaomi110,Tesla,1
sarahnaomi110,TeslaOwnersEBay,1
sarahnaomi110,blueskykites,1
sarahnaomi110,daelmor,1
sarahnaomi110,elonmusk,1
sarahnaomi110,teslacn,1
sarnchos,TonamiPlayman,1
sarnchos,supermayor001,1
sarvottum,AfterDondaHours,1
sat050369294,_w4mY,1
sat050369294,mat2ate7,1
sat050369294,re_____19,1
sat050369294,ryota_tesla,2
sat050369294,tesla_kobe,3
satproDaniel,DriveTeslaca,1
savage21theboyl,elonmusk,1
sayno2gas,FthePump1,1
sayno2gas,Holley_News,1
sayno2gas,Rivian,1
sayno2gas,Tesla,1
sayno2gas,TeslaClubSoCal,1
sayno2gas,teslaownersSV,1
sayplaytopro,Tesla,1
sayplaytopro,elonmusk,1
sayplaytopro,tesla_adri,1
sbellidog,CarlosDG_Tesla,1
sc101_101,squawksquare,1
sceptet,EvrybodynthrMom,1
sceptet,GailAlfarATX,1
sceptet,IheartTesla,1
sceptet,JenniCurrent,1
sceptet,Kristennetten,1
sceptet,Tesla,1
sceptet,TeslaOwnersEBay,1
sceptet,blueskykites,1
sceptet,daelmor,1
sceptet,elonmusk,1
sceptet,teslacn,1
schmidlap2020,EvrybodynthrMom,1
schmidlap2020,GailAlfarATX,1
schmidlap2020,IheartTesla,1
schmidlap2020,JenniCurrent,1
schmidlap2020,Kristennetten,1
schmidlap2020,Tesla,1
schmidlap2020,TeslaOwnersEBay,1
schmidlap2020,blueskykites,1
schmidlap2020,daelmor,1
schmidlap2020,elonmusk,1
schmidlap2020,teslacn,1
scholzinator2,Juergen_Kaiser,1
schulzzy,LloydSchutz4,1
scidood,PPathole,1
scidood,elonmusk,1
scottCo74532974,Teslaconomics,1
scottwahlstrom,BostonEnginerd,1
scottwww,WholeMarsBlog,1
scottwww,garyblack00,1
scottwww,hikingskiing,1
scpenny506,EvrybodynthrMom,1
scpenny506,GailAlfarATX,1
scpenny506,IheartTesla,1
scpenny506,JenniCurrent,1
scpenny506,Kristennetten,1
scpenny506,Tesla,1
scpenny506,TeslaOwnersEBay,1
scpenny506,blueskykites,1
scpenny506,daelmor,1
scpenny506,elonmusk,1
scpenny506,teslacn,1
scragglebug,Ian_Darwin,1
scragglebug,Tesla,1
scragglebug,elonmusk,1
scriptlett,emilyrschmidt,1
seanofiachra,rfitz77,1
seanyhaf,elonmusk,1
sebbi,406_PK,1
sebbi,elonmusk,1
sebbi,ghmM_Europe,1
segmentis,justinbaragona,1
seltzergenius,AndyWallsQ,1
seltzergenius,ProblemSniper,1
serkinati,GustavoBolsa,1
servant4u,wutever___,1
seth_fin,EvrybodynthrMom,2
seth_fin,GailAlfarATX,2
seth_fin,IheartTesla,2
seth_fin,JenniCurrent,2
seth_fin,Kristennetten,2
seth_fin,Tesla,2
seth_fin,TeslaOwnersEBay,2
seth_fin,UlrichPro1,1
seth_fin,blueskykites,2
seth_fin,daelmor,2
seth_fin,elonmusk,2
seth_fin,teslacn,2
sgtesco,Tesla,2
sgtesco,TheDogeBird,2
shaas42,Kangaroo69F,1
shaas42,Osinttechnical,1
shadowymaus,Klingebeil,1
shankynemesis,TataMotors,1
shankynemesis,anandmahindra,1
shannonpeel1,JenBridgesRD,1
shanytc,Tesla2Lucid,1
shanytc,elonmusk,1
shanytc,jenniferatntd,1
shanytc,masegoslin,1
shanytc,teslaownersSV,1
sharkfrenzy,garyblack00,1
sharmakaa,squawksquare,1
shaunconyers,elonmusk,1
shawncarelli,WholeMarsBlog,1
shawncarelli,elonmusk,2
shayes99,argonne,1
shayes99,dailyherald,1
shibito117,Maks_Tesla,5
shikimori27,notaxyy,1
shinichi_fj,north_tesla,1
shinsuke617,PF_512_S_Modulo,1
shinsuke617,north_tesla,17
shintsetsu,RealisticBull,1
shintsetsu,laque_tess,1
shiori__mizuiro,Femto_Tesla,1
shitstain_m,EvrybodynthrMom,1
shitstain_m,GailAlfarATX,1
shitstain_m,IheartTesla,1
shitstain_m,JenniCurrent,1
shitstain_m,Kristennetten,1
shitstain_m,Tesla,1
shitstain_m,TeslaOwnersEBay,1
shitstain_m,blueskykites,1
shitstain_m,daelmor,1
shitstain_m,elonmusk,1
shitstain_m,teslacn,1
shoogahray,EvrybodynthrMom,1
shoogahray,GailAlfarATX,1
shoogahray,IheartTesla,1
shoogahray,JenniCurrent,1
shoogahray,Kristennetten,1
shoogahray,Tesla,1
shoogahray,TeslaOwnersEBay,1
shoogahray,blueskykites,1
shoogahray,daelmor,1
shoogahray,elonmusk,1
shoogahray,teslacn,1
shreyashkhole,Falconwingsnj,1
shreyashkhole,Tesla,1
sifredoA,roxyy603,1
simon_poppleton,squawksquare,1
sinsofIust,schlxmazel,1
sir_breaksalot,EvrybodynthrMom,1
sir_breaksalot,GailAlfarATX,1
sir_breaksalot,IheartTesla,1
sir_breaksalot,JenniCurrent,1
sir_breaksalot,Kristennetten,1
sir_breaksalot,Tesla,1
sir_breaksalot,TeslaOwnersEBay,1
sir_breaksalot,blueskykites,1
sir_breaksalot,daelmor,1
sir_breaksalot,elonmusk,1
sir_breaksalot,itsALLrisky,1
sir_breaksalot,teslacn,1
sirandson,BomsteinRick,1
sirandson,Matthew47467538,1
sirandson,MsMfrunker,1
sirandson,ScholarMonk,1
sirandson,sarbuttzie,1
sirochan4646,tesla_fwia,2
sirvilius,profgalloway,1
site_alpha,elonmusk,1
siwatanejo,Ben_deWaal,1
siwatanejo,MichaelAArouet,1
sja1956,ElecHighway,1
sja1956,MrMikeStanton,1
skatetdieu,elonmusk,1
skatetdieu,nomanautomata,1
skegrom,HaradinajRr,1
skegrom,MFASerbia,1
skinnysmallzzz,ISQUEEN__,1
slaba_martin,Bigby_Grimes,1
slaba_martin,LudekStanek,1
slasher_slvt,A7imd,1
slasher_slvt,KAMasse81,1
slasher_slvt,MEchibuogu,1
slasher_slvt,MitchyBoi3000,1
slasher_slvt,TheAlexisKraft,1
slasher_slvt,coldgamecrispy,1
slasher_slvt,elonmusk,2
slifante,ValeryValWho,1
slimerealhard,abeerong,1
slumdogmily,EvrybodynthrMom,1
slumdogmily,GailAlfarATX,1
slumdogmily,IheartTesla,1
slumdogmily,JenniCurrent,1
slumdogmily,Kristennetten,1
slumdogmily,Tesla,1
slumdogmily,TeslaOwnersEBay,1
slumdogmily,blueskykites,1
slumdogmily,daelmor,1
slumdogmily,elonmusk,1
slumdogmily,teslacn,1
small1ldy1,AhearnColeen,1
small1ldy1,Andy_Lea1964,1
small1ldy1,ArtKetterhagen1,1
small1ldy1,AuroraBlogspot,1
small1ldy1,BBockelbrink,1
small1ldy1,BSandersRipCity,1
small1ldy1,BrooksChloe732,1
small1ldy1,CDFleming5,1
small1ldy1,ChazDavis10,1
small1ldy1,D_Ericson,1
small1ldy1,FritsV4,1
small1ldy1,HLStockenstrom,1
small1ldy1,Infinty1001,1
small1ldy1,KerstinVockert,1
small1ldy1,KiKiPosting,1
small1ldy1,LRJ023,1
small1ldy1,LouGarza86,1
small1ldy1,MacleanJoyce,1
small1ldy1,MarilynSarelas,1
small1ldy1,MarkoSilberhand,1
small1ldy1,Meghanduggan1,1
small1ldy1,MyBoxerLuvMac1,1
small1ldy1,NoraNanza,1
small1ldy1,Numbers28,1
small1ldy1,OctoberFerguson,1
small1ldy1,benbrookjohn,1
small1ldy1,beth_monje,1
small1ldy1,chefjoelb,1
small1ldy1,colin_goodayle,1
small1ldy1,es_edwards,1
small1ldy1,hassib_haidar,1
small1ldy1,jennifersterri1,1
small1ldy1,kath_mcc,1
small1ldy1,kurtmac,1
small1ldy1,mac_gardiner12,1
small1ldy1,mrsbiffo01,1
small1ldy1,news_houndnc,1
small1ldy1,repsiw5,1
small1ldy1,skipz,1
smebcm,compaiRENE,1
smegmammut,lorelostit,1
smoke666_,MattWallace888,1
smoke666_,bluntly4242,1
smoke666_,elonmusk,1
smoke666_,fischer_price7,1
smsellinger,elonmusk,1
sn_kazakova11,TheBestAkaliEvr,1
sn_kazakova11,elonmusk,1
so_aquin,Juergen_Kaiser,1
so_aquin,Vanessa96154199,1
soapgawdstv,DogelonMars,1
soapgawdstv,Expo20222,1
soapgawdstv,KreeptoKid,1
soapgawdstv,elonmusk,1
soapgawdstv,mfoundation,1
sobchek_walter,TheEuroIsDoomed,1
sobchek_walter,bgrahamdisciple,1
sobchek_walter,rako_sebastian,1
socratesxoxo,DebeeMI,5
socratesxoxo,TheAlexisKraft,5
socratesxoxo,ThomasMoneyhon,5
socratesxoxo,coldgamecrispy,5
socratesxoxo,elonmusk,5
socratesxoxo,thefarcentrist,5
sona_altun,tulaygokcimen,1
sono106,TeeTee_tesla,2
sono106,nori_tesla,2
sonu2332,hikingskiing,1
soogyon,Kpop_ctzen,1
soumiks,Most_Maximus,1
specie84,EsquireEs,1
spideycyp_155,EvrybodynthrMom,1
spideycyp_155,GailAlfarATX,1
spideycyp_155,IheartTesla,1
spideycyp_155,JenniCurrent,1
spideycyp_155,Kristennetten,1
spideycyp_155,PPathole,1
spideycyp_155,SECGov,1
spideycyp_155,Tesla,1
spideycyp_155,TeslaOwnersEBay,1
spideycyp_155,blueskykites,1
spideycyp_155,daelmor,1
spideycyp_155,elonmusk,2
spideycyp_155,skorusARK,1
spideycyp_155,teslacn,1
spirillen_der,Kristian_Jensen,1
spirillen_der,hanstosti,1
spirillen_der,janravn2,1
spleck,Ashiga13,2
spleck,BLKMDL3,1
spleck,BenPossehl,1
spleck,DBurkland,1
spleck,DirtyTesLa,2
spleck,Tesla,2
spleck,elonmusk,2
spliffymagoo,Crypto_McKenna,1
sprogs,montana_skeptic,1
squawksquare,Tesla_Air_Bull,1
squawksquare,campbellbrianh1,1
squawksquare,jeffgent99,1
squirrel079,KLM,1
squirrel079,PieterOmtzigt,1
squirrel079,Tesla,1
squirrel079,lientje1967,1
squirrel079,pvd_toekomst,1
sridhar_kondoji,KTRTRS,1
sselrehtaef,PierrePoilievre,1
ssmatthews83,Pi314159265351,1
ssmatthews83,squawksquare,1
ssnd292,LudgerWess,1
ssnd292,Quantensalat,1
ssnd292,Tesla,1
ssnd292,methylcytosine,1
ssnefru,KaiWakamela,1
ssnefru,Tesla_galen,1
sspencer_smb,WholeMarsBlog,1
stalker89628593,ElectrifyAm,1
stalker89628593,tommolog,1
standbyhero,EvrybodynthrMom,1
standbyhero,GailAlfarATX,1
standbyhero,IheartTesla,1
standbyhero,JenniCurrent,1
standbyhero,Kristennetten,1
standbyhero,Tesla,1
standbyhero,TeslaOwnersEBay,1
standbyhero,blueskykites,1
standbyhero,daelmor,1
standbyhero,elonmusk,1
standbyhero,teslacn,1
standingRock6,ElliotKane,1
standingRock6,EltricThunder,3
standingRock6,PPathole,1
standingRock6,Tesla,3
standingRock6,Timcast,1
standingRock6,WR4NYGov,3
standingRock6,WholeMarsBlog,3
standingRock6,cis5YnJE607xzs5,3
standingRock6,elonmusk,1
standingRock6,longtoad1789,2
standingRock6,magneaus,2
standingRock6,stevenmarkryan,3
standingRock6,therealkylefrid,1
standing_todd,elonmusk,1
stantradingman,RealDanODowd,1
stantradingman,Tesla,1
stantradingman,elonmusk,1
star95011,EvrybodynthrMom,1
star95011,GailAlfarATX,1
star95011,IheartTesla,1
star95011,JenniCurrent,1
star95011,Kristennetten,1
star95011,Tesla,1
star95011,TeslaOwnersEBay,1
star95011,blueskykites,1
star95011,daelmor,1
star95011,elonmusk,1
star95011,teslacn,1
starrlosangeles,emilyrschmidt,1
starshine_3,EvrybodynthrMom,1
starshine_3,GailAlfarATX,1
starshine_3,IheartTesla,1
starshine_3,JenniCurrent,1
starshine_3,Kristennetten,1
starshine_3,Tesla,1
starshine_3,TeslaOwnersEBay,1
starshine_3,blueskykites,1
starshine_3,daelmor,1
starshine_3,elonmusk,1
starshine_3,teslacn,1
starvedbillion,EvrybodynthrMom,1
starvedbillion,GailAlfarATX,1
starvedbillion,IheartTesla,1
starvedbillion,JenniCurrent,1
starvedbillion,Kristennetten,1
starvedbillion,Tesla,1
starvedbillion,TeslaOwnersEBay,1
starvedbillion,blueskykites,1
starvedbillion,daelmor,1
starvedbillion,elonmusk,1
starvedbillion,teslacn,1
stbr0510,DirtyTesLa,1
stbr0510,QuashieShine,1
stbr0510,Tesla,1
stbr0510,aptera_motors,1
stbr0510,elonmusk,1
stbr0510,teslacarsonly,1
stbrandcannabis,GailAlfarATX,1
stbrandcannabis,IheartTesla,1
stbrandcannabis,JenniCurrent,1
stbrandcannabis,Kristennetten,1
stbrandcannabis,Tesla,1
stbrandcannabis,TeslaOwnersEBay,1
stbrandcannabis,blueskykites,1
stbrandcannabis,daelmor,1
stbrandcannabis,elonmusk,1
stbrandcannabis,teslacn,1
steaminbriefs,TheRandom_Guy_,1
steaminbriefs,elonmusk,1
stegenan,Mike_Drop1,1
stenboo,FinanceSmitty,2
stephenadami,elonmusk,1
stephev09857915,EvrybodynthrMom,1
stephev09857915,GailAlfarATX,1
stephev09857915,IheartTesla,1
stephev09857915,JenniCurrent,1
stephev09857915,Kristennetten,1
stephev09857915,Tesla,1
stephev09857915,TeslaOwnersEBay,1
stephev09857915,blueskykites,1
stephev09857915,daelmor,1
stephev09857915,elonmusk,1
stephev09857915,teslacn,1
steve41369396,squawksquare,1
steveOber2280,elonmusk,1
stevebloom55,DecisionLab,1
stevebloom55,Tesla,1
stevedirkx,AdamCarollaShow,1
stevedirkx,BaldBryan,1
stevedirkx,DawsAngeles,1
stevedirkx,GinaGrad,1
stevedirkx,Jennife79930479,1
stevedirkx,adamcarolla,1
stevedirkx,chrislaxamana,1
stevelevine,OmniCurious,2
stevelevine,momotagg,2
steven_web,kpellegr,1
stevenvill_,siIIymonkey,1
stewart_jeromy,MrBeast,1
stewart_jeromy,elonmusk,1
stewdean,ElectrifyAm,1
stewdean,Tesla,1
stewdean,djohnstonpax,1
stewdean,elonmusk,1
stewdean,tommolog,1
stfu_rahull,abhiandniyu,1
sticktofacts1,EvrybodynthrMom,1
sticktofacts1,GailAlfarATX,1
sticktofacts1,IheartTesla,1
sticktofacts1,JenniCurrent,1
sticktofacts1,Kristennetten,1
sticktofacts1,Tesla,1
sticktofacts1,TeslaOwnersEBay,1
sticktofacts1,blueskykites,1
sticktofacts1,daelmor,1
sticktofacts1,elonmusk,1
sticktofacts1,teslacn,1
stiffsthoughts,JonErlichman,1
stiffsthoughts,loveallaroundu,1
stillnef46,NFTTheGreeks,1
stillnef46,lonelybeasts,1
stockmum,Finanzlehrling,4
stockmum,aktienmessie,1
stockmum,fipsyfip,4
stojanka_presl,man_norwegian,1
stonecold2000,azumahiroshijp,1
stonecold2000,doragonhill,1
stonecold2000,kentaqn,1
stonkfoods,elonmusk,1
strive98933134,akidesir,1
stuartf100,elonmusk,1
studioalon_jem,TeeTee_tesla,1
studioalon_jem,north_tesla,1
subach,C_S_Skeptic,1
subach,fly4dat,1
subach,phoennix10,1
subins,SawyerMerritt,1
subins,Tesla,1
subins,TeslaCharging,1
sucamypeen,elonmusk,1
sucamypeen,weirdcato_7,1
sudi520521,OptimusTesla_io,1
sudi520521,Tesla,1
sudi520521,elonmusk,1
sugartimexxx,NovElection2024,1
sugartimexxx,rivera_lou,1
sugartimexxx,royeverett16,1
sugarylud,pyrodropcii,2
sunnycorax,NHTSAgov,1
sunnycorax,Paul91701736,1
sunnycorax,pointlessPhD,1
superhuevo__,DimaZeniuk,1
superhuevo__,Tesla,1
superhuevo__,elonmusk,1
supermanmobiel,LeoniqueUnique,1
susannereichold,EvrybodynthrMom,1
susannereichold,GailAlfarATX,1
susannereichold,IheartTesla,1
susannereichold,JenniCurrent,1
susannereichold,Kristennetten,1
susannereichold,Tesla,1
susannereichold,TeslaOwnersEBay,1
susannereichold,blueskykites,1
susannereichold,daelmor,1
susannereichold,elonmusk,1
susannereichold,teslacn,1
sushisevmem,merBr9,1
sushisevmem,mesutbahtiyar35,1
sushisevmem,tokcem,1
susilee_dean,elonmusk,1
svgdreamer,JJ_McCullough,1
swanee9663,SecretDecipherd,1
sweetdudebro,Justin__NC,1
sweetdudebro,elonmusk,1
sweetdudebro,glasfurd31,1
sweetpeabalcony,rogguronium,1
syasathv,jjkmuggle,1
syed_tayal,EvrybodynthrMom,1
syed_tayal,GailAlfarATX,1
syed_tayal,IheartTesla,1
syed_tayal,JenniCurrent,1
syed_tayal,Kristennetten,1
syed_tayal,Tesla,1
syed_tayal,TeslaOwnersEBay,1
syed_tayal,blueskykites,1
syed_tayal,daelmor,1
syed_tayal,elonmusk,1
syed_tayal,teslacn,1
t0roar,MatthwETH,1
t3live,EvrybodynthrMom,1
t3live,GailAlfarATX,1
t3live,IheartTesla,1
t3live,JenniCurrent,1
t3live,Kristennetten,1
t3live,Tesla,1
t3live,TeslaOwnersEBay,1
t3live,blueskykites,1
t3live,daelmor,1
t3live,elonmusk,1
t3live,teslacn,1
tacuru007,DirtyTesLa,1
tacuru007,FermisSocks,1
tacuru007,tesla_adri,2
tagalag_hermie,Falconwingsnj,1
tagalag_hermie,Tesla,1
takach4nluvr,louv3nar,1
takkan_sf,Model3Life,1
takkan_sf,TeeTee_tesla,2
takkan_sf,model3yokohama,1
takkan_sf,studioalon_jem,1
talesftf,EvrybodynthrMom,1
talesftf,GailAlfarATX,1
talesftf,IheartTesla,1
talesftf,JenniCurrent,1
talesftf,Kristennetten,1
talesftf,Tesla,1
talesftf,TeslaOwnersEBay,1
talesftf,blueskykites,1
talesftf,daelmor,1
talesftf,elonmusk,2
talesftf,pip_net,1
talesftf,teslacn,1
talexb,rhh,1
tamera,rhh,1
tamera,talexb,1
tammy8ok,realbackinstyIe,1
tastybits,Tesla,1
tastybits,amazonholder1,1
tastybits,ashwinibirla,1
tastybits,elonmusk,1
tayshyan,1st_BTC_Oracle,1
tayshyan,Most_Maximus,1
tayshyan,RubinhoISR,1
team__hug,elonmusk,1
techlover52,EveryRightTo,1
techman01,brandenflasch,1
tehlike,Mr_Bessette,2
tehlike,elonmusk,2
tehlike,nbazer0,2
tejadaantonatos,bonchieredstate,1
tejadaantonatos,clalexr,1
tejadaantonatos,wippzi,1
tekiller2003,EvrybodynthrMom,1
tekiller2003,GailAlfarATX,1
tekiller2003,IheartTesla,1
tekiller2003,JenniCurrent,1
tekiller2003,Kristennetten,1
tekiller2003,Tesla,1
tekiller2003,TeslaOwnersEBay,1
tekiller2003,blueskykites,1
tekiller2003,daelmor,1
tekiller2003,elonmusk,1
tekiller2003,teslacn,1
telefontelaviv,_marcinja,1
telefontelaviv,dystopiabreaker,1
tenkang2001,TaylorOgan,1
terrichamp,Azbrian0317,1
terrichamp,davidmweissman,1
terrichamp,elonmusk,1
terrorinplanet,ValeryValWho,1
tervavau,ZiyyigoTipyigo,1
tervavau,kamilkazani,1
tes1m211,28delayslater,1
tes1m211,Avatrode,1
tes1m211,tesla_adri,1
tes1m211,tesla_jokes,2
teshen8lin,ButTsla,1
teshen8lin,ClaudioSaleta,1
teshen8lin,Tesla_Dawg,1
tesla10trillion,LayneHeiny,1
tesla10trillion,Machovell1an,1
tesla10trillion,Most_Maximus,1
tesla10trillion,lussaIRL,1
tesla10trillion,madonnajen,1
teslaTARDIS,SawyerMerritt,1
tesla_adri,BB4ll,3
tesla_adri,DBurkland,1
tesla_adri,Ironman_E,2
tesla_adri,MFrunker,1
tesla_adri,Tesla,7
tesla_adri,TeslaOwnersUK,1
tesla_adri,Wondzinski,1
tesla_adri,elonmusk,7
tesla_adri,hallomakke,2
tesla_adri,jesseb4me,1
tesla_adri,raffaeru,2
tesla_jokes,DivingDeveloper,1
tesla_jokes,DriveTeslaca,1
tesla_jokes,SpaceX,1
tesla_jokes,Tesla,1
tesla_jokes,TeslaUpdateInfo,1
tesla_jokes,elonmusk,1
tesla_jokes,joexn,1
teslah_sg,dani_elle831,1
teslanatrix,99brownKaryl,2
teslanatrix,PauljHorton,2
teslanatrix,R6Alex,2
teslanatrix,Tesla,2
teslanatrix,TeslaDiva99,2
teslanatrix,WhatsupFranks,2
teslanatrix,atk0506,2
teslanatrix,blueskykites,2
teslanatrix,captainarve,1
teslanatrix,hope4494,2
teslaownersSV,EvrybodynthrMom,1
teslaownersSV,GailAlfarATX,1
teslaownersSV,IheartTesla,1
teslaownersSV,JenniCurrent,1
teslaownersSV,Kristennetten,1
teslaownersSV,Tesla,1
teslaownersSV,TeslaOwnersEBay,1
teslaownersSV,blueskykites,1
teslaownersSV,daelmor,1
teslaownersSV,elonmusk,1
teslaownersSV,teslacn,1
teslaswe,TeslaCharging,1
teslaswe,WholeMarsBlog,1
teslaswe,alex_avoigt,1
teslatrove,LucidMotors,1
teslatrove,Tesla,1
teslatrove,Tesla2Lucid,1
teslatrove,elonmusk,1
teslatrove,masegoslin,1
teslavangelist,DanielCMarvin1,1
teslavangelist,DirtyTesLa,1
teslavangelist,PinballReed,1
teslavangelist,Tesla,2
teslavangelist,elonmusk,1
testrooper,WholeMarsBlog,1
testrooper,garyblack00,1
testrooper,hikingskiing,1
testthewest123,sorgeweniger,1
tetirolachola,TESLA_CREADOR,1
th3y0rsh,Audi,1
th3y0rsh,DougKimbrough,1
th3y0rsh,Ford,1
th3y0rsh,MercedesBenz,1
th3y0rsh,PolestarCars,1
th3y0rsh,Porsche,1
th3y0rsh,VW,1
th3y0rsh,brandenflasch,1
th3y0rsh,volvocars,1
th_dragon_rider,Uttupaaji,1
thanosmiss235,Abstrvct,1
thanosmiss235,Curttmfg,1
thanosmiss235,cryptomemegod,1
thanosmiss235,xApokalypse,1
thatdogegirl,EvrybodynthrMom,1
thatdogegirl,GailAlfarATX,1
thatdogegirl,IheartTesla,1
thatdogegirl,JenniCurrent,1
thatdogegirl,Kristennetten,1
thatdogegirl,Tesla,1
thatdogegirl,TeslaOwnersEBay,1
thatdogegirl,blueskykites,1
thatdogegirl,daelmor,1
thatdogegirl,elonmusk,1
thatdogegirl,teslacn,1
theAJspeaks,Aiken356203001,1
theAJspeaks,MattWallace888,1
theAJspeaks,elonmusk,1
theAJspeaks,fischer_price7,1
theBigfoot2nd,AtomicSynthesis,1
theCRE4MPIE,blovereviews,1
theDaveMorrison,CalBlack_,1
theDaveMorrison,SimeonidisSteve,1
theDaveMorrison,Tesla,1
theDaveMorrison,business,1
theDaveMorrison,ken1007tpgcoma1,1
theMARBLEsoup,elonmusk,1
theNavyBratt,FPWellman,1
thePike_1,FthePump1,1
thePike_1,Holley_News,1
thePike_1,JoshWest247,1
thePike_1,Lucid,1
thePike_1,LucidMotors,1
thePike_1,Tesla,1
thePike_1,Tesla2Lucid,1
thePike_1,TeslaClubSoCal,1
thePike_1,TwixDaPoodle,1
thePike_1,masegoslin,1
the_Alex_Murphy,Felicitas73_,1
the_Alex_Murphy,la_cambicha,1
the_breezyp,HaloandYGO,1
the_writegirl_,EMUjiadughele,1
thebigjohnnyd,manjusrii,1
thedarkriderr,SwapnanilDas14,1
thedarkriderr,achalkhare34,1
thedarkriderr,carkmpk,1
thedarkriderr,denoexp,1
thedarkriderr,hkp__19,1
thedarkriderr,inavneet_pandey,1
thedarkriderr,sidhant,1
thefarcentrist,DebeeMI,3
thefarcentrist,Melnyks_Liver,1
thefarcentrist,ThatsGoing,1
thefarcentrist,TheAlexisKraft,5
thefarcentrist,ThomasMoneyhon,5
thefarcentrist,coldgamecrispy,5
thefarcentrist,elonmusk,5
thefarcentrist,max_roi,2
thefarcentrist,socratesxoxo,2
thefoolisyoufoo,elonmusk,1
thefuzz247,FermisSocks,1
thefuzz247,WholeMarsBlog,1
thefuzz247,garyblack00,1
thefuzz247,hikingskiing,1
thegreentexan1,ArkadiuszKula,1
theholiestbacon,EvrybodynthrMom,1
theholiestbacon,GailAlfarATX,1
theholiestbacon,IheartTesla,1
theholiestbacon,JenniCurrent,1
theholiestbacon,Kristennetten,1
theholiestbacon,Tesla,1
theholiestbacon,TeslaOwnersEBay,1
theholiestbacon,bellausa17,1
theholiestbacon,blueskykites,1
theholiestbacon,daelmor,1
theholiestbacon,elonmusk,1
theholiestbacon,teslacn,1
themis_mag,elonmusk,1
themohammeda,histories_arch,1
thenewc0l0mb0,garyblack00,1
theonemansho,TheAlexisKraft,1
theonemansho,coldgamecrispy,1
theonemansho,elonmusk,1
thepaulkerton,Falconwingsnj,2
thepaulkerton,Tesla,2
thepeacfulbully,btaylor,1
thepeacfulbully,paraga,1
therebemonster,EvrybodynthrMom,1
therebemonster,GailAlfarATX,1
therebemonster,IheartTesla,1
therebemonster,JenniCurrent,1
therebemonster,Kristennetten,1
therebemonster,Tesla,1
therebemonster,TeslaOwnersEBay,1
therebemonster,blueskykites,1
therebemonster,daelmor,1
therebemonster,elonmusk,1
therebemonster,teslacn,1
theschnell3,EvEvangelist,1
theseoldhomes,Abstrvct,1
theseoldhomes,cryptomemegod,1
theshriphalle99,Falconwingsnj,1
theshriphalle99,Tesla,1
thesithlord66,LucidMotors,1
thesithlord66,Tesla,1
thesithlord66,Tesla2Lucid,1
thesithlord66,elonmusk,1
thesithlord66,masegoslin,1
theslickapache,elonmusk,1
thetunamoney,greg16676935420,1
thetwitabides,EvrybodynthrMom,1
thetwitabides,GailAlfarATX,1
thetwitabides,IheartTesla,1
thetwitabides,JenniCurrent,1
thetwitabides,Kristennetten,1
thetwitabides,Tesla,1
thetwitabides,TeslaOwnersEBay,1
thetwitabides,blueskykites,1
thetwitabides,daelmor,1
thetwitabides,elonmusk,1
thetwitabides,teslacn,1
thiagoogfg,enzoowyd,1
thick_or_slim,BatterySolid,1
thick_or_slim,Exuptoy,1
thick_or_slim,HemButs,1
thick_or_slim,TonamiPlayman,1
thinkingcui,Jam79922967,1
thomas55730462,Most_Maximus,1
thomasgerlach,MadTr8r,1
thomasgerlach,PJ_Matlock,1
thomasgerlach,dani_elle831,1
thomasgerlach,elonmusk,1
thomasgerlach,itsonlymoney12,1
thomasgerlach,nope_its_lily,1
thomasgerlach,southbaytrading,1
thomasgerlach,still_flows,1
thomasruge,elonmusk,1
threechordme,BigDicksPickz,1
threechordme,GenX_ftw,1
threechordme,MattWallace888,1
threechordme,elonmusk,1
threechordme,fischer_price7,1
thyAshes,EltricThunder,1
thyAshes,NebtuneFGC,1
thyAshes,Tesla,4
thyAshes,adamhoov,1
thyAshes,aj_gar,1
thyAshes,clawdiache,1
tim3048,EvrybodynthrMom,1
tim3048,GailAlfarATX,1
tim3048,IheartTesla,1
tim3048,JenniCurrent,1
tim3048,Kristennetten,1
tim3048,Tesla,1
tim3048,TeslaOwnersEBay,1
tim3048,blueskykites,1
tim3048,daelmor,1
tim3048,elonmusk,1
tim3048,teslacn,1
tim4hire,HILITINGHOCKEY,1
tim4hire,mantalicious,1
tiptopstop,MollyJongFast,1
tiptopstop,lovebscott,1
tiromompati,elonmusk,1
titter42069,Jane_Doe_Dead,1
titter42069,RickMcIntosh16,1
titter42069,SawyerMerritt,1
titter42069,brevolve,1
titter42069,elonmusk,2
titter42069,greg16676935420,1
titter42069,thomasgerlach,1
tlake11,iliketeslas,1
tlasCore,Christi18834355,1
tmdq,OliverSild,2
tmykeyt53,GM,1
tobi_ohne_bo,marcelbohn,1
tobi_ohne_bo,olewin,1
tobitoyoe,tesla_kairi,1
tobstario,FinanceSmitty,1
toholio,decryption,1
tom_zeh,DiedrichLeander,1
tom_zeh,bennetkrause,1
tomasz_jakub,Tesla,1
tomasz_jakub,Teslarati,1
tomasz_jakub,elonmusk,1
tomasz_jakub,wojcikofficial,1
tomcheater,RickMcIntosh16,1
tomcheater,elonmusk,1
tomcheater,greg16676935420,1
tomekt76,NaWodzie,1
tomic011,Milan54541,1
tomic011,slobodangrubisa,1
ton_aarts,JaimyFox,1
ton_aarts,StansaidAirport,1
ton_aarts,Tesla,1
ton_aarts,carlos_galan01,1
ton_aarts,elonmusk,1
tonistankovic,pedja_supurovic,1
tonyectoplasma,TESLA_CREADOR,1
tora3MGL,tesla_kairi,2
toritamaMH,tesla_coil1911,3
towherenoway,elonmusk,1
tradenewsman,FthePump1,1
tradenewsman,LucidMotors,1
tradenewsman,Tesla,1
tradenewsman,Tesla2Lucid,1
tradenewsman,TeslaChillMode,1
tradenewsman,TeslaClubSoCal,1
tradenewsman,masegoslin,1
traderbonk,RealisticBull,1
tradersaabir,Amy_Siskind,1
trains_choochoo,MikeIsaac,1
trains_choochoo,seldo,1
transcendgrowth,LucidMotors,1
transcendgrowth,Tesla,1
transcendgrowth,Tesla2Lucid,1
transcendgrowth,elonmusk,1
transcendgrowth,masegoslin,1
transporterx,HeavenScent88,1
travis_wyrick,EvrybodynthrMom,1
travis_wyrick,GailAlfarATX,1
travis_wyrick,IheartTesla,1
travis_wyrick,JenniCurrent,1
travis_wyrick,Kristennetten,1
travis_wyrick,Tesla,1
travis_wyrick,TeslaOwnersEBay,1
travis_wyrick,aaronglz23,1
travis_wyrick,blueskykites,1
travis_wyrick,daelmor,1
travis_wyrick,elonmusk,1
travis_wyrick,teslacn,1
travishou713,ElonJet,1
travishou713,btrotta,1
travjax71,TravelTeslaDad,1
treasonstickers,elonmusk,1
treetale,RickMcIntosh16,1
treetale,elonmusk,1
treetale,greg16676935420,1
tricky5515,elonmusk,1
trickymctrick,Most_Maximus,1
trioxic,MattWallace888,1
trioxic,elonmusk,1
trmpstr,EisOnMN,1
trojantortoise,SunGlazer,1
trueBlackMatrix,EPavlic,1
trueBlackMatrix,EvaFoxU,1
trueBlackMatrix,SawyerMerritt,1
trueBlackMatrix,Tesla,1
trueBlackMatrix,TeslaNY,1
trueBlackMatrix,TeslaOwnersEBay,1
trueBlackMatrix,WholeMarsBlog,1
trueBlackMatrix,elonmusk,1
trueBlackMatrix,klwtts,1
trueBlackMatrix,mayemusk,1
trueBlackMatrix,teslaownersSV,1
trustinthelordw,DimaZeniuk,1
trustinthelordw,Tesla,1
trustinthelordw,elonmusk,1
tryingtamakeit,Belatoshi,1
tsgn13579,elonmusk,1
tsungxu,BenmRob,1
tsungxu,CJHandmer,1
tsungxu,HSouthwellFE,1
tuarekpri33,TituTweets_,1
tuarekpri33,elonmusk,1
turbulentsci,ElonJet,1
turbulentsci,lor1961,1
turkishmaid,R_A_T_G_S,1
turtles_Roll,WifeyAlpha,1
turtles_Roll,alCamel77,1
tutufamilyoffi1,Falconwingsnj,1
tutufamilyoffi1,Tesla,1
tutufamilyoffi1,alex_avoigt,1
tutufamilyoffi1,oneiropagides,1
tweet_sanjukta,davidstachon,1
tweet_sanjukta,nytimes,1
tweeter_bee,elonmusk,1
txkym,EvrybodynthrMom,1
txkym,GailAlfarATX,1
txkym,IheartTesla,1
txkym,JenniCurrent,1
txkym,Kristennetten,1
txkym,Tesla,1
txkym,TeslaOwnersEBay,1
txkym,blueskykites,1
txkym,daelmor,1
txkym,elonmusk,1
txkym,occupymars42069,1
txkym,teslacn,1
u110110,TeslaStars,2
u110110,raffaeru,2
u110110,tesla_adri,2
uKcRdIgcedbtoa9,north_tesla,1
uShallSee,_opAs_na,1
ufo_johnny,elonmusk,1
uheart_ayah,benoftheweek,1
ukaIRISa1986,elonmusk,1
umbbv,elonmusk,1
un_wellington,3YearLetterman,1
un_wellington,AbbeyRoad610,1
un_wellington,elonmusk,1
uncle_mango7,brawngpf1team,1
unfoldedbeagle,Messier_87_,1
unfoldedbeagle,fly4dat,1
unicastore_usa,1Nanasmomma,1
unicastore_usa,ArrowVG,3
unicastore_usa,BillyM2k,3
unicastore_usa,ConsoleLogLuke,3
unicastore_usa,HowardBlandy34_,3
unicastore_usa,JKOBsTweets,3
unicastore_usa,Mani12811220,3
unicastore_usa,MeekMillPR,3
unicastore_usa,SKumar44395577,3
unicastore_usa,SubstructureDek,3
unicastore_usa,Todd34384165,3
unicastore_usa,ZakKellar,3
unicastore_usa,antlim24,3
unicastore_usa,bottom_market,3
unicastore_usa,crickdrinker,3
unicastore_usa,dark_kn1ght47,3
unicastore_usa,delaney1986,1
unicastore_usa,drawlos316,3
unicastore_usa,elonmusk,4
unicastore_usa,erikbryn,3
unicastore_usa,fuckinbotfr,3
unicastore_usa,hamilton_614,3
unicastore_usa,rawcrawjaw,3
unicastore_usa,robotelon,3
unicomp21,elonmusk,1
unicornflyers,BarnettforAZ,1
unicornflyers,elonmusk,1
unimpressedheli,SugaSeanMMA,1
unpococlint,Cienciaymas_,1
unpococlint,Starflag101,1
ursusma54713279,elonmusk,1
ursusma54713279,teslaownersSV,1
utenaemu,tec_world_,1
uturn0427,RickMcIntosh16,1
uturn0427,arineus34,1
uturn0427,elonmusk,1
uturn0427,greg16676935420,1
valensantacruzg,jenigg4,1
valoutsai38,fly4dat,1
varbmos,AJEnglish,1
varbmos,AaronGorga,1
varbmos,AlbertoBarberaF,1
varbmos,Bubblebathgirl,3
varbmos,DobackHuffInc,1
varbmos,LucidMotors,1
varbmos,StoopKidzNFT,3
varbmos,Tesla,2
varbmos,Tesla2Lucid,1
varbmos,VickiBryanBondA,1
varbmos,adamllui,3
varbmos,btc,1
varbmos,business,1
varbmos,el_rei_gabriel,1
varbmos,elonmusk,2
varbmos,masegoslin,1
varbmos,mmpadellan,1
varbmos,mohsincMD,1
vavadada8075,man_norwegian,1
vborrison,Alwinart,1
vborrison,BLKMDL3,1
vborrison,DirtyTesLa,1
vborrison,EvaFoxU,1
vborrison,Kristennetten,1
vborrison,LimitingThe,1
vborrison,RenataKonkoly,1
vborrison,TSLAFanMtl,1
vborrison,ZacksJerryRig,1
vborrison,freshjiva,1
vborrison,ryanshawtech,1
ventiqx,Apple,1
ventiqx,JonErlichman,1
ventiqx,Tesla,1
ventiqx,baisketball,1
ventiqx,elonmusk,1
verito_uy,Cienciaymas_,1
verito_uy,rodrigo21609145,1
verito_uy,yearclock,1
vesperia1985,TESLA_no_TUNO,4
vespers22,EvrybodynthrMom,1
vespers22,GailAlfarATX,1
vespers22,IheartTesla,1
vespers22,JenniCurrent,1
vespers22,Kristennetten,1
vespers22,Tesla,1
vespers22,TeslaOwnersEBay,1
vespers22,blueskykites,1
vespers22,daelmor,1
vespers22,elonmusk,1
vespers22,teslacn,1
vibe_violet,EvrybodynthrMom,1
vibe_violet,GailAlfarATX,1
vibe_violet,IheartTesla,1
vibe_violet,JenniCurrent,1
vibe_violet,Kristennetten,1
vibe_violet,Tesla,1
vibe_violet,TeslaOwnersEBay,1
vibe_violet,blueskykites,1
vibe_violet,daelmor,1
vibe_violet,elonmusk,1
vibe_violet,teslacn,1
victorodev,weirddalle,1
vijaysarvaiya73,EvrybodynthrMom,1
vijaysarvaiya73,GailAlfarATX,1
vijaysarvaiya73,IheartTesla,1
vijaysarvaiya73,JenniCurrent,1
vijaysarvaiya73,Kristennetten,1
vijaysarvaiya73,Tesla,1
vijaysarvaiya73,TeslaOwnersEBay,1
vijaysarvaiya73,blueskykites,1
vijaysarvaiya73,daelmor,1
vijaysarvaiya73,elonmusk,1
vijaysarvaiya73,teslacn,1
vikram_Singh002,momtina8888,1
vinchie_cebu,EvrybodynthrMom,1
vinchie_cebu,GailAlfarATX,1
vinchie_cebu,IheartTesla,1
vinchie_cebu,JenniCurrent,1
vinchie_cebu,Kristennetten,1
vinchie_cebu,Tesla,1
vinchie_cebu,TeslaOwnersEBay,1
vinchie_cebu,blueskykites,1
vinchie_cebu,daelmor,1
vinchie_cebu,elonmusk,1
vinchie_cebu,teslacn,1
vll1ua,2015_tesla,2
vll1ua,kollapsonlaine,2
voidxvoid,CenterRightBlak,1
voidxvoid,Lisa1062,1
voidxvoid,RafaWartel,1
voidxvoid,deezhips,1
voidxvoid,elonmusk,1
voidxvoid,mn_google,1
voidxvoid,pantyboysama,1
voigtstr,Teslaconomics,1
volkankarabagli,Berkan_Bayram,1
volkankarabagli,LucidMotors,1
volkankarabagli,Tesla,1
vongdara_zack,PPathole,1
vongdara_zack,Tesla,1
vongdara_zack,elonmusk,1
vraivasteamour,elonmusk,1
vrij_en_geen_QR,ForeignPacifist,1
vrij_en_geen_QR,KLM,1
vrij_en_geen_QR,PieterOmtzigt,1
vrij_en_geen_QR,Tesla,1
vrij_en_geen_QR,lientje1967,1
vrij_en_geen_QR,pvd_toekomst,1
vtipil_tom,MirekTopolanek,1
vtipil_tom,Old_Bene,1
vtipil_tom,michalpur,1
vukazic,man_norwegian,1
vvvvvictoria_,SnazzyQ,1
vvvvvictoria_,Tesla,1
vvvvvictoria_,elonmusk,1
vvvvvictoria_,rarelyserious,1
vyaspnk,WholeMarsBlog,1
vyaspnk,garyblack00,1
vyaspnk,hikingskiing,1
w_mccan,FortuneMagazine,1
w_mccan,Tesla,1
wagner_rob,EvrybodynthrMom,1
wagner_rob,GailAlfarATX,1
wagner_rob,IheartTesla,1
wagner_rob,JenniCurrent,1
wagner_rob,Kristennetten,1
wagner_rob,Tesla,1
wagner_rob,TeslaOwnersEBay,1
wagner_rob,blueskykites,1
wagner_rob,daelmor,1
wagner_rob,elonmusk,2
wagner_rob,teslacn,1
walterbakesbeds,JD88791146,1
walterbakesbeds,SyncLt,1
walterbakesbeds,TheAlexisKraft,1
walterbakesbeds,coldgamecrispy,1
walterbakesbeds,elonmusk,1
walterbakesbeds,serfandvolley,1
wanda_hudson,DirtyTesLa,1
wanda_hudson,EvasTeslaSPlaid,1
wanda_hudson,TESLA_is_TREX,1
wanda_hudson,Tesla,1
wanda_hudson,bevedoni,1
wanda_hudson,elonmusk,1
wang_wang494,waitbutwhy,1
wangeuihong1,EvrybodynthrMom,1
wangeuihong1,GailAlfarATX,1
wangeuihong1,IheartTesla,1
wangeuihong1,JenniCurrent,1
wangeuihong1,Kristennetten,1
wangeuihong1,Tesla,1
wangeuihong1,TeslaOwnersEBay,1
wangeuihong1,blueskykites,1
wangeuihong1,daelmor,1
wangeuihong1,elonmusk,1
wangeuihong1,teslacn,1
warriorsaresoft,BuckleUpBrandon,1
waterdropangels,Tesla,1
waterdropangels,elonmusk,1
waterdropangels,tesla_adri,1
waywardsuol,EvrybodynthrMom,1
waywardsuol,GailAlfarATX,1
waywardsuol,IheartTesla,1
waywardsuol,JenniCurrent,1
waywardsuol,Kristennetten,1
waywardsuol,Tesla,1
waywardsuol,TeslaOwnersEBay,1
waywardsuol,blueskykites,1
waywardsuol,daelmor,1
waywardsuol,elonmusk,1
waywardsuol,occupymars42069,1
waywardsuol,teslacn,1
webb_cristian,AmCoblan,1
webb_cristian,OhmyCallmeJuly,1
webb_cristian,luisardito666,1
webbedtoed,unidentifiedta1,1
weed10_weed,jumboflan,1
weed10_weed,talesftf,1
weezy1ubn,EvrybodynthrMom,1
weezy1ubn,GailAlfarATX,1
weezy1ubn,IheartTesla,1
weezy1ubn,JenniCurrent,1
weezy1ubn,Kristennetten,1
weezy1ubn,Tesla,1
weezy1ubn,TeslaOwnersEBay,1
weezy1ubn,blueskykites,1
weezy1ubn,daelmor,1
weezy1ubn,elonmusk,1
weezy1ubn,teslacn,1
weirdSanta,elonmusk,1
weltshmrtz,nitropolit,1
weneed2resist,elonmusk,1
werbenirvana,Tesla,1
werbenirvana,elonmusk,1
werbenirvana,tesla_adri,1
werdnavortep,Perpetualmaniac,1
werdnavortep,elonmusk,1
wernerkeil,R_A_T_G_S,1
wernerkeil,turkishmaid,1
weruncrypto,alancarroII,1
westcoastlady56,elonmusk,1
westcoastraised,greg16676935420,1
wethepeeps1221,PPathole,2
wethepeeps1221,SteveForgeron,1
wethepeeps1221,Tesla,2
wethepeeps1221,Watchmiker,1
wethepeeps1221,elonmusk,2
wfusdfcf,Tesla,2
wfusdfcf,WhamBaamYT,2
wfusdfcf,elonmusk,2
wfusdfcf,marclappin,1
wfusdfcf,theMelRandall,1
whailisk4n,RealtorStarShar,1
whailisk4n,Tesla,1
whailisk4n,elonmusk,1
whatevssayskev,profgalloway,1
who_is_eddie_v,28delayslater,1
who_is_eddie_v,ElonsBrain,1
who_is_eddie_v,GerberKawasaki,1
who_is_eddie_v,MemesOfMars,1
who_is_eddie_v,Model3Owners,1
who_is_eddie_v,OCTeslaClub,1
who_is_eddie_v,Tesla,1
who_is_eddie_v,TeslaChillMode,1
who_is_eddie_v,TeslaPodcast,1
who_is_eddie_v,WR4NYGov,1
who_is_eddie_v,WholeMarsBlog,1
who_is_eddie_v,atj721,1
who_is_eddie_v,dennis_p,1
who_is_eddie_v,elonmusk,1
who_is_eddie_v,elonmusknt,1
who_is_eddie_v,mymodl3,1
who_is_eddie_v,ray4tesla,1
who_is_eddie_v,slye,1
who_is_eddie_v,teslaownersSV,1
who_is_eddie_v,teslatidbits,1
whobangmee,DanRamsFan,1
whobangmee,GordonJohnson19,1
whyusomad444,disaacarmen,1
wiemvdvsdv,Bitter_Grizzly,1
wiemvdvsdv,ElonJet,1
wiemvdvsdv,hippieal,1
wilfriedkaiser,Niklas_1E,1
wilfriedkaiser,tesla_adri,3
willPS21,GerberKawasaki,4
willPS21,Liosatos,4
willPS21,PeterMallouk,4
willPS21,elonmusk,4
willPS21,jbensnyder,4
willgonyer,Aliquised,1
willgonyer,RickMcIntosh16,2
willgonyer,elonmusk,2
willgonyer,greg16676935420,2
willgonyer,jamal8975,2
williamjhoffer2,JMichaelWaller,1
williamjhoffer2,RealScottWolter,1
willieseconpr,eIenaneIe,1
willieseconpr,festia10,1
willieseconpr,profanostra,1
wilterorozco,elonmusk,1
wippzi,Corey_Peters,1
wippzi,az_happyin,1
wippzi,elonmusk,1
withlovealuna,marijuannya,1
withoutadie,MrBeast,1
withoutadie,elonmusk,1
wizard_worldly,EvrybodynthrMom,1
wizard_worldly,GailAlfarATX,1
wizard_worldly,IheartTesla,1
wizard_worldly,JenniCurrent,1
wizard_worldly,Kristennetten,1
wizard_worldly,Tesla,1
wizard_worldly,TeslaOwnersEBay,1
wizard_worldly,blueskykites,1
wizard_worldly,daelmor,1
wizard_worldly,elonmusk,1
wizard_worldly,teslacn,1
wiznews,violet__punk,1
wladisitoec,compaiRENE,1
wlam326,DimaZeniuk,1
wlam326,Tesla,1
wlam326,elonmusk,1
wolfofcryptosr,elonmusk,1
wolverine_lgn,DoganinPesinde,1
wordsbymt,CalBlack_,1
wordsbymt,SimeonidisSteve,1
wordsbymt,Tesla,1
wordsbymt,The_GhettoOprah,4
wordsbymt,ThumbarseHuber,4
wordsbymt,business,5
wordsbymt,mark24227825,4
worldcobaltday,SZ,1
worldcobaltday,derStandardat,1
worldcobaltday,ntvde,1
wowjuliaone,0xFineArt,1
wowjuliaone,226266bamboo,1
wowjuliaone,BenjaminBitcoin,1
wowjuliaone,BrandonBlitz1,1
wowjuliaone,RdShang,1
wowjuliaone,RealKatoOG,1
wowjuliaone,TexKap523,1
wowjuliaone,foundation,1
wowjuliaone,gaurand_eth,1
wowjuliaone,minwjr,1
wowjuliaone,realdigitalize,1
wowjuliaone,viky_m_art,1
wowsuchcurrency,EvrybodynthrMom,1
wowsuchcurrency,GailAlfarATX,1
wowsuchcurrency,IheartTesla,1
wowsuchcurrency,JenniCurrent,1
wowsuchcurrency,Kristennetten,1
wowsuchcurrency,Tesla,1
wowsuchcurrency,TeslaOwnersEBay,1
wowsuchcurrency,blueskykites,1
wowsuchcurrency,daelmor,1
wowsuchcurrency,elonmusk,1
wowsuchcurrency,teslacn,1
wykoll,ILoveTacos247,1
wykoll,WhiteHouse,1
wykoll,on_tesla,1
xCrimsonGear,chibleee,1
xDreamCoding,CaptainVoni,1
xDreamCoding,DiedrichLeander,1
xDreamCoding,WholeMarsBlog,1
xDreamCoding,elonmusk,1
xDreamCoding,garyblack00,1
xDreamCoding,hikingskiing,1
xDreamCoding,osim457,1
xDreamCoding,tesla_adri,1
xDreamCoding,wyldeAF,1
xK_e_v,dedreviil,1
xK_e_v,micolay_,1
xXF3D3x,EvrybodynthrMom,1
xXF3D3x,GailAlfarATX,1
xXF3D3x,IheartTesla,1
xXF3D3x,JenniCurrent,1
xXF3D3x,Kristennetten,1
xXF3D3x,Tesla,1
xXF3D3x,TeslaOwnersEBay,1
xXF3D3x,blueskykites,1
xXF3D3x,daelmor,1
xXF3D3x,elonmusk,1
xXF3D3x,teslacn,1
x_ai_a12,EvrybodynthrMom,1
x_ai_a12,GailAlfarATX,1
x_ai_a12,IheartTesla,1
x_ai_a12,JenniCurrent,1
x_ai_a12,Kristennetten,1
x_ai_a12,Tesla,1
x_ai_a12,TeslaOwnersEBay,1
x_ai_a12,blueskykites,1
x_ai_a12,daelmor,1
x_ai_a12,elonmusk,1
x_ai_a12,teslacn,1
x_ai_a12,teslaownersSV,1
xathan4,le_tavernier1,1
xegesis,DirtyTesLa,1
xegesis,Tesla,1
ximorocados,TESLA_CREADOR,2
xpensive662,AyORalphiie,1
xpensive662,BrownMoneyBabii,1
xpensive662,NaeFineAzz,1
xposepump,elonmusk,1
xxero_syn,EvrybodynthrMom,1
xxero_syn,GailAlfarATX,1
xxero_syn,IheartTesla,1
xxero_syn,JenniCurrent,1
xxero_syn,Kristennetten,1
xxero_syn,Tesla,1
xxero_syn,TeslaOwnersEBay,1
xxero_syn,blueskykites,1
xxero_syn,daelmor,1
xxero_syn,elonmusk,1
xxero_syn,teslacn,1
xxxMcRi7sxx,elonmusk,1
xyzdkfe,akramsrazor,2
xyzdkfe,btaylor,2
xyzdkfe,paraga,2
xyzdkfe,realdarkromance,2
yTsJeMI2mkxpn2Q,Kanarchart,1
yTsJeMI2mkxpn2Q,MrSketch16,1
yTsJeMI2mkxpn2Q,incelReplies,1
yVibrantCapital,Berlinergy,1
yVibrantCapital,SawyerMerritt,1
yVibrantCapital,Tesla,1
yVibrantCapital,TeslaCharging,1
yVibrantCapital,bradsferguson,1
yVibrantCapital,iliketeslas,1
yVibrantCapital,jeremyjudkins_,1
yVibrantCapital,tesla_jokes,1
y_ev_,Tesla,1
y_ev_,TeslaSydney,1
yafiwa4773,EvrybodynthrMom,1
yafiwa4773,GailAlfarATX,1
yafiwa4773,IheartTesla,1
yafiwa4773,JenniCurrent,1
yafiwa4773,Kristennetten,1
yafiwa4773,Tesla,1
yafiwa4773,TeslaOwnersEBay,1
yafiwa4773,blueskykites,1
yafiwa4773,daelmor,1
yafiwa4773,elonmusk,1
yafiwa4773,teslacn,1
yajho747,elonmusk,1
yamgang2004,Hallowyeen,1
yapc6_yap,EvrybodynthrMom,1
yapc6_yap,GailAlfarATX,1
yapc6_yap,IheartTesla,1
yapc6_yap,JenniCurrent,1
yapc6_yap,Kristennetten,1
yapc6_yap,Tesla,1
yapc6_yap,TeslaOwnersEBay,1
yapc6_yap,blueskykites,1
yapc6_yap,daelmor,1
yapc6_yap,elonmusk,1
yapc6_yap,teslacn,1
yargi_aparati,lanamiklan,1
yashvone,EvrybodynthrMom,1
yashvone,GailAlfarATX,1
yashvone,IheartTesla,1
yashvone,JenniCurrent,1
yashvone,Kristennetten,1
yashvone,Tesla,1
yashvone,TeslaOwnersEBay,1
yashvone,blueskykites,1
yashvone,daelmor,1
yashvone,elonmusk,1
yashvone,teslacn,1
yearoxycontin,ardynugraha27,1
yhojzkhie14,SBoramie,1
ykkoaIa,ZukinghamPalace,1
ykkoaIa,mohplaysrblx,1
yodasmell,FreudParallel,1
yodasmell,SuperboffinLA,1
yodasmell,TheDumpster1983,1
yodasmell,TimRunsHisMouth,1
yoikotsu,ludenbercg,1
yojimbot,EvrybodynthrMom,1
yojimbot,GailAlfarATX,1
yojimbot,IheartTesla,1
yojimbot,JenniCurrent,1
yojimbot,Kristennetten,1
yojimbot,Tesla,1
yojimbot,TeslaOwnersEBay,1
yojimbot,blueskykites,1
yojimbot,daelmor,1
yojimbot,elonmusk,1
yojimbot,teslacn,1
yonkiman,Tesla,1
yonkiman,elonmusk,1
yonkiman,jamieorc,1
yonycohen16,CYBRTRK420,1
yonycohen16,DirtyTesLa,1
yonycohen16,Tesla,1
yonycohen16,elonmusk,1
yorgakos,EvrybodynthrMom,1
yorgakos,GailAlfarATX,1
yorgakos,IheartTesla,1
yorgakos,JenniCurrent,1
yorgakos,Kristennetten,1
yorgakos,Tesla,1
yorgakos,TeslaOwnersEBay,1
yorgakos,blueskykites,1
yorgakos,daelmor,1
yorgakos,elonmusk,1
yorgakos,teslacn,1
yoshichi0202,Kasa_Tesla,2
yoshichi0202,kaz69276221,1
yourdessy,Ed22585165,3
yourdessy,HappyJesse,1
yourdessy,LucidMotors,3
yourdessy,Tesla,3
yourdessy,Tesla2Lucid,3
yourdessy,elonmusk,3
yourdessy,hubb_kyle,3
yourdessy,masegoslin,3
yourdessy,n_perez2411,3
yourmanlebron,elonmusk,1
yourmanlebron,xAlden,1
ytartuffo,LucidMotors,1
ytartuffo,Tesla,1
ytartuffo,Tesla2Lucid,1
ytartuffo,elonmusk,1
ytartuffo,masegoslin,1
ytartuffo,withabeverage,1
yungchingchilla,CastleLiteTz,1
yzwkz,iraqidrphil,1
z93015667,Starlink_is_lyf,1
z93015667,elonmusk,1
zDNA13,michaelianblack,1
zamzoum94,EvrybodynthrMom,1
zamzoum94,GailAlfarATX,1
zamzoum94,IheartTesla,1
zamzoum94,JenniCurrent,1
zamzoum94,Kristennetten,1
zamzoum94,Tesla,1
zamzoum94,TeslaOwnersEBay,1
zamzoum94,blueskykites,1
zamzoum94,daelmor,1
zamzoum94,elonmusk,1
zamzoum94,teslacn,1
zavicoco1,EvrybodynthrMom,1
zavicoco1,GailAlfarATX,1
zavicoco1,IheartTesla,1
zavicoco1,JenniCurrent,1
zavicoco1,Kristennetten,1
zavicoco1,Tesla,1
zavicoco1,TeslaOwnersEBay,1
zavicoco1,blueskykites,1
zavicoco1,daelmor,1
zavicoco1,elonmusk,1
zavicoco1,teslacn,1
zazuch1,PPathole,2
zazuch1,SilentlyWatchn,2
zazuch1,Tesla,2
zazuch1,elonmusk,2
zazuch1,rarelyserious,2
zeecrid,EvrybodynthrMom,1
zeecrid,GailAlfarATX,1
zeecrid,IheartTesla,1
zeecrid,JenniCurrent,1
zeecrid,Kristennetten,1
zeecrid,Tesla,1
zeecrid,TeslaOwnersEBay,1
zeecrid,blueskykites,1
zeecrid,daelmor,1
zeecrid,elonmusk,1
zeecrid,teslacn,1
zendercritical,elonmusk,1
zerafrond,WalterJLindner,1
zfescht,tesla_adri,1
zgubidan4,man_norwegian,1
zhaphod,InertialObservr,1
zibidik9,pyrz_tprk,2
zibidik9,smail05417731,2
zibidik9,tokcem,2
ziggurcat,PPathole,1
ziggurcat,Tesla,1
ziggurcat,elonmusk,1
zjkbvts2020,greg16676935420,1
zmarijan,JovanaPhi,1
zmarijan,igorfocus,1
zoe76_,dmisic,1
zonagule,bunniemma,1
zonagule,colinknife21,1
zorrorgv69,EvrybodynthrMom,1
zorrorgv69,GailAlfarATX,1
zorrorgv69,IheartTesla,1
zorrorgv69,JenniCurrent,1
zorrorgv69,Kristennetten,1
zorrorgv69,Tesla,1
zorrorgv69,TeslaOwnersEBay,1
zorrorgv69,blueskykites,1
zorrorgv69,daelmor,1
zorrorgv69,elonmusk,1
zorrorgv69,teslacn,1
zrgcsl,TeslaAndDoge,1
zrgcsl,blovereviews,1
zvezdabari91,man_norwegian,1
zvvvvl,omg_tesla,1
