Id,DegreeCentrality,Betweenness,PageRank,InfluenceScore
elonmusk,0.24987462387161485,0.0005078960197505489,0.0519437506024965,0.10064521441358955
Tesla,0.17978936810431295,0.0,0.03299393233401061,0.07117476192001218
GailAlfarATX,0.0813691073219659,0.0003967823009257659,0.008240769021911277,0.030698092738536187
blueskykites,0.07998996990972919,0.0,0.008553520530335541,0.0301348696009891
TeslaOwnersEBay,0.07973921765295888,0.0,0.008519499823271253,0.030038601134353422
daelmor,0.07886158475426279,0.0,0.008505267951615257,0.029727871651895787
teslacn,0.07861083249749248,0.0,0.008480206010439846,0.02963384287673233
Kristennetten,0.07861083249749248,0.0,0.00847025446249338,0.029631354989745715
IheartTesla,0.07848545636910732,0.0,0.008464567863666828,0.029586051695104268
JenniCurrent,0.07848545636910732,0.0,0.008464567863666828,0.029586051695104268
EvrybodynthrMom,0.07622868605817452,0.0,0.008350282148855375,0.028767610657574924
Tesla2Lucid,0.015546639919759278,8.832996227075021e-05,0.0018124523979246748,0.005929769056305216
masegoslin,0.015546639919759278,0.0001410897493196112,0.0014799451631872654,0.005867746162440408
SawyerMerritt,0.013164493480441323,2.2494337767744192e-05,0.0032968372476941997,0.00544077976518511
LucidMotors,0.012662988966900702,0.0,0.0016958910835437027,0.004856018909301171
squawksquare,0.010030090270812437,2.0940564640630353e-05,0.005256208018676308,0.004832959825309682
WholeMarsBlog,0.012036108324974926,2.0560636978857155e-05,0.002205331915742132,0.0047721951474683
tesla_adri,0.01053159478435306,0.00019244526384048398,0.002239003759436938,0.004322787219918999
PPathole,0.01053159478435306,0.0,0.0017302813518432097,0.0041186285124843736
Falconwingsnj,0.009779338014042127,1.4211914741088469e-05,0.002718838738258997,0.004108162755375929
greg16676935420,0.00915245737211635,0.0,0.0029656720923841085,0.003944778103336749
DirtyTesLa,0.009528585757271816,8.164095211444155e-05,0.0017445693139048464,0.0038038037243671233
DimaZeniuk,0.008274824473420261,6.589779788686854e-06,0.0013384412420767012,0.0032334347881317416
garyblack00,0.0076479438314944834,0.0,0.0018576120081841949,0.0031411833430691175
TESLA_CREADOR,0.006394182547642928,0.0,0.003258998378766308,0.003052713486366602
teslaownersSV,0.008149448345035105,1.2021472687954891e-05,0.0007698450296300182,0.0030495767672449733
itsJeffTiedrich,0.006143430290872618,0.0,0.0013473173886632505,0.0024870299489712284
TeslaCharging,0.005391173520561685,0.0,0.0018365036042977715,0.0023460366332710325
fwe1991,0.0062688064192577735,0.0,7.349677758179049e-05,0.002212456441135668
SEDAS2009,0.005641925777331996,0.0,7.349677758179049e-05,0.0019930482164616462
Most_Maximus,0.004388164493480441,0.0,0.0015758655176004214,0.0019298239521182599
business,0.004137412236710131,0.0,0.0014654996428453645,0.0018144691935598868
thyAshes,0.004388164493480441,5.2382853890826076e-05,0.0009062235468320103,0.0017833666009824875
lovemesomemusk,0.004388164493480441,0.0,0.0008969370568235627,0.0017600918369240451
small1ldy1,0.0048896690070210636,0.0,7.349677758179049e-05,0.0017297583468528198
alex_avoigt,0.004012036108324975,0.0,0.0011388757206549113,0.001688931568077469
north_tesla,0.0033851554663991974,1.737186481073314e-06,0.001986211988889501,0.0016820522850545237
MattWallace888,0.004388164493480441,3.4678224852195037e-06,0.0005297816900019032,0.001669690124212718
coldgamecrispy,0.004137412236710131,1.1633647022572418e-06,0.0005072270863009075,0.0015753664003046754
DBurkland,0.004012036108324975,5.031848044506708e-05,0.0003767994348191,0.0015185398887965428
TheAlexisKraft,0.003761283851554664,0.0,0.00065111947092021,0.0014792292157741849
Knightw0lf_,0.0038866599799398196,4.7263001124585876e-05,0.00015898514516413017,0.0014189824797198037
engineers_feed,0.003259779338014042,0.0,0.0010324598293000684,0.0013990377256299317
cis5YnJE607xzs5,0.003259779338014042,0.00013333376005011594,0.0006071650657631325,0.0013460475387657442
Teslarati,0.0033851554663991974,0.0,0.00044239320582698763,0.0012954027146964658
macun81,0.003510531594784353,8.866725568555195e-06,0.00010982895216385642,0.0012596899864429096
hikingskiing,0.0031344032096288867,0.0,0.0006381423962375176,0.0012565767224294896
TeslaOwnersUK,0.0031344032096288867,0.0,0.0005925860036531447,0.0012451876242833965
FermisSocks,0.003259779338014042,8.085594295949499e-05,0.00022318072800360685,0.0012290603274896143
wojcikofficial,0.0031344032096288867,0.0,0.00043460854670894326,0.0012056932600473462
JustinTemplerSr,0.0033851554663991974,0.0,7.349677758179049e-05,0.0012031786076351666
RaymanIsWoat,0.003259779338014042,4.7556462490921035e-07,0.00012141390228229353,0.0011714664697254518
TeslaDiva99,0.0031344032096288867,5.87813597532409e-05,0.00014849881227946537,0.0011576783703412731
man_norwegian,0.0025075225677031092,8.489418097552846e-07,0.0010276765544219673,0.0011348916140254822
DRayRaven,0.0028836509528585757,0.0,0.0004954790587812145,0.001133147598195805
raffaeru,0.0028836509528585757,8.55032630358608e-05,0.00035530888097531183,0.0011323063589586738
FthePump1,0.0027582748244734203,0.00010771012844474613,0.00038162290232453066,0.0011038859655247283
EvaFoxU,0.0027582748244734203,0.0,0.0005217386913017909,0.0010958308613911447
captainarve,0.0030090270812437314,2.3096981645039612e-05,9.788244109623003e-05,0.0010868688813673792
rako_sebastian,0.0028836509528585757,2.832531030919299e-05,0.00024024476939223745,0.001080669149972238
unicastore_usa,0.0030090270812437314,0.0,7.349677758179049e-05,0.0010715336728307535
28delayslater,0.002632898696088265,5.577076055753467e-06,0.00045311384852406253,0.0010370238361842097
BLKMDL3,0.002632898696088265,1.9258402165744883e-06,0.0004573528522130972,0.0010366230927707967
RickMcIntosh16,0.002632898696088265,0.0,0.0004442070936488785,0.0010325663170431124
Twitter,0.002632898696088265,0.0,0.0004203012948192903,0.0010265898673357152
varbmos,0.0027582748244734203,7.703360866297953e-06,0.00016786613618073416,0.0010104440669573998
atj721,0.0027582748244734203,1.5721144625097863e-08,7.66714991906629e-05,0.0009845703518212127
AHaman1916,0.002632898696088265,1.5170904563219438e-06,0.00018558674161192788,0.0009685180652164035
FinanceSmitty,0.001880641925777332,6.760092188792081e-06,0.0012110309071254998,0.0009636864376789579
who_is_eddie_v,0.002632898696088265,0.0,7.460276710006433e-05,0.0009401652354059088
bspain1,0.002632898696088265,0.0,7.349677758179049e-05,0.0009398887380263403
MedicineManWalk,0.0025075225677031092,0.0,7.349677758179049e-05,0.0008960070930915358
Ironman_E,0.0022567703109327986,0.00011554865372352311,0.000232356475275128,0.0008941781891346706
MollyJongFast,0.0020060180541624875,0.0,0.0006619150446433131,0.0008675850801176989
NoerholtDK,0.002382146439317954,3.0918251096025794e-06,8.788203563992357e-05,0.0008569584927151057
Dianafowles,0.002382146439317954,0.0,8.745796212716774e-05,0.0008556157442930757
MsJuliaParker,0.002382146439317954,0.0,8.745796212716774e-05,0.0008556157442930757
LoriMoreno,0.002382146439317954,0.0,8.745796212716774e-05,0.0008556157442930757
Cheryl_L_Hyde,0.002382146439317954,0.0,8.745796212716774e-05,0.0008556157442930757
unusual_whales,0.001880641925777332,0.0,0.0007088167607806612,0.0008354288642172315
HullTeslaModel3,0.0022567703109327986,2.200960247513701e-06,0.00017503976977822062,0.0008345099353700401
MFrunker,0.002131394182547643,1.964881059060148e-05,0.000286019916885617,0.0008253524673493198
EltricThunder,0.002131394182547643,6.442525067365105e-05,0.0001947662779029177,0.0008204496336368648
TeslaClubAT,0.002131394182547643,0.0,0.0002967517915657356,0.0008201759117831089
chicago_glenn,0.0022567703109327986,9.380282959641724e-07,0.00011230098998729167,0.0008183200676416881
CllrShellyHQ,0.0022567703109327986,0.0,7.349677758179049e-05,0.0008082438032219271
charlesacartron,0.0022567703109327986,0.0,7.349677758179049e-05,0.0008082438032219271
hubb_kyle,0.002131394182547643,5.694722621364616e-05,0.0001080396827455655,0.0007957767750635249
MatthwETH,0.001629889669007021,0.0,0.0008866804097787388,0.000792131486597142
magneaus,0.0020060180541624875,7.636111798599257e-05,0.00023235745924844264,0.0007907401309633782
standingRock6,0.002131394182547643,1.603556751759982e-05,0.00012655835167565748,0.0007840417788176293
SpaceX,0.0020060180541624875,0.0,0.0003262210507259073,0.0007836615816383474
CYBRTRK420,0.0020060180541624875,6.646637928414292e-05,0.00019967176601335917,0.0007786108121738675
TheUnderDoge3,0.002131394182547643,2.2979073060351376e-06,0.00012357845395467862,0.0007778017403027587
corbinwilliams,0.002131394182547643,3.0656232018940833e-07,9.856720057710352e-05,0.0007707523889640266
nytimes,0.001629889669007021,0.0,0.0007859301719914459,0.0007669439271503188
Damhezy15,0.002131394182547643,6.288457850039145e-08,7.83085150504115e-05,0.000765590246485678
Stoyko1Veronika,0.002131394182547643,0.0,7.349677758179049e-05,0.0007643621582871225
StatisticsTesla,0.002131394182547643,0.0,7.349677758179049e-05,0.0007643621582871225
hedgequote,0.002131394182547643,0.0,7.349677758179049e-05,0.0007643621582871225
DevCatR,0.002131394182547643,0.0,7.349677758179049e-05,0.0007643621582871225
TechPreacher,0.0020060180541624875,1.1890425718115682e-05,0.00022676487584952774,0.0007635537082064988
frankjnovak,0.001880641925777332,0.0,0.0003403878158413017,0.0007433216279823916
thePike_1,0.0020060180541624875,2.685695540120885e-06,0.00014641639843675314,0.0007397846967821072
jesseb4me,0.001880641925777332,4.123394216086084e-05,0.00020991384695673312,0.0007271967126255937
Horizon95089898,0.001880641925777332,5.668483282359393e-05,0.0001823278878366622,0.0007264805791106693
pinon_frijoles,0.0020060180541624875,0.0,9.641496820025767e-05,0.000726210061006935
3YearLetterman,0.0017552657973921766,0.0,0.00044491201637488924,0.000725571033180984
Wenrugbro,0.0020060180541624875,0.0,8.667960403112017e-05,0.0007237762199646506
partommi,0.0020060180541624875,2.0437488012627222e-07,8.044706503646526e-05,0.0007222998351680374
GlenMah,0.0020060180541624875,0.0,7.349677758179049e-05,0.0007204805133523181
fischer_price7,0.001880641925777332,0.0,0.00024545524431592237,0.0007195884851010467
tesla_jokes,0.0017552657973921766,1.2293673077749444e-05,0.0003805270321886013,0.0007143922563655118
EvEvangelist,0.001880641925777332,2.3060298974247716e-05,0.00015755917899804955,0.0007068385883612777
_bennettm_,0.0017552657973921766,3.4822335344591767e-06,0.0003586482929265254,0.0007053979957326767
longtoad1789,0.001880641925777332,1.720421003269548e-05,0.00012658045204212755,0.0006967514710456762
omg_tesla,0.001629889669007021,5.814203320515359e-06,0.0004942451917860308,0.0006963483634271712
SECGov,0.0017552657973921766,0.0,0.0002898402536642022,0.0006868030925033122
MsMfrunker,0.0017552657973921766,1.0721820634316743e-05,0.00026705683925297717,0.0006853959671542328
RealMaxtern,0.001880641925777332,0.0,9.43476399458148e-05,0.0006818115840085199
sarahnaomi110,0.001880641925777332,0.0,8.661127692383079e-05,0.0006798774932530239
occupymars42069,0.001880641925777332,4.7163433875293585e-08,8.642431224748556e-05,0.0006798496174574876
UlrichPro1,0.001880641925777332,3.1442289250195726e-08,7.892653803847179e-05,0.0006779688854473842
phangandan,0.001880641925777332,0.0,7.807123575050712e-05,0.0006777424829596929
brandenflasch,0.001629889669007021,1.0902613797505367e-05,0.0004113062167209548,0.0006776489838516981
AmeyGade5,0.001880641925777332,0.0,7.52453252081003e-05,0.0006770360053240912
mrgreen06988961,0.001880641925777332,0.0,7.349677758179049e-05,0.0006765988684175137
GordonsFishDix,0.001880641925777332,0.0,7.349677758179049e-05,0.0006765988684175137
DesinNam1,0.0017552657973921766,2.1223545243882116e-07,0.00022850303531499604,0.0006715536820969862
aaronglz23,0.001629889669007021,0.0,0.0004027481963630173,0.0006711484332432116
Bombiggy1,0.0017552657973921766,2.1223545243882116e-07,0.00021128781470509023,0.0006672498769445098
RandomKiwi_,0.0017552657973921766,1.5850582049177836e-05,0.00016542434508580383,0.0006620393481783838
TeslaClubSoCal,0.001629889669007021,0.0,0.00034564011218477235,0.0006568714121986504
LovingWildlyfe,0.0013791374122367102,2.1223545243882113e-06,0.0006921707071749388,0.0006565897128863385
_w4mY,0.0017552657973921766,7.231726527545017e-07,0.0001641725939359821,0.0006556754466323591
TESLA_is_FUTURE,0.0013791374122367102,0.0,0.0006724487928183201,0.0006508102924874285
talesftf,0.0017552657973921766,7.231726527545017e-07,0.00013604936467386344,0.0006486446393168294
thefarcentrist,0.0017552657973921766,2.2795659706391901e-07,0.00013201700330682859,0.0006474384625527944
DobackHuffInc,0.0017552657973921766,1.2891338592580248e-06,0.00012067467427494411,0.0006450273511997009
UnderstatedTMS,0.0017552657973921766,1.7345662903024642e-06,0.00011166018046174824,0.0006429519007188198
blovereviews,0.0015045135406218657,6.288457850039145e-07,0.0004524351547339234,0.0006399400662151353
Sim_alam83,0.0017552657973921766,5.062208569281512e-06,8.006530738220785e-05,0.0006363842393605263
ChrisRangel82,0.0017552657973921766,0.0,8.561281922575057e-05,0.0006357462338936994
EmperorGrinnar,0.0017552657973921766,1.5721144625097863e-08,7.631876330699676e-05,0.000633429008371861
JMcbadu,0.0017552657973921766,0.0,7.349677758179049e-05,0.0006327172234827093
OfficialABQ,0.0017552657973921766,0.0,7.349677758179049e-05,0.0006327172234827093
losthorizen,0.0017552657973921766,0.0,7.349677758179049e-05,0.0006327172234827093
spideycyp_155,0.0017552657973921766,0.0,7.349677758179049e-05,0.0006327172234827093
candyisyummy333,0.0017552657973921766,0.0,7.349677758179049e-05,0.0006327172234827093
Ant313Friendly,0.0017552657973921766,0.0,7.349677758179049e-05,0.0006327172234827093
j_vikingland,0.0015045135406218657,0.0,0.0003812938626839811,0.0006219032048886482
greentheonly,0.001629889669007021,1.096025799446406e-05,0.00016743182507741723,0.0006167034436195973
psychlyst1,0.001629889669007021,1.865575828844946e-07,0.0001668231233539461,0.0006122417880240976
PauljHorton,0.001629889669007021,0.0,0.0001624494442505101,0.0006110737452150848
99brownKaryl,0.001629889669007021,0.0,0.0001624494442505101,0.0006110737452150848
hope4494,0.001629889669007021,0.0,0.0001624494442505101,0.0006110737452150848
atk0506,0.001629889669007021,0.0,0.0001624494442505101,0.0006110737452150848
WhatsupFranks,0.001629889669007021,0.0,0.0001624494442505101,0.0006110737452150848
R6Alex,0.001629889669007021,0.0,0.0001624494442505101,0.0006110737452150848
profgalloway,0.0013791374122367102,0.0,0.0004966887974073106,0.0006068702936346762
TaylorOgan,0.0013791374122367102,0.0,0.00048792762698336814,0.0006046800010286905
jpr007,0.0015045135406218657,1.3441578654458673e-05,0.00028547020513055974,0.0006033239219620762
RobertR02624409,0.001629889669007021,3.301440371270551e-07,0.00011441844555797135,0.000599198053156801
campbellbrianh1,0.0006268806419257773,5.29802573865798e-06,0.0015010082067296426,0.0005967794866518958
TeeTee_tesla,0.0008776328986960883,0.0,0.0011574877246492707,0.0005965434457059485
Tommyf902,0.001629889669007021,2.043748801262722e-06,9.42794317403235e-05,0.0005948487416080433
TrackEVs,0.001629889669007021,2.2009602475137007e-07,9.077647909950802e-05,0.0005932435423372349
MrJames__321,0.001629889669007021,2.904219450409745e-06,8.433257238314589e-05,0.0005927062150284078
BartoszKowalcz,0.001629889669007021,8.568023820678335e-07,8.689327150115758e-05,0.0005925274229805739
GarrettJMoffitt,0.001629889669007021,3.301440371270551e-07,8.600729500020508e-05,0.0005920952655173595
wowsuchcurrency,0.001629889669007021,0.0,8.392220876380265e-05,0.000591441936343408
Jitin42069,0.001629889669007021,0.0,8.228392672091502e-05,0.0005910323658326861
electricfelix,0.0015045135406218657,5.030766280031316e-07,0.00025678159390101016,0.0005909763683441067
JoinTeamB,0.001629889669007021,0.0,7.898225832142848e-05,0.0005902069487328144
DogecoinPostive,0.001629889669007021,3.1442289250195726e-08,7.870949317279657e-05,0.0005901513343613565
emtfr,0.001629889669007021,3.930286156274466e-09,7.870949317279657e-05,0.000590140329560119
Femanonymously,0.001629889669007021,0.0,7.83085150504115e-05,0.0005900385129150602
DatasciLearner,0.001629889669007021,0.0,7.733808902858078e-05,0.0005897959064096025
ZainRiz16649646,0.001629889669007021,0.0,7.651527794600818e-05,0.0005895902036389594
BMo76630974,0.001629889669007021,0.0,7.651527794600818e-05,0.0005895902036389594
lee_mccaleb,0.001629889669007021,0.0,7.632099005353879e-05,0.000589541631665842
Dogwalk_media,0.001629889669007021,0.0,7.632099005353879e-05,0.000589541631665842
seth_fin,0.001629889669007021,0.0,7.629560460864787e-05,0.0005895352853046193
maiko1820,0.001629889669007021,0.0,7.626081730947938e-05,0.0005895265884798272
AJShotMe,0.001629889669007021,3.930286156274466e-09,7.599888106547341e-05,0.0005894626765332882
HavestKhome,0.001629889669007021,0.0,7.564902575807966e-05,0.0005893736405919773
30annette,0.001629889669007021,0.0,7.349677758179049e-05,0.0005888355785479049
WorldEvilForum,0.001629889669007021,0.0,7.349677758179049e-05,0.0005888355785479049
ajhopenow,0.001629889669007021,0.0,7.349677758179049e-05,0.0005888355785479049
RonVanderveen1,0.001629889669007021,0.0,7.349677758179049e-05,0.0005888355785479049
dharmishtha_D,0.001629889669007021,0.0,7.349677758179049e-05,0.0005888355785479049
josemzcn,0.001629889669007021,0.0,7.349677758179049e-05,0.0005888355785479049
chokmoo,0.001629889669007021,0.0,7.349677758179049e-05,0.0005888355785479049
daranvaseg,0.001629889669007021,0.0,7.349677758179049e-05,0.0005888355785479049
ferengbro,0.001629889669007021,0.0,7.349677758179049e-05,0.0005888355785479049
jacktorrance182,0.001629889669007021,0.0,7.349677758179049e-05,0.0005888355785479049
EringoB02429272,0.001629889669007021,0.0,7.349677758179049e-05,0.0005888355785479049
DocFranchise,0.001629889669007021,0.0,7.349677758179049e-05,0.0005888355785479049
Juergen_Kaiser,0.0012537612838515546,0.0,0.0005854076556599851,0.0005851683632630404
BB4ll,0.0013791374122367102,7.074515081294038e-08,0.0004008005889327937,0.0005829265395763721
JohnEG78,0.0013791374122367102,0.0,0.00039753548077201125,0.0005820819644758513
kurtatx,0.0015045135406218657,3.663026697647802e-06,0.00017497098491644917,0.0005717876961258243
CrazyWeeMonkey,0.0015045135406218657,4.061295694816948e-06,0.00016292485237913754,0.000568935470590364
klwtts,0.0015045135406218657,0.0,0.00016897451772854267,0.0005688233686497886
Holley_News,0.0013791374122367102,0.0,0.00032406696624236083,0.0005637148358434387
BackToTheDoge,0.0013791374122367102,2.1537968136384073e-06,0.00031114914683867787,0.0005613468997179734
thomasgerlach,0.0015045135406218657,4.873554833780337e-07,0.00013664319733678397,0.0005609354807452002
LetsGoLucid2022,0.0015045135406218657,3.474372962146628e-06,0.00012727373783132583,0.000559787922860343
Jpeluche4,0.0015045135406218657,7.06246220374813e-06,0.0001186059756599667,0.0005590562180141439
CarlosDG_Tesla,0.0012537612838515546,0.0,0.0004720310312377283,0.0005568242071574762
teslanatrix,0.0015045135406218657,2.4055971467170582e-05,7.88104937666442e-05,0.0005559047512461822
Teslaconomics,0.0012537612838515546,0.0,0.00045738554002999515,0.0005531628343555428
_SpaceSeX,0.0015045135406218657,3.45865181752153e-07,0.00010477307112782697,0.0005529113530723105
JoshWest247,0.0015045135406218657,1.4044222531754093e-06,9.635858699855435e-05,0.0005512311548685617
TrentHardwood,0.0015045135406218657,1.729325908760765e-07,9.818533484879169e-05,0.0005511952459662013
HSouthwellFE,0.0011283851554663993,0.0,0.0006172249004386303,0.0005492410295228974
ggggmmpp,0.0015045135406218657,5.942592668286992e-06,7.628690397599944e-05,0.0005480285022789677
TESLA_no_TUNO,0.0011283851554663993,0.0,0.0006114490265736178,0.0005477970610566442
CodingEtudes,0.0015045135406218657,4.7163433875293585e-08,8.175224746210769e-05,0.00054703666645673
nycandre,0.0015045135406218657,0.0,7.870949317279657e-05,0.0005462571125108521
kian_darwell,0.0015045135406218657,0.0,7.870949317279657e-05,0.0005462571125108521
TinfoilTricorn,0.0015045135406218657,0.0,7.870949317279657e-05,0.0005462571125108521
CryptoJolly98,0.0015045135406218657,0.0,7.870949317279657e-05,0.0005462571125108521
beee3_B,0.0015045135406218657,0.0,7.870949317279657e-05,0.0005462571125108521
ChapmanCNSNews,0.0015045135406218657,0.0,7.870949317279657e-05,0.0005462571125108521
meryy_tesla,0.0011283851554663993,0.0,0.0006051937678644105,0.0005462332463793424
Evan_All_Mighty,0.0015045135406218657,0.0,7.766695005459536e-05,0.0005459964767313018
Yolo1Crypto,0.0015045135406218657,0.0,7.621645528144585e-05,0.0005456338530380144
Crazy84Just,0.0015045135406218657,0.0,7.596508395861844e-05,0.0005455710102073076
luistrelles9,0.0015045135406218657,0.0,7.482768369013247e-05,0.0005452866601401861
MarketSwingPlay,0.0015045135406218657,0.0,7.349677758179049e-05,0.0005449539336131005
waywardsuol,0.0015045135406218657,0.0,7.349677758179049e-05,0.0005449539336131005
travis_wyrick,0.0015045135406218657,0.0,7.349677758179049e-05,0.0005449539336131005
Chandan54247529,0.0015045135406218657,0.0,7.349677758179049e-05,0.0005449539336131005
AudieZaBeast,0.0015045135406218657,0.0,7.349677758179049e-05,0.0005449539336131005
Michael65714379,0.0015045135406218657,0.0,7.349677758179049e-05,0.0005449539336131005
CryptoNCoffeee,0.0015045135406218657,0.0,7.349677758179049e-05,0.0005449539336131005
bithits,0.0015045135406218657,0.0,7.349677758179049e-05,0.0005449539336131005
kerrikgray,0.0015045135406218657,0.0,7.349677758179049e-05,0.0005449539336131005
JasonPa111,0.0015045135406218657,0.0,7.349677758179049e-05,0.0005449539336131005
m_ahsanshoaib,0.0015045135406218657,0.0,7.349677758179049e-05,0.0005449539336131005
Benur211,0.0015045135406218657,0.0,7.349677758179049e-05,0.0005449539336131005
ArifKha07393504,0.0015045135406218657,0.0,7.349677758179049e-05,0.0005449539336131005
___qokhan___,0.0015045135406218657,0.0,7.349677758179049e-05,0.0005449539336131005
Cleverwolfano1,0.0015045135406218657,0.0,7.349677758179049e-05,0.0005449539336131005
GBApollo,0.0015045135406218657,0.0,7.349677758179049e-05,0.0005449539336131005
oSMaNPeRK71,0.0015045135406218657,0.0,7.349677758179049e-05,0.0005449539336131005
anuragtwittes,0.0015045135406218657,0.0,7.349677758179049e-05,0.0005449539336131005
DebrajPaul00007,0.0015045135406218657,0.0,7.349677758179049e-05,0.0005449539336131005
Lord_Chestnut,0.0015045135406218657,0.0,7.349677758179049e-05,0.0005449539336131005
IrnoSimone,0.0015045135406218657,0.0,7.349677758179049e-05,0.0005449539336131005
LanHoangTruong,0.0015045135406218657,0.0,7.349677758179049e-05,0.0005449539336131005
BabinAngele,0.0015045135406218657,0.0,7.349677758179049e-05,0.0005449539336131005
CzuprynskiJarek,0.0015045135406218657,0.0,7.349677758179049e-05,0.0005449539336131005
MohitKhyalia,0.0015045135406218657,0.0,7.349677758179049e-05,0.0005449539336131005
matt_dobos,0.0015045135406218657,0.0,7.349677758179049e-05,0.0005449539336131005
ViroMental,0.0015045135406218657,0.0,7.349677758179049e-05,0.0005449539336131005
Scott01251507,0.0015045135406218657,0.0,7.349677758179049e-05,0.0005449539336131005
Vishal57772976,0.0015045135406218657,0.0,7.349677758179049e-05,0.0005449539336131005
johansen_errol,0.0015045135406218657,0.0,7.349677758179049e-05,0.0005449539336131005
rywilliams4379,0.0015045135406218657,0.0,7.349677758179049e-05,0.0005449539336131005
LaciMarieKnight,0.0015045135406218657,0.0,7.349677758179049e-05,0.0005449539336131005
Bond007theone,0.0015045135406218657,0.0,7.349677758179049e-05,0.0005449539336131005
jxeral,0.0015045135406218657,0.0,7.349677758179049e-05,0.0005449539336131005
NobodyQueens,0.0015045135406218657,0.0,7.349677758179049e-05,0.0005449539336131005
Bruninh51027619,0.0015045135406218657,0.0,7.349677758179049e-05,0.0005449539336131005
theholiestbacon,0.0015045135406218657,0.0,7.349677758179049e-05,0.0005449539336131005
PrvnKalavai,0.0015045135406218657,0.0,7.349677758179049e-05,0.0005449539336131005
RunYC20,0.0015045135406218657,0.0,7.349677758179049e-05,0.0005449539336131005
StellaAmato4,0.0015045135406218657,0.0,7.349677758179049e-05,0.0005449539336131005
sir_breaksalot,0.0015045135406218657,0.0,7.349677758179049e-05,0.0005449539336131005
x_ai_a12,0.0015045135406218657,0.0,7.349677758179049e-05,0.0005449539336131005
wowjuliaone,0.0015045135406218657,0.0,7.349677758179049e-05,0.0005449539336131005
DrStockman21,0.0015045135406218657,0.0,7.349677758179049e-05,0.0005449539336131005
DALGREN6,0.0015045135406218657,0.0,7.349677758179049e-05,0.0005449539336131005
SNasty78170989,0.0015045135406218657,0.0,7.349677758179049e-05,0.0005449539336131005
guitarboyled,0.0015045135406218657,0.0,7.349677758179049e-05,0.0005449539336131005
chuckpaddock,0.0015045135406218657,0.0,7.349677758179049e-05,0.0005449539336131005
AjaySha67782223,0.0015045135406218657,0.0,7.349677758179049e-05,0.0005449539336131005
1st_Akkadian,0.0015045135406218657,0.0,7.349677758179049e-05,0.0005449539336131005
bumpyjonasdc,0.0015045135406218657,0.0,7.349677758179049e-05,0.0005449539336131005
txkym,0.0015045135406218657,0.0,7.349677758179049e-05,0.0005449539336131005
RanguGamer,0.0011283851554663993,2.515383140015658e-07,0.0005926439556517325,0.0005431964086517735
nusairat,0.0013791374122367102,6.542092316657391e-05,0.00010202203964099327,0.0005343719734597264
compaiRENE,0.0011283851554663993,0.0,0.0005530666119543498,0.0005332014574018272
JaredChamney,0.0013791374122367102,2.3162486414310852e-06,0.00014753255700222865,0.0005205077329899781
FitnessKlubNr1,0.0013791374122367102,0.0,0.00014504154375311745,0.0005189584802211279
LudaLisl,0.0012537612838515546,3.743990592467056e-05,0.0002529261665307151,0.0005170239533505911
Lucid,0.0012537612838515546,0.0,0.0003111013589661285,0.0005165917890895762
dillzilla99,0.0013791374122367102,1.131922413007046e-06,0.00013142489640034915,0.0005160070873481387
GM,0.0011283851554663993,0.0,0.0004781420024362237,0.0005144703050222957
RealNTesla,0.0013791374122367102,2.829806032517615e-07,0.00011728358854624156,0.0005121321836607096
Stanthemanusul,0.0013791374122367102,5.030766280031316e-07,0.00011582149108206062,0.0005118546977045649
kaminoean,0.0013791374122367102,2.0437488012627222e-07,0.00011321741589613155,0.0005110841982089319
ZeekeMC,0.0013791374122367102,5.816823511286209e-07,0.00011204075435273077,0.0005109409558114826
EZebroni,0.0013791374122367102,2.8560079402261115e-06,0.0001000342387723669,0.0005088490571520306
henryaryaxz,0.0013791374122367102,3.6158632637725086e-07,9.924185136072891e-05,0.0005076531916535816
d_kinimo,0.0013791374122367102,2.2009602475137007e-07,9.631341619806441e-05,0.0005068644867422652
GigaSomerset,0.0008776328986960883,0.0,0.0007976618482576643,0.0005065869766080469
mmt_lvt,0.0013791374122367102,2.751200309392126e-07,9.43476399458148e-05,0.0005063950522816779
BrightYawjoy,0.0013791374122367102,0.0,9.460274335542793e-05,0.0005063487801217055
jonahmhuff,0.0013791374122367102,0.0,8.408552007518298e-05,0.0005037194743016442
AllThingsTSLA,0.0012537612838515546,1.3205761485082204e-06,0.0002563368533776586,0.000503428893151862
bellausa17,0.0013791374122367102,0.0,7.870949317279657e-05,0.0005023754675760477
JlMBO_JONES,0.0013791374122367102,0.0,7.557480159919112e-05,0.0005015917946826463
doge_albania,0.0013791374122367102,0.0,7.487879744563493e-05,0.0005014177936442572
Bilalali3141,0.0013791374122367102,0.0,7.349677758179049e-05,0.0005010722886782961
Lucsxbox2015,0.0013791374122367102,0.0,7.349677758179049e-05,0.0005010722886782961
maddrixclub,0.0013791374122367102,0.0,7.349677758179049e-05,0.0005010722886782961
lakersdana,0.0013791374122367102,0.0,7.349677758179049e-05,0.0005010722886782961
ColinEFLawrence,0.0013791374122367102,0.0,7.349677758179049e-05,0.0005010722886782961
YLutolf,0.0013791374122367102,0.0,7.349677758179049e-05,0.0005010722886782961
MakeSoilWild,0.0013791374122367102,0.0,7.349677758179049e-05,0.0005010722886782961
Johnson_DavidW,0.0013791374122367102,0.0,7.349677758179049e-05,0.0005010722886782961
ManCitty9320,0.0013791374122367102,0.0,7.349677758179049e-05,0.0005010722886782961
StrategistSpace,0.0013791374122367102,0.0,7.349677758179049e-05,0.0005010722886782961
robdavmil,0.0013791374122367102,0.0,7.349677758179049e-05,0.0005010722886782961
JeanneMadelein,0.0013791374122367102,0.0,7.349677758179049e-05,0.0005010722886782961
rage_creator,0.0013791374122367102,0.0,7.349677758179049e-05,0.0005010722886782961
TalbottRicky,0.0013791374122367102,0.0,7.349677758179049e-05,0.0005010722886782961
Lucytsaitsai1,0.0013791374122367102,0.0,7.349677758179049e-05,0.0005010722886782961
LydiaKapten,0.0013791374122367102,0.0,7.349677758179049e-05,0.0005010722886782961
realKimWalker,0.0013791374122367102,0.0,7.349677758179049e-05,0.0005010722886782961
kowser_r,0.0013791374122367102,0.0,7.349677758179049e-05,0.0005010722886782961
MarcusFidelius,0.0013791374122367102,0.0,7.349677758179049e-05,0.0005010722886782961
reddogbites,0.0013791374122367102,0.0,7.349677758179049e-05,0.0005010722886782961
XivthWonder,0.0013791374122367102,0.0,7.349677758179049e-05,0.0005010722886782961
MarcoMay83,0.0013791374122367102,0.0,7.349677758179049e-05,0.0005010722886782961
CodyPitch,0.0013791374122367102,0.0,7.349677758179049e-05,0.0005010722886782961
krishnang2393,0.0013791374122367102,0.0,7.349677758179049e-05,0.0005010722886782961
BigBossMane24,0.0013791374122367102,0.0,7.349677758179049e-05,0.0005010722886782961
ManLiett,0.0013791374122367102,0.0,7.349677758179049e-05,0.0005010722886782961
WorldwideDadson,0.0013791374122367102,0.0,7.349677758179049e-05,0.0005010722886782961
lHexicanl,0.0013791374122367102,0.0,7.349677758179049e-05,0.0005010722886782961
XavierM94228601,0.0013791374122367102,0.0,7.349677758179049e-05,0.0005010722886782961
Superted386,0.0013791374122367102,0.0,7.349677758179049e-05,0.0005010722886782961
CoalitionDamned,0.0013791374122367102,0.0,7.349677758179049e-05,0.0005010722886782961
_AConscience_,0.0013791374122367102,0.0,7.349677758179049e-05,0.0005010722886782961
Maddy56406762,0.0013791374122367102,0.0,7.349677758179049e-05,0.0005010722886782961
TSLA4orphans,0.0013791374122367102,0.0,7.349677758179049e-05,0.0005010722886782961
loveburn427,0.0013791374122367102,0.0,7.349677758179049e-05,0.0005010722886782961
CountMoh,0.0013791374122367102,0.0,7.349677758179049e-05,0.0005010722886782961
_Meta_Ph3nom_,0.0013791374122367102,0.0,7.349677758179049e-05,0.0005010722886782961
liangna1997,0.0013791374122367102,0.0,7.349677758179049e-05,0.0005010722886782961
BarryBruno6,0.0013791374122367102,0.0,7.349677758179049e-05,0.0005010722886782961
Conoscite,0.0013791374122367102,0.0,7.349677758179049e-05,0.0005010722886782961
rakeshn07365011,0.0013791374122367102,0.0,7.349677758179049e-05,0.0005010722886782961
Joetorch1,0.0013791374122367102,0.0,7.349677758179049e-05,0.0005010722886782961
luizfdelucab,0.0013791374122367102,0.0,7.349677758179049e-05,0.0005010722886782961
CryptoDog312,0.0013791374122367102,0.0,7.349677758179049e-05,0.0005010722886782961
liridon_arifaj,0.0013791374122367102,0.0,7.349677758179049e-05,0.0005010722886782961
ZamriZainuddin8,0.0013791374122367102,0.0,7.349677758179049e-05,0.0005010722886782961
Z_Nasir7,0.0013791374122367102,0.0,7.349677758179049e-05,0.0005010722886782961
lewandogeski,0.0013791374122367102,0.0,7.349677758179049e-05,0.0005010722886782961
lesleelobato1,0.0013791374122367102,0.0,7.349677758179049e-05,0.0005010722886782961
Zangomus,0.0013791374122367102,0.0,7.349677758179049e-05,0.0005010722886782961
JohnMotard,0.0013791374122367102,0.0,7.349677758179049e-05,0.0005010722886782961
Zazaclubourso,0.0013791374122367102,0.0,7.349677758179049e-05,0.0005010722886782961
StevenLeeSimon,0.0013791374122367102,0.0,7.349677758179049e-05,0.0005010722886782961
YgRumitItuKamu,0.0013791374122367102,0.0,7.349677758179049e-05,0.0005010722886782961
BekahDivine,0.0013791374122367102,0.0,7.349677758179049e-05,0.0005010722886782961
BelchersHK,0.0013791374122367102,0.0,7.349677758179049e-05,0.0005010722886782961
Yaseminra3,0.0013791374122367102,0.0,7.349677758179049e-05,0.0005010722886782961
SundariShyamala,0.0013791374122367102,0.0,7.349677758179049e-05,0.0005010722886782961
SuprateekGoyal,0.0013791374122367102,0.0,7.349677758179049e-05,0.0005010722886782961
StonkTrapHouse,0.0013791374122367102,0.0,7.349677758179049e-05,0.0005010722886782961
BayLeca,0.0013791374122367102,0.0,7.349677758179049e-05,0.0005010722886782961
rohanbkakde,0.0013791374122367102,0.0,7.349677758179049e-05,0.0005010722886782961
M44_1RJ,0.0013791374122367102,0.0,7.349677758179049e-05,0.0005010722886782961
rs911203,0.0013791374122367102,0.0,7.349677758179049e-05,0.0005010722886782961
rtmasog,0.0013791374122367102,0.0,7.349677758179049e-05,0.0005010722886782961
Cruelnunusual1,0.0013791374122367102,0.0,7.349677758179049e-05,0.0005010722886782961
MVPMVP2006,0.0013791374122367102,0.0,7.349677758179049e-05,0.0005010722886782961
Maggie050118666,0.0013791374122367102,0.0,7.349677758179049e-05,0.0005010722886782961
MFM1R,0.0013791374122367102,0.0,7.349677758179049e-05,0.0005010722886782961
Badboystylz,0.0013791374122367102,0.0,7.349677758179049e-05,0.0005010722886782961
T_A_Raichu,0.0013791374122367102,0.0,7.349677758179049e-05,0.0005010722886782961
MariusZam,0.0013791374122367102,0.0,7.349677758179049e-05,0.0005010722886782961
Mariaa11147,0.0013791374122367102,0.0,7.349677758179049e-05,0.0005010722886782961
BarterDianne,0.0013791374122367102,0.0,7.349677758179049e-05,0.0005010722886782961
TimPric35270473,0.0013791374122367102,0.0,7.349677758179049e-05,0.0005010722886782961
CaitlinKurvink,0.0013791374122367102,0.0,7.349677758179049e-05,0.0005010722886782961
LCR_Fin_Grp,0.0013791374122367102,0.0,7.349677758179049e-05,0.0005010722886782961
PsymplOfficial,0.0013791374122367102,0.0,7.349677758179049e-05,0.0005010722886782961
PureFTH,0.0013791374122367102,0.0,7.349677758179049e-05,0.0005010722886782961
PuroNOT,0.0013791374122367102,0.0,7.349677758179049e-05,0.0005010722886782961
xXF3D3x,0.0013791374122367102,0.0,7.349677758179049e-05,0.0005010722886782961
JenIsWaving,0.0013791374122367102,0.0,7.349677758179049e-05,0.0005010722886782961
45_teresa22,0.0013791374122367102,0.0,7.349677758179049e-05,0.0005010722886782961
4nti50cialMedia,0.0013791374122367102,0.0,7.349677758179049e-05,0.0005010722886782961
deathbecomesmax,0.0013791374122367102,0.0,7.349677758179049e-05,0.0005010722886782961
yapc6_yap,0.0013791374122367102,0.0,7.349677758179049e-05,0.0005010722886782961
yashvone,0.0013791374122367102,0.0,7.349677758179049e-05,0.0005010722886782961
xxero_syn,0.0013791374122367102,0.0,7.349677758179049e-05,0.0005010722886782961
zamzoum94,0.0013791374122367102,0.0,7.349677758179049e-05,0.0005010722886782961
zavicoco1,0.0013791374122367102,0.0,7.349677758179049e-05,0.0005010722886782961
Proud2bAmerkin,0.0013791374122367102,0.0,7.349677758179049e-05,0.0005010722886782961
KenKolke,0.0013791374122367102,0.0,7.349677758179049e-05,0.0005010722886782961
moonglory10,0.0013791374122367102,0.0,7.349677758179049e-05,0.0005010722886782961
KimYunChat,0.0013791374122367102,0.0,7.349677758179049e-05,0.0005010722886782961
TheMikeMorton,0.0013791374122367102,0.0,7.349677758179049e-05,0.0005010722886782961
The_Inviziblez,0.0013791374122367102,0.0,7.349677758179049e-05,0.0005010722886782961
TheVigilAngel,0.0013791374122367102,0.0,7.349677758179049e-05,0.0005010722886782961
paranoidream,0.0013791374122367102,0.0,7.349677758179049e-05,0.0005010722886782961
otiliamanda,0.0013791374122367102,0.0,7.349677758179049e-05,0.0005010722886782961
nellienutkins,0.0013791374122367102,0.0,7.349677758179049e-05,0.0005010722886782961
BuddhistApe,0.0013791374122367102,0.0,7.349677758179049e-05,0.0005010722886782961
oowwee_buddy,0.0013791374122367102,0.0,7.349677758179049e-05,0.0005010722886782961
Kosesaray,0.0013791374122367102,0.0,7.349677758179049e-05,0.0005010722886782961
Cap63366585,0.0013791374122367102,0.0,7.349677758179049e-05,0.0005010722886782961
navmishra1997,0.0013791374122367102,0.0,7.349677758179049e-05,0.0005010722886782961
TllBrausewetter,0.0013791374122367102,0.0,7.349677758179049e-05,0.0005010722886782961
Kristyann39,0.0013791374122367102,0.0,7.349677758179049e-05,0.0005010722886782961
newAlexIvanov,0.0013791374122367102,0.0,7.349677758179049e-05,0.0005010722886782961
Leoila6,0.0013791374122367102,0.0,7.349677758179049e-05,0.0005010722886782961
RORIBAS1,0.0013791374122367102,0.0,7.349677758179049e-05,0.0005010722886782961
wizard_worldly,0.0013791374122367102,0.0,7.349677758179049e-05,0.0005010722886782961
PryZmRuleZZ,0.0013791374122367102,0.0,7.349677758179049e-05,0.0005010722886782961
QuagRage,0.0013791374122367102,0.0,7.349677758179049e-05,0.0005010722886782961
5a47n,0.0013791374122367102,0.0,7.349677758179049e-05,0.0005010722886782961
ellie_ellie666,0.0013791374122367102,0.0,7.349677758179049e-05,0.0005010722886782961
elonmuslim07,0.0013791374122367102,0.0,7.349677758179049e-05,0.0005010722886782961
zeecrid,0.0013791374122367102,0.0,7.349677758179049e-05,0.0005010722886782961
Francesca1Diasi,0.0013791374122367102,0.0,7.349677758179049e-05,0.0005010722886782961
Ever19Tower,0.0013791374122367102,0.0,7.349677758179049e-05,0.0005010722886782961
Evgenia1492,0.0013791374122367102,0.0,7.349677758179049e-05,0.0005010722886782961
GHillajian,0.0013791374122367102,0.0,7.349677758179049e-05,0.0005010722886782961
enoughtalk4,0.0013791374122367102,0.0,7.349677758179049e-05,0.0005010722886782961
fabricecalmels,0.0013791374122367102,0.0,7.349677758179049e-05,0.0005010722886782961
esmeil1999,0.0013791374122367102,0.0,7.349677758179049e-05,0.0005010722886782961
emmandemm77,0.0013791374122367102,0.0,7.349677758179049e-05,0.0005010722886782961
F1Womble,0.0013791374122367102,0.0,7.349677758179049e-05,0.0005010722886782961
1DeadPhish,0.0013791374122367102,0.0,7.349677758179049e-05,0.0005010722886782961
fortunecryx,0.0013791374122367102,0.0,7.349677758179049e-05,0.0005010722886782961
franco_tator,0.0013791374122367102,0.0,7.349677758179049e-05,0.0005010722886782961
ElonaldJTrump,0.0013791374122367102,0.0,7.349677758179049e-05,0.0005010722886782961
cs_rpr,0.0013791374122367102,0.0,7.349677758179049e-05,0.0005010722886782961
zorrorgv69,0.0013791374122367102,0.0,7.349677758179049e-05,0.0005010722886782961
LIFE_MC02,0.0013791374122367102,0.0,7.349677758179049e-05,0.0005010722886782961
notld420,0.0013791374122367102,0.0,7.349677758179049e-05,0.0005010722886782961
RaZofRoZ,0.0013791374122367102,0.0,7.349677758179049e-05,0.0005010722886782961
Feefifo101,0.0013791374122367102,0.0,7.349677758179049e-05,0.0005010722886782961
Fabiolafrias9,0.0013791374122367102,0.0,7.349677758179049e-05,0.0005010722886782961
dusunen_kukla,0.0013791374122367102,0.0,7.349677758179049e-05,0.0005010722886782961
dvdinjp,0.0013791374122367102,0.0,7.349677758179049e-05,0.0005010722886782961
yojimbot,0.0013791374122367102,0.0,7.349677758179049e-05,0.0005010722886782961
Francis86340619,0.0013791374122367102,0.0,7.349677758179049e-05,0.0005010722886782961
PIsonny,0.0013791374122367102,0.0,7.349677758179049e-05,0.0005010722886782961
Palebluejosh,0.0013791374122367102,0.0,7.349677758179049e-05,0.0005010722886782961
deathshipone,0.0013791374122367102,0.0,7.349677758179049e-05,0.0005010722886782961
LoriMeyers1000,0.0013791374122367102,0.0,7.349677758179049e-05,0.0005010722886782961
rahilsethi,0.0013791374122367102,0.0,7.349677758179049e-05,0.0005010722886782961
qaddy,0.0013791374122367102,0.0,7.349677758179049e-05,0.0005010722886782961
przedmonitorem,0.0013791374122367102,0.0,7.349677758179049e-05,0.0005010722886782961
priyansu_vasava,0.0013791374122367102,0.0,7.349677758179049e-05,0.0005010722886782961
pjderossitte,0.0013791374122367102,0.0,7.349677758179049e-05,0.0005010722886782961
powder_rider,0.0013791374122367102,0.0,7.349677758179049e-05,0.0005010722886782961
Karzn465,0.0013791374122367102,0.0,7.349677758179049e-05,0.0005010722886782961
Bluegeek33,0.0013791374122367102,0.0,7.349677758179049e-05,0.0005010722886782961
Bob07805771,0.0013791374122367102,0.0,7.349677758179049e-05,0.0005010722886782961
LosForajidas,0.0013791374122367102,0.0,7.349677758179049e-05,0.0005010722886782961
pornpandemic,0.0013791374122367102,0.0,7.349677758179049e-05,0.0005010722886782961
mbirkes,0.0013791374122367102,0.0,7.349677758179049e-05,0.0005010722886782961
mayor_omo,0.0013791374122367102,0.0,7.349677758179049e-05,0.0005010722886782961
Vincent45984943,0.0013791374122367102,0.0,7.349677758179049e-05,0.0005010722886782961
LolliBunny1,0.0013791374122367102,0.0,7.349677758179049e-05,0.0005010722886782961
pravda_real,0.0013791374122367102,0.0,7.349677758179049e-05,0.0005010722886782961
randalljlea,0.0013791374122367102,0.0,7.349677758179049e-05,0.0005010722886782961
LudditeDesign,0.0013791374122367102,0.0,7.349677758179049e-05,0.0005010722886782961
matijagav,0.0013791374122367102,0.0,7.349677758179049e-05,0.0005010722886782961
maria_marriiaaa,0.0013791374122367102,0.0,7.349677758179049e-05,0.0005010722886782961
WiseGal_LaE,0.0013791374122367102,0.0,7.349677758179049e-05,0.0005010722886782961
Wings__Uriel,0.0013791374122367102,0.0,7.349677758179049e-05,0.0005010722886782961
marc_legere,0.0013791374122367102,0.0,7.349677758179049e-05,0.0005010722886782961
Whywant2know,0.0013791374122367102,0.0,7.349677758179049e-05,0.0005010722886782961
Lordeaux577,0.0013791374122367102,0.0,7.349677758179049e-05,0.0005010722886782961
WetKissesBitch,0.0013791374122367102,0.0,7.349677758179049e-05,0.0005010722886782961
WhitneyWalker33,0.0013791374122367102,0.0,7.349677758179049e-05,0.0005010722886782961
WaltTheStalt,0.0013791374122367102,0.0,7.349677758179049e-05,0.0005010722886782961
JustinDazzler,0.0013791374122367102,0.0,7.349677758179049e-05,0.0005010722886782961
ChrisPatterDu,0.0013791374122367102,0.0,7.349677758179049e-05,0.0005010722886782961
markmcan,0.0013791374122367102,0.0,7.349677758179049e-05,0.0005010722886782961
marvinlyonheir,0.0013791374122367102,0.0,7.349677758179049e-05,0.0005010722886782961
ChristianKWatt,0.0013791374122367102,0.0,7.349677758179049e-05,0.0005010722886782961
JuliansCat2,0.0013791374122367102,0.0,7.349677758179049e-05,0.0005010722886782961
Brown70William,0.0013791374122367102,0.0,7.349677758179049e-05,0.0005010722886782961
Bray10Marty,0.0013791374122367102,0.0,7.349677758179049e-05,0.0005010722886782961
BradTurvey2,0.0013791374122367102,0.0,7.349677758179049e-05,0.0005010722886782961
patternsoforder,0.0013791374122367102,0.0,7.349677758179049e-05,0.0005010722886782961
Longhorned,0.0013791374122367102,0.0,7.349677758179049e-05,0.0005010722886782961
Lazar4Attila,0.0013791374122367102,0.0,7.349677758179049e-05,0.0005010722886782961
TheBrainA,0.0013791374122367102,0.0,7.349677758179049e-05,0.0005010722886782961
moinaltaf1973,0.0013791374122367102,0.0,7.349677758179049e-05,0.0005010722886782961
LiteratiNagy,0.0013791374122367102,0.0,7.349677758179049e-05,0.0005010722886782961
mmqq93,0.0013791374122367102,0.0,7.349677758179049e-05,0.0005010722886782961
KaleyGoode,0.0013791374122367102,0.0,7.349677758179049e-05,0.0005010722886782961
CestLeMondeDeD1,0.0013791374122367102,0.0,7.349677758179049e-05,0.0005010722886782961
Cee_Dubbbs,0.0013791374122367102,0.0,7.349677758179049e-05,0.0005010722886782961
mkinthuk,0.0013791374122367102,0.0,7.349677758179049e-05,0.0005010722886782961
CatherinScience,0.0013791374122367102,0.0,7.349677758179049e-05,0.0005010722886782961
Causticat1,0.0013791374122367102,0.0,7.349677758179049e-05,0.0005010722886782961
USAEnthusiast,0.0013791374122367102,0.0,7.349677758179049e-05,0.0005010722886782961
mma0604,0.0013791374122367102,0.0,7.349677758179049e-05,0.0005010722886782961
pettyaf1220,0.0013791374122367102,0.0,7.349677758179049e-05,0.0005010722886782961
pgonzhi,0.0013791374122367102,0.0,7.349677758179049e-05,0.0005010722886782961
pavez_rod,0.0013791374122367102,0.0,7.349677758179049e-05,0.0005010722886782961
TelegramFC,0.0013791374122367102,0.0,7.349677758179049e-05,0.0005010722886782961
Lu_perez184,0.0013791374122367102,0.0,7.349677758179049e-05,0.0005010722886782961
TeslaMadMax,0.0013791374122367102,0.0,7.349677758179049e-05,0.0005010722886782961
Jwarchol,0.0013791374122367102,0.0,7.349677758179049e-05,0.0005010722886782961
K0m0d0drag0n,0.0013791374122367102,0.0,7.349677758179049e-05,0.0005010722886782961
Bronicorn2000,0.0013791374122367102,0.0,7.349677758179049e-05,0.0005010722886782961
Chandra42069,0.0013791374122367102,0.0,7.349677758179049e-05,0.0005010722886782961
miniclip8pool,0.0013791374122367102,0.0,7.349677758179049e-05,0.0005010722886782961
ChavsofBrexit,0.0013791374122367102,0.0,7.349677758179049e-05,0.0005010722886782961
Karen1Thomson,0.0013791374122367102,0.0,7.349677758179049e-05,0.0005010722886782961
KadhimAlhuri,0.0013791374122367102,0.0,7.349677758179049e-05,0.0005010722886782961
Vagabond4LNine,0.0013791374122367102,0.0,7.349677758179049e-05,0.0005010722886782961
VahusheeGeFaanu,0.0013791374122367102,0.0,7.349677758179049e-05,0.0005010722886782961
Vicky46841023,0.0013791374122367102,0.0,7.349677758179049e-05,0.0005010722886782961
Chandle81111372,0.0013791374122367102,0.0,7.349677758179049e-05,0.0005010722886782961
Narendr_24,0.0013791374122367102,0.0,7.349677758179049e-05,0.0005010722886782961
NamastePena,0.0013791374122367102,0.0,7.349677758179049e-05,0.0005010722886782961
Mwanyalo_01,0.0013791374122367102,0.0,7.349677758179049e-05,0.0005010722886782961
MykidssuperS,0.0013791374122367102,0.0,7.349677758179049e-05,0.0005010722886782961
thatdogegirl,0.0013791374122367102,0.0,7.349677758179049e-05,0.0005010722886782961
AlyssaIngerso14,0.0013791374122367102,0.0,7.349677758179049e-05,0.0005010722886782961
hunterbide,0.0013791374122367102,0.0,7.349677758179049e-05,0.0005010722886782961
DamlaAHN14,0.0013791374122367102,0.0,7.349677758179049e-05,0.0005010722886782961
HaveFunWorkHar1,0.0013791374122367102,0.0,7.349677758179049e-05,0.0005010722886782961
hypermrc,0.0013791374122367102,0.0,7.349677758179049e-05,0.0005010722886782961
hollimana,0.0013791374122367102,0.0,7.349677758179049e-05,0.0005010722886782961
DonBens7990,0.0013791374122367102,0.0,7.349677758179049e-05,0.0005010722886782961
DonchoGunchev,0.0013791374122367102,0.0,7.349677758179049e-05,0.0005010722886782961
brage_skj,0.0013791374122367102,0.0,7.349677758179049e-05,0.0005010722886782961
brandybgood,0.0013791374122367102,0.0,7.349677758179049e-05,0.0005010722886782961
HermanoBlack,0.0013791374122367102,0.0,7.349677758179049e-05,0.0005010722886782961
Haulingtmber,0.0013791374122367102,0.0,7.349677758179049e-05,0.0005010722886782961
DreamStarter_1,0.0013791374122367102,0.0,7.349677758179049e-05,0.0005010722886782961
thetwitabides,0.0013791374122367102,0.0,7.349677758179049e-05,0.0005010722886782961
AllScalePodcast,0.0013791374122367102,0.0,7.349677758179049e-05,0.0005010722886782961
tim3048,0.0013791374122367102,0.0,7.349677758179049e-05,0.0005010722886782961
Alexjonez2,0.0013791374122367102,0.0,7.349677758179049e-05,0.0005010722886782961
therebemonster,0.0013791374122367102,0.0,7.349677758179049e-05,0.0005010722886782961
RyanakaFlats,0.0013791374122367102,0.0,7.349677758179049e-05,0.0005010722886782961
S0l75572298,0.0013791374122367102,0.0,7.349677758179049e-05,0.0005010722886782961
NFTmikedaJew,0.0013791374122367102,0.0,7.349677758179049e-05,0.0005010722886782961
Alejandra1804,0.0013791374122367102,0.0,7.349677758179049e-05,0.0005010722886782961
NguyenQuynh2269,0.0013791374122367102,0.0,7.349677758179049e-05,0.0005010722886782961
SCOTTMATTHEWSSS,0.0013791374122367102,0.0,7.349677758179049e-05,0.0005010722886782961
Drewbles82,0.0013791374122367102,0.0,7.349677758179049e-05,0.0005010722886782961
Hairball_63,0.0013791374122367102,0.0,7.349677758179049e-05,0.0005010722886782961
callMeeMax,0.0013791374122367102,0.0,7.349677758179049e-05,0.0005010722886782961
Hadi82339397,0.0013791374122367102,0.0,7.349677758179049e-05,0.0005010722886782961
henrywilson06,0.0013791374122367102,0.0,7.349677758179049e-05,0.0005010722886782961
SAURABHABHALE,0.0013791374122367102,0.0,7.349677758179049e-05,0.0005010722886782961
RightsFrAnimals,0.0013791374122367102,0.0,7.349677758179049e-05,0.0005010722886782961
NubeBlanca122,0.0013791374122367102,0.0,7.349677758179049e-05,0.0005010722886782961
OverHTMoooooon,0.0013791374122367102,0.0,7.349677758179049e-05,0.0005010722886782961
Revolt_RL9,0.0013791374122367102,0.0,7.349677758179049e-05,0.0005010722886782961
A___clown,0.0013791374122367102,0.0,7.349677758179049e-05,0.0005010722886782961
vespers22,0.0013791374122367102,0.0,7.349677758179049e-05,0.0005010722886782961
vibe_violet,0.0013791374122367102,0.0,7.349677758179049e-05,0.0005010722886782961
frittzey,0.0013791374122367102,0.0,7.349677758179049e-05,0.0005010722886782961
HeiserMeisterG,0.0013791374122367102,0.0,7.349677758179049e-05,0.0005010722886782961
EllMicah,0.0013791374122367102,0.0,7.349677758179049e-05,0.0005010722886782961
fred_seydel,0.0013791374122367102,0.0,7.349677758179049e-05,0.0005010722886782961
EldiariodeHerni,0.0013791374122367102,0.0,7.349677758179049e-05,0.0005010722886782961
Hossenfaus1,0.0013791374122367102,0.0,7.349677758179049e-05,0.0005010722886782961
bidani_bechir,0.0013791374122367102,0.0,7.349677758179049e-05,0.0005010722886782961
DjKled007,0.0013791374122367102,0.0,7.349677758179049e-05,0.0005010722886782961
inception6382,0.0013791374122367102,0.0,7.349677758179049e-05,0.0005010722886782961
Housebythelake1,0.0013791374122367102,0.0,7.349677758179049e-05,0.0005010722886782961
ElizabethCrit,0.0013791374122367102,0.0,7.349677758179049e-05,0.0005010722886782961
hytork62,0.0013791374122367102,0.0,7.349677758179049e-05,0.0005010722886782961
iJaceSummers,0.0013791374122367102,0.0,7.349677758179049e-05,0.0005010722886782961
SakshiSonkar61,0.0013791374122367102,0.0,7.349677758179049e-05,0.0005010722886782961
MsProLifeUSA,0.0013791374122367102,0.0,7.349677758179049e-05,0.0005010722886782961
Msrahmed2,0.0013791374122367102,0.0,7.349677758179049e-05,0.0005010722886782961
tekiller2003,0.0013791374122367102,0.0,7.349677758179049e-05,0.0005010722886782961
Sakalichi,0.0013791374122367102,0.0,7.349677758179049e-05,0.0005010722886782961
AndressBolivarr,0.0013791374122367102,0.0,7.349677758179049e-05,0.0005010722886782961
Rickyyt32,0.0013791374122367102,0.0,7.349677758179049e-05,0.0005010722886782961
t3live,0.0013791374122367102,0.0,7.349677758179049e-05,0.0005010722886782961
Naru12431,0.0013791374122367102,0.0,7.349677758179049e-05,0.0005010722886782961
SKalraj,0.0013791374122367102,0.0,7.349677758179049e-05,0.0005010722886782961
frank6ix1,0.0013791374122367102,0.0,7.349677758179049e-05,0.0005010722886782961
EnohAyaych,0.0013791374122367102,0.0,7.349677758179049e-05,0.0005010722886782961
Er98273861,0.0013791374122367102,0.0,7.349677758179049e-05,0.0005010722886782961
Emmyeast1,0.0013791374122367102,0.0,7.349677758179049e-05,0.0005010722886782961
Notillkings,0.0013791374122367102,0.0,7.349677758179049e-05,0.0005010722886782961
syed_tayal,0.0013791374122367102,0.0,7.349677758179049e-05,0.0005010722886782961
LayLaylyalay8,0.0013791374122367102,0.0,7.349677758179049e-05,0.0005010722886782961
yorgakos,0.0013791374122367102,0.0,7.349677758179049e-05,0.0005010722886782961
yafiwa4773,0.0013791374122367102,0.0,7.349677758179049e-05,0.0005010722886782961
Pestilencemage,0.0013791374122367102,0.0,7.349677758179049e-05,0.0005010722886782961
PointBlanc999,0.0013791374122367102,0.0,7.349677758179049e-05,0.0005010722886782961
vijaysarvaiya73,0.0013791374122367102,0.0,7.349677758179049e-05,0.0005010722886782961
vborrison,0.0013791374122367102,0.0,7.349677758179049e-05,0.0005010722886782961
Gurkan4142,0.0013791374122367102,0.0,7.349677758179049e-05,0.0005010722886782961
ActorBretCorey,0.0013791374122367102,0.0,7.349677758179049e-05,0.0005010722886782961
Abhijit91168736,0.0013791374122367102,0.0,7.349677758179049e-05,0.0005010722886782961
Rochellaone,0.0013791374122367102,0.0,7.349677758179049e-05,0.0005010722886782961
RodJane14,0.0013791374122367102,0.0,7.349677758179049e-05,0.0005010722886782961
Rishi75443594,0.0013791374122367102,0.0,7.349677758179049e-05,0.0005010722886782961
GauchoNFT,0.0013791374122367102,0.0,7.349677758179049e-05,0.0005010722886782961
gisuelashgari,0.0013791374122367102,0.0,7.349677758179049e-05,0.0005010722886782961
gid5ta,0.0013791374122367102,0.0,7.349677758179049e-05,0.0005010722886782961
AdrianaGalayda,0.0013791374122367102,0.0,7.349677758179049e-05,0.0005010722886782961
Fernand27673550,0.0013791374122367102,0.0,7.349677758179049e-05,0.0005010722886782961
dugnology,0.0013791374122367102,0.0,7.349677758179049e-05,0.0005010722886782961
cuprankov_vita,0.0013791374122367102,0.0,7.349677758179049e-05,0.0005010722886782961
npstackz,0.0013791374122367102,0.0,7.349677758179049e-05,0.0005010722886782961
nopenotherenow,0.0013791374122367102,0.0,7.349677758179049e-05,0.0005010722886782961
TimKelleherCorp,0.0013791374122367102,0.0,7.349677758179049e-05,0.0005010722886782961
CMilliband,0.0013791374122367102,0.0,7.349677758179049e-05,0.0005010722886782961
northrop55555,0.0013791374122367102,0.0,7.349677758179049e-05,0.0005010722886782961
ThomasB79298469,0.0013791374122367102,0.0,7.349677758179049e-05,0.0005010722886782961
CR0CUTA_R6,0.0013791374122367102,0.0,7.349677758179049e-05,0.0005010722886782961
doctacam1,0.0013791374122367102,0.0,7.349677758179049e-05,0.0005010722886782961
oNouguier,0.0013791374122367102,0.0,7.349677758179049e-05,0.0005010722886782961
CComstri,0.0013791374122367102,0.0,7.349677758179049e-05,0.0005010722886782961
ThornsandClaws,0.0013791374122367102,0.0,7.349677758179049e-05,0.0005010722886782961
Butterfly011997,0.0013791374122367102,0.0,7.349677758179049e-05,0.0005010722886782961
Byrd8Lanie,0.0013791374122367102,0.0,7.349677758179049e-05,0.0005010722886782961
Lacheza24650137,0.0013791374122367102,0.0,7.349677758179049e-05,0.0005010722886782961
CHAINeSAIR,0.0013791374122367102,0.0,7.349677758179049e-05,0.0005010722886782961
NatLovesFun,0.0013791374122367102,0.0,7.349677758179049e-05,0.0005010722886782961
NisaHott,0.0013791374122367102,0.0,7.349677758179049e-05,0.0005010722886782961
Nisha38636831,0.0013791374122367102,0.0,7.349677758179049e-05,0.0005010722886782961
Nobodysignific3,0.0013791374122367102,0.0,7.349677758179049e-05,0.0005010722886782961
AlTheKingBundy1,0.0013791374122367102,0.0,7.349677758179049e-05,0.0005010722886782961
Afzal83983830,0.0013791374122367102,0.0,7.349677758179049e-05,0.0005010722886782961
trueBlackMatrix,0.0013791374122367102,0.0,7.349677758179049e-05,0.0005010722886782961
AkshayL59008308,0.0013791374122367102,0.0,7.349677758179049e-05,0.0005010722886782961
granlea2016,0.0013791374122367102,0.0,7.349677758179049e-05,0.0005010722886782961
cartagenera_,0.0013791374122367102,0.0,7.349677758179049e-05,0.0005010722886782961
cas0527148,0.0013791374122367102,0.0,7.349677758179049e-05,0.0005010722886782961
GuyWithABoat,0.0013791374122367102,0.0,7.349677758179049e-05,0.0005010722886782961
Gwen060588,0.0013791374122367102,0.0,7.349677758179049e-05,0.0005010722886782961
cearbha1,0.0013791374122367102,0.0,7.349677758179049e-05,0.0005010722886782961
cerofvcksgiven,0.0013791374122367102,0.0,7.349677758179049e-05,0.0005010722886782961
hexwin5555,0.0013791374122367102,0.0,7.349677758179049e-05,0.0005010722886782961
GulledgeKurt,0.0013791374122367102,0.0,7.349677758179049e-05,0.0005010722886782961
chELs_Professor,0.0013791374122367102,0.0,7.349677758179049e-05,0.0005010722886782961
geordieferguso2,0.0013791374122367102,0.0,7.349677758179049e-05,0.0005010722886782961
georgegist1,0.0013791374122367102,0.0,7.349677758179049e-05,0.0005010722886782961
geovaniapb,0.0013791374122367102,0.0,7.349677758179049e-05,0.0005010722886782961
geek4ever555,0.0013791374122367102,0.0,7.349677758179049e-05,0.0005010722886782961
Eexemplega,0.0013791374122367102,0.0,7.349677758179049e-05,0.0005010722886782961
commonfolk365,0.0013791374122367102,0.0,7.349677758179049e-05,0.0005010722886782961
cromsaunders,0.0013791374122367102,0.0,7.349677758179049e-05,0.0005010722886782961
cont3mplador,0.0013791374122367102,0.0,7.349677758179049e-05,0.0005010722886782961
Nebulavexion,0.0013791374122367102,0.0,7.349677758179049e-05,0.0005010722886782961
codingfodder,0.0013791374122367102,0.0,7.349677758179049e-05,0.0005010722886782961
chrisishiguzo,0.0013791374122367102,0.0,7.349677758179049e-05,0.0005010722886782961
GodIsTheOrgasm,0.0013791374122367102,0.0,7.349677758179049e-05,0.0005010722886782961
Geraldi64979343,0.0013791374122367102,0.0,7.349677758179049e-05,0.0005010722886782961
guides_way,0.0013791374122367102,0.0,7.349677758179049e-05,0.0005010722886782961
christi10006880,0.0013791374122367102,0.0,7.349677758179049e-05,0.0005010722886782961
Rriro5,0.0013791374122367102,0.0,7.349677758179049e-05,0.0005010722886782961
Rosesmselles,0.0013791374122367102,0.0,7.349677758179049e-05,0.0005010722886782961
codehurtsbrain,0.0013791374122367102,0.0,7.349677758179049e-05,0.0005010722886782961
MbsrlM,0.0013791374122367102,0.0,7.349677758179049e-05,0.0005010722886782961
SovietOJ,0.0013791374122367102,0.0,7.349677758179049e-05,0.0005010722886782961
MeenaArjune,0.0013791374122367102,0.0,7.349677758179049e-05,0.0005010722886782961
shoogahray,0.0013791374122367102,0.0,7.349677758179049e-05,0.0005010722886782961
SpaceProphet3,0.0013791374122367102,0.0,7.349677758179049e-05,0.0005010722886782961
SpeciallyEduca8,0.0013791374122367102,0.0,7.349677758179049e-05,0.0005010722886782961
scpenny506,0.0013791374122367102,0.0,7.349677758179049e-05,0.0005010722886782961
idunostuff,0.0013791374122367102,0.0,7.349677758179049e-05,0.0005010722886782961
kjchanusmnt,0.0013791374122367102,0.0,7.349677758179049e-05,0.0005010722886782961
Jah280618342,0.0013791374122367102,0.0,7.349677758179049e-05,0.0005010722886782961
JaiteGiles,0.0013791374122367102,0.0,7.349677758179049e-05,0.0005010722886782961
JacobB1290H,0.0013791374122367102,0.0,7.349677758179049e-05,0.0005010722886782961
kingsthinqs,0.0013791374122367102,0.0,7.349677758179049e-05,0.0005010722886782961
DanDuryeas,0.0013791374122367102,0.0,7.349677758179049e-05,0.0005010722886782961
DanMcDonough17,0.0013791374122367102,0.0,7.349677758179049e-05,0.0005010722886782961
abeomer,0.0013791374122367102,0.0,7.349677758179049e-05,0.0005010722886782961
sceptet,0.0013791374122367102,0.0,7.349677758179049e-05,0.0005010722886782961
Avi_serfay,0.0013791374122367102,0.0,7.349677758179049e-05,0.0005010722886782961
Arlivon,0.0013791374122367102,0.0,7.349677758179049e-05,0.0005010722886782961
slumdogmily,0.0013791374122367102,0.0,7.349677758179049e-05,0.0005010722886782961
JZhou1000,0.0013791374122367102,0.0,7.349677758179049e-05,0.0005010722886782961
J__Smallberries,0.0013791374122367102,0.0,7.349677758179049e-05,0.0005010722886782961
alexbintqaboos1,0.0013791374122367102,0.0,7.349677758179049e-05,0.0005010722886782961
alhowiriny,0.0013791374122367102,0.0,7.349677758179049e-05,0.0005010722886782961
DanteZeeDante1,0.0013791374122367102,0.0,7.349677758179049e-05,0.0005010722886782961
MaxLuchs1,0.0013791374122367102,0.0,7.349677758179049e-05,0.0005010722886782961
DanZuckerman4,0.0013791374122367102,0.0,7.349677758179049e-05,0.0005010722886782961
Dashisnew,0.0013791374122367102,0.0,7.349677758179049e-05,0.0005010722886782961
DanielF93536231,0.0013791374122367102,0.0,7.349677758179049e-05,0.0005010722886782961
Dangero42204763,0.0013791374122367102,0.0,7.349677758179049e-05,0.0005010722886782961
kaokwu,0.0013791374122367102,0.0,7.349677758179049e-05,0.0005010722886782961
SportsDjf,0.0013791374122367102,0.0,7.349677758179049e-05,0.0005010722886782961
Sslayer141,0.0013791374122367102,0.0,7.349677758179049e-05,0.0005010722886782961
shitstain_m,0.0013791374122367102,0.0,7.349677758179049e-05,0.0005010722886782961
JPBeaver76,0.0013791374122367102,0.0,7.349677758179049e-05,0.0005010722886782961
EternleNotes,0.0013791374122367102,0.0,7.349677758179049e-05,0.0005010722886782961
vinchie_cebu,0.0013791374122367102,0.0,7.349677758179049e-05,0.0005010722886782961
weezy1ubn,0.0013791374122367102,0.0,7.349677758179049e-05,0.0005010722886782961
wangeuihong1,0.0013791374122367102,0.0,7.349677758179049e-05,0.0005010722886782961
wagner_rob,0.0013791374122367102,0.0,7.349677758179049e-05,0.0005010722886782961
AK47206,0.0013791374122367102,0.0,7.349677758179049e-05,0.0005010722886782961
PartyPunksNFT,0.0013791374122367102,0.0,7.349677758179049e-05,0.0005010722886782961
RedeemTheNews,0.0013791374122367102,0.0,7.349677758179049e-05,0.0005010722886782961
adelayna2,0.0013791374122367102,0.0,7.349677758179049e-05,0.0005010722886782961
Gabriel24571390,0.0013791374122367102,0.0,7.349677758179049e-05,0.0005010722886782961
Gamefi2023,0.0013791374122367102,0.0,7.349677758179049e-05,0.0005010722886782961
fkprnty2fm,0.0013791374122367102,0.0,7.349677758179049e-05,0.0005010722886782961
fguae,0.0013791374122367102,0.0,7.349677758179049e-05,0.0005010722886782961
Jeff75241155,0.0013791374122367102,0.0,7.349677758179049e-05,0.0005010722886782961
JessicaRehrig33,0.0013791374122367102,0.0,7.349677758179049e-05,0.0005010722886782961
Jazziest175,0.0013791374122367102,0.0,7.349677758179049e-05,0.0005010722886782961
Jbuddy617,0.0013791374122367102,0.0,7.349677758179049e-05,0.0005010722886782961
RealRichAfrica,0.0013791374122367102,0.0,7.349677758179049e-05,0.0005010722886782961
Martiania1,0.0013791374122367102,0.0,7.349677758179049e-05,0.0005010722886782961
schmidlap2020,0.0013791374122367102,0.0,7.349677758179049e-05,0.0005010722886782961
samYoga90733857,0.0013791374122367102,0.0,7.349677758179049e-05,0.0005010722886782961
samkitj00665401,0.0013791374122367102,0.0,7.349677758179049e-05,0.0005010722886782961
BINHTRANVAN101,0.0013791374122367102,0.0,7.349677758179049e-05,0.0005010722886782961
BS__Exposed,0.0013791374122367102,0.0,7.349677758179049e-05,0.0005010722886782961
a_gullickson,0.0013791374122367102,0.0,7.349677758179049e-05,0.0005010722886782961
Cu04860969Nancy,0.0013791374122367102,0.0,7.349677758179049e-05,0.0005010722886782961
FriesandPop432,0.0013791374122367102,0.0,7.349677758179049e-05,0.0005010722886782961
DTEV111,0.0013791374122367102,0.0,7.349677758179049e-05,0.0005010722886782961
Culkin00,0.0013791374122367102,0.0,7.349677758179049e-05,0.0005010722886782961
Cryptolowest,0.0013791374122367102,0.0,7.349677758179049e-05,0.0005010722886782961
a31789139,0.0013791374122367102,0.0,7.349677758179049e-05,0.0005010722886782961
_link182_,0.0013791374122367102,0.0,7.349677758179049e-05,0.0005010722886782961
d_mouissaoui,0.0013791374122367102,0.0,7.349677758179049e-05,0.0005010722886782961
dan_kwi,0.0013791374122367102,0.0,7.349677758179049e-05,0.0005010722886782961
FreeeeeSpeeeech,0.0013791374122367102,0.0,7.349677758179049e-05,0.0005010722886782961
DSmithofficial,0.0013791374122367102,0.0,7.349677758179049e-05,0.0005010722886782961
inert_like_neon,0.0013791374122367102,0.0,7.349677758179049e-05,0.0005010722886782961
Iam_Nasiruddeen,0.0013791374122367102,0.0,7.349677758179049e-05,0.0005010722886782961
jamiecoffeyFPT,0.0013791374122367102,0.0,7.349677758179049e-05,0.0005010722886782961
jc3737,0.0013791374122367102,0.0,7.349677758179049e-05,0.0005010722886782961
jasminomazic,0.0013791374122367102,0.0,7.349677758179049e-05,0.0005010722886782961
javiersierra131,0.0013791374122367102,0.0,7.349677758179049e-05,0.0005010722886782961
Degen_Hodl,0.0013791374122367102,0.0,7.349677758179049e-05,0.0005010722886782961
DefitigerArmy,0.0013791374122367102,0.0,7.349677758179049e-05,0.0005010722886782961
MichaelGooley2,0.0013791374122367102,0.0,7.349677758179049e-05,0.0005010722886782961
jalilshahiazar,0.0013791374122367102,0.0,7.349677758179049e-05,0.0005010722886782961
applebutter333,0.0013791374122367102,0.0,7.349677758179049e-05,0.0005010722886782961
aniketvartak,0.0013791374122367102,0.0,7.349677758179049e-05,0.0005010722886782961
anonymossources,0.0013791374122367102,0.0,7.349677758179049e-05,0.0005010722886782961
asif_amirii,0.0013791374122367102,0.0,7.349677758179049e-05,0.0005010722886782961
asdasdsadgh2222,0.0013791374122367102,0.0,7.349677758179049e-05,0.0005010722886782961
arnavwrites,0.0013791374122367102,0.0,7.349677758179049e-05,0.0005010722886782961
SharonBlogging,0.0013791374122367102,0.0,7.349677758179049e-05,0.0005010722886782961
Der_Vevemeister,0.0013791374122367102,0.0,7.349677758179049e-05,0.0005010722886782961
Diveej_,0.0013791374122367102,0.0,7.349677758179049e-05,0.0005010722886782961
MrBox42429448,0.0013791374122367102,0.0,7.349677758179049e-05,0.0005010722886782961
Moregodthangod1,0.0013791374122367102,0.0,7.349677758179049e-05,0.0005010722886782961
susannereichold,0.0013791374122367102,0.0,7.349677758179049e-05,0.0005010722886782961
Angrybullxrp,0.0013791374122367102,0.0,7.349677758179049e-05,0.0005010722886782961
sticktofacts1,0.0013791374122367102,0.0,7.349677758179049e-05,0.0005010722886782961
Saisankaran,0.0013791374122367102,0.0,7.349677758179049e-05,0.0005010722886782961
ScanmyphotosC,0.0013791374122367102,0.0,7.349677758179049e-05,0.0005010722886782961
babydoge_420,0.0013791374122367102,0.0,7.349677758179049e-05,0.0005010722886782961
SaveLibertyUS,0.0013791374122367102,0.0,7.349677758179049e-05,0.0005010722886782961
IAmBoreder,0.0013791374122367102,0.0,7.349677758179049e-05,0.0005010722886782961
ivomarinovic2,0.0013791374122367102,0.0,7.349677758179049e-05,0.0005010722886782961
banekondic1996,0.0013791374122367102,0.0,7.349677758179049e-05,0.0005010722886782961
inpotens,0.0013791374122367102,0.0,7.349677758179049e-05,0.0005010722886782961
imredhunter_,0.0013791374122367102,0.0,7.349677758179049e-05,0.0005010722886782961
ironyistasty,0.0013791374122367102,0.0,7.349677758179049e-05,0.0005010722886782961
Instagrams609,0.0013791374122367102,0.0,7.349677758179049e-05,0.0005010722886782961
SarwarpurH,0.0013791374122367102,0.0,7.349677758179049e-05,0.0005010722886782961
ArsalGamer,0.0013791374122367102,0.0,7.349677758179049e-05,0.0005010722886782961
ansel_tech,0.0013791374122367102,0.0,7.349677758179049e-05,0.0005010722886782961
ItsTeaTimeJ,0.0013791374122367102,0.0,7.349677758179049e-05,0.0005010722886782961
DeGrijzeMassa,0.0013791374122367102,0.0,7.349677758179049e-05,0.0005010722886782961
andreasionis,0.0013791374122367102,0.0,7.349677758179049e-05,0.0005010722886782961
anglshck,0.0013791374122367102,0.0,7.349677758179049e-05,0.0005010722886782961
JAlvarezJr,0.0013791374122367102,0.0,7.349677758179049e-05,0.0005010722886782961
DavidrByrnes,0.0013791374122367102,0.0,7.349677758179049e-05,0.0005010722886782961
SeriousGood,0.0013791374122367102,0.0,7.349677758179049e-05,0.0005010722886782961
k1r0vv,0.0013791374122367102,0.0,7.349677758179049e-05,0.0005010722886782961
jlondondeaners,0.0013791374122367102,0.0,7.349677758179049e-05,0.0005010722886782961
DavidAcostaJua1,0.0013791374122367102,0.0,7.349677758179049e-05,0.0005010722886782961
jojoz60,0.0013791374122367102,0.0,7.349677758179049e-05,0.0005010722886782961
SkiingBlock,0.0013791374122367102,0.0,7.349677758179049e-05,0.0005010722886782961
MetaMirror_,0.0013791374122367102,0.0,7.349677758179049e-05,0.0005010722886782961
SkinnyManTerraC,0.0013791374122367102,0.0,7.349677758179049e-05,0.0005010722886782961
Skylarkwinter,0.0013791374122367102,0.0,7.349677758179049e-05,0.0005010722886782961
DaveWaugh10,0.0013791374122367102,0.0,7.349677758179049e-05,0.0005010722886782961
AresLLLLLLL,0.0013791374122367102,0.0,7.349677758179049e-05,0.0005010722886782961
MisterEUs2,0.0013791374122367102,0.0,7.349677758179049e-05,0.0005010722886782961
Mohammad_Kunkar,0.0013791374122367102,0.0,7.349677758179049e-05,0.0005010722886782961
ArgghhOf,0.0013791374122367102,0.0,7.349677758179049e-05,0.0005010722886782961
AriolAtelier,0.0013791374122367102,0.0,7.349677758179049e-05,0.0005010722886782961
AnkurAg10227207,0.0013791374122367102,0.0,7.349677758179049e-05,0.0005010722886782961
Andytriesthing,0.0013791374122367102,0.0,7.349677758179049e-05,0.0005010722886782961
stephev09857915,0.0013791374122367102,0.0,7.349677758179049e-05,0.0005010722886782961
ArrowsGallery,0.0013791374122367102,0.0,7.349677758179049e-05,0.0005010722886782961
starshine_3,0.0013791374122367102,0.0,7.349677758179049e-05,0.0005010722886782961
MikeTheRed918,0.0013791374122367102,0.0,7.349677758179049e-05,0.0005010722886782961
SiachiNFT,0.0013791374122367102,0.0,7.349677758179049e-05,0.0005010722886782961
standbyhero,0.0013791374122367102,0.0,7.349677758179049e-05,0.0005010722886782961
MickTaylor43,0.0013791374122367102,0.0,7.349677758179049e-05,0.0005010722886782961
Sherri_Lynn_W,0.0013791374122367102,0.0,7.349677758179049e-05,0.0005010722886782961
ArturoH40955550,0.0013791374122367102,0.0,7.349677758179049e-05,0.0005010722886782961
starvedbillion,0.0013791374122367102,0.0,7.349677758179049e-05,0.0005010722886782961
star95011,0.0013791374122367102,0.0,7.349677758179049e-05,0.0005010722886782961
convl0,0.0010030090270812437,6.539996164040711e-06,0.0005650567978037707,0.0004949333573949942
jeffgent99,0.0003761283851554664,0.0,0.0014384556196375695,0.0004912588397138056
ThomasMoneyhon,0.0012537612838515546,0.0,0.00020634069002494943,0.0004904016218542814
punjiam,0.0012537612838515546,0.0,0.00019958147497189891,0.0004887118180910188
MrBeast,0.0011283851554663993,0.0,0.00035498341949611874,0.0004836806592872694
bradsferguson,0.0012537612838515546,2.2009602475137007e-07,0.00017640442517058316,0.00048300559405059046
wordsbymt,0.0012537612838515546,1.4149030162588076e-07,0.00016679841461129328,0.0004805726491215178
stevenmarkryan,0.0012537612838515546,0.0,0.00016692283800323634,0.0004805471588488532
RobertELBowman,0.0011283851554663993,0.0,0.00031983370294958434,0.00047489323015063585
yourdessy,0.0012537612838515546,2.655825365333199e-05,7.832580681239382e-05,0.00046902120251247534
DebeeMI,0.0012537612838515546,2.3581716937646793e-08,0.00010703180178750835,0.00046558383248169625
WingsofGHG,0.0012537612838515546,4.7163433875293585e-08,9.279823440629106e-05,0.000462034873323167
FrankFaust18,0.0011283851554663993,0.0,0.0002652496643988406,0.0004612472205129499
SnazzyQ,0.0011283851554663993,0.0,0.0002643460672823499,0.00046102132123382723
drew95ca,0.0012537612838515546,7.860572312548932e-08,8.600729500020508e-05,0.0004603497153873456
XRMultiverse,0.0012537612838515546,4.7163433875293585e-08,8.495074796799396e-05,0.0004600730017135927
davidmweissman,0.0011283851554663993,0.0,0.0002604411383600985,0.00046004508900326436
M82Real,0.0012537612838515546,0.0,8.462246189723391e-05,0.00045997206482235257
saitamaOg27,0.0012537612838515546,0.0,8.117404885335897e-05,0.0004591099615613838
BeliveinCrypto,0.0012537612838515546,0.0,8.117404885335897e-05,0.0004591099615613838
opiniongooo,0.0012537612838515546,9.694705852143683e-08,7.717634152838303e-05,0.00045814931355354845
Andy_mc31,0.0012537612838515546,7.860572312548932e-08,7.647547220522254e-05,0.0004579667596885999
DoKimCPA,0.0012537612838515546,0.0,7.628690397599944e-05,0.00045788817534204393
KimKlausSellsAZ,0.0012537612838515546,0.0,7.628690397599944e-05,0.00045788817534204393
TonyadeVitti,0.0012537612838515546,0.0,7.349677758179049e-05,0.00045719064374349173
jplarger,0.0012537612838515546,0.0,7.349677758179049e-05,0.00045719064374349173
SixbyFire,0.0012537612838515546,0.0,7.349677758179049e-05,0.00045719064374349173
Zerpillion,0.0012537612838515546,0.0,7.349677758179049e-05,0.00045719064374349173
dpwhite,0.0012537612838515546,0.0,7.349677758179049e-05,0.00045719064374349173
FranciscoChime2,0.0012537612838515546,0.0,7.349677758179049e-05,0.00045719064374349173
MrSir1514,0.0012537612838515546,0.0,7.349677758179049e-05,0.00045719064374349173
Silkroute17,0.0012537612838515546,0.0,7.349677758179049e-05,0.00045719064374349173
JamesBr666,0.0012537612838515546,0.0,7.349677758179049e-05,0.00045719064374349173
stbrandcannabis,0.0012537612838515546,0.0,7.349677758179049e-05,0.00045719064374349173
RogueSailor,0.0012537612838515546,0.0,7.349677758179049e-05,0.00045719064374349173
info_sprinkles,0.0012537612838515546,0.0,7.349677758179049e-05,0.00045719064374349173
SidorsTomass,0.0012537612838515546,0.0,7.349677758179049e-05,0.00045719064374349173
VictorTharp3,0.0012537612838515546,0.0,7.349677758179049e-05,0.00045719064374349173
mayabtc123,0.0012537612838515546,0.0,7.349677758179049e-05,0.00045719064374349173
jasonemry,0.0012537612838515546,0.0,7.349677758179049e-05,0.00045719064374349173
Shurtugal881,0.0012537612838515546,0.0,7.349677758179049e-05,0.00045719064374349173
TeslaParaTodos,0.0011283851554663993,2.71975802014193e-06,0.00023321978785810444,0.00045432765458582264
Timcast,0.0010030090270812437,0.0,0.00040207707368965467,0.00045157242790084894
TicTocTick,0.0010030090270812437,0.0,0.00039995126857113246,0.0004510409766212184
r__narne,0.0011283851554663993,0.0,0.0002092599235488244,0.00044724978530044586
TD_Tesla,0.0010030090270812437,0.0,0.00038178956644972155,0.00044650055109086566
yitgordon,0.0010030090270812437,0.0,0.0003609047641252555,0.00044127935050974914
DiedrichLeander,0.0010030090270812437,0.0,0.00035781334004386954,0.00044050649448940267
costakonti1,0.0011283851554663993,2.6534671936394346e-05,0.0001348106710838483,0.0004392513409587596
Azbrian0317,0.0011283851554663993,0.0,0.000171719210078253,0.000437864606932803
mark24227825,0.0011283851554663993,9.432686775058717e-08,0.00016900813159315936,0.0004372245680586298
buzzman123,0.0011283851554663993,0.0,0.0001673256582198999,0.0004367662189682147
heydave7,0.0008776328986960883,0.0,0.0005174702995060473,0.0004365390894201427
TuukkaMard,0.0010030090270812437,1.8865373550117434e-07,0.000337472565194255,0.0004354967622711995
adamdavidson,0.0008776328986960883,0.0,0.0005113648872263012,0.00043501273635020615
Mollyploofkins,0.0008776328986960883,0.0,0.0005113648872263012,0.00043501273635020615
PeeLo73,0.0011283851554663993,4.244709048776423e-07,0.00014994364981334775,0.00043259050522852775
TeslaUpdateInfo,0.0011283851554663993,6.374924145477183e-06,0.00013927367863724748,0.0004323031937307425
frugal_trader,0.00012537612838515547,0.0,0.0015478994916166668,0.0004308565178389711
Barnacules,0.0011283851554663993,6.131246403788167e-07,0.00013604936467386344,0.0004291923954378571
hallomakke,0.0010030090270812437,0.0,0.00031079743142010464,0.00042875251733346146
RobinToal,0.0011283851554663993,2.1223545243882116e-07,0.00013212854610300762,0.0004280518351199672
_pacific_labs_,0.0011283851554663993,3.45865181752153e-07,0.00012864527959643524,0.00042723447038504946
CalisCihan,0.0011283851554663993,2.13545547824246e-06,0.00011822131091122925,0.00042534431433234403
PinballReed,0.0011283851554663993,4.134661036400738e-06,0.0001139340902577516,0.0004250721913922379
UWmontlaker,0.0011283851554663993,1.4463453055090034e-06,0.00011274379949920837,0.0004236992924102454
slye,0.0010030090270812437,0.0,0.0002892237188584103,0.0004233590891930378
eu_bike,0.0011283851554663993,1.2242579357717876e-05,9.049073856422e-05,0.00042245452079738184
Dottie07730239,0.0011283851554663993,0.0,0.00010797942888785736,0.00042192966163520407
wanda_hudson,0.0011283851554663993,2.2782558752537656e-06,0.00010246719321611296,0.0004214629050673695
ZainS180,0.0005015045135406219,0.0,0.0009730151624096406,0.0004187803703416278
Joscocok,0.0011283851554663993,8.033504903425007e-06,7.92361803350662e-05,0.0004179572514583763
GerberKawasaki,0.0010030090270812437,0.0,0.0002654321493748422,0.00041741119682214584
KiwiTenPtak,0.0011283851554663993,0.0,8.91325710861116e-05,0.00041721794718476763
peter_dozal,0.0011283851554663993,0.0,8.336706179293683e-05,0.00041577656986147395
TazGweilo,0.0011283851554663993,0.0,8.224829989248456e-05,0.0004154968793863609
sadcinnati,0.0011283851554663993,0.0,8.224829989248456e-05,0.0004154968793863609
Dyoung1208,0.0011283851554663993,0.0,8.224829989248456e-05,0.0004154968793863609
VigorLynx,0.0011283851554663993,0.0,8.224829989248456e-05,0.0004154968793863609
giosaia,0.0011283851554663993,0.0,7.758969831316523e-05,0.00041433222899153104
SjvTesla,0.0011283851554663993,1.7686287703235096e-07,7.678901900768907e-05,0.00041420280431597495
th3y0rsh,0.0011283851554663993,0.0,7.349677758179049e-05,0.0004133089988086874
SanderK54317391,0.0011283851554663993,0.0,7.349677758179049e-05,0.0004133089988086874
derealscorpion,0.0011283851554663993,0.0,7.349677758179049e-05,0.0004133089988086874
Michel0First,0.0011283851554663993,0.0,7.349677758179049e-05,0.0004133089988086874
xDreamCoding,0.0011283851554663993,0.0,7.349677758179049e-05,0.0004133089988086874
kazzowie,0.0011283851554663993,0.0,7.349677758179049e-05,0.0004133089988086874
dividendgrowth1,0.0011283851554663993,0.0,7.349677758179049e-05,0.0004133089988086874
ChrisLzu,0.0011283851554663993,0.0,7.349677758179049e-05,0.0004133089988086874
LuigiBucciero2,0.0011283851554663993,0.0,7.349677758179049e-05,0.0004133089988086874
KjwTired,0.0011283851554663993,0.0,7.349677758179049e-05,0.0004133089988086874
TheAceMar,0.0011283851554663993,0.0,7.349677758179049e-05,0.0004133089988086874
RambleRubble,0.0011283851554663993,0.0,7.349677758179049e-05,0.0004133089988086874
DewdSaid,0.0011283851554663993,0.0,7.349677758179049e-05,0.0004133089988086874
RealDanODowd,0.0010030090270812437,0.0,0.00021753086723836786,0.0004054358762880272
Ominsey,0.0010030090270812437,1.4149030162588076e-07,0.000215121618087694,0.00040489016012100915
WR4NYGov,0.0010030090270812437,3.442930672896432e-06,0.0001916650609181099,0.0004003465969771213
Milan54541,0.0008776328986960883,0.0,0.00036490354441063915,0.00039839740064629065
Tesla_Air_Bull,0.00012537612838515547,0.0,0.0014176047572735451,0.0003982828342531907
CaptainVoni,0.0010030090270812437,2.3809673534710713e-05,0.00014887488270505874,0.0003977957495685843
StanphylCap,0.0007522567703109329,1.257691570007829e-07,0.0005347086434616433,0.0003970173381370376
tesla_kobe,0.0008776328986960883,0.0,0.00035307674993076155,0.00039544070202632124
Richard_Schiff,0.0010030090270812437,0.0,0.00017121966776073577,0.00039385807641861923
ValueAnalyst1,0.0008776328986960883,1.1201315545382227e-06,0.000338173562300712,0.00039216295774062416
Kat_230775,0.0010030090270812437,1.5721144625097863e-08,0.00016277962133728742,0.0003917543532706072
withabeverage,0.0010030090270812437,0.0,0.00016131726479332132,0.0003913824756767656
FelixKern2,0.0006268806419257773,2.3581716937646795e-07,0.0006850158629227852,0.0003907565172724689
MocaTesla,0.0006268806419257773,4.873554833780337e-07,0.0006780400434725997,0.0003891131777355232
Frazier22Rick,0.0010030090270812437,6.288457850039145e-08,0.00014804986511176288,0.0003880907795877762
Martin_Maffard,0.0006268806419257773,4.747785676779555e-06,0.0006572740306194367,0.00038562584659959306
DivingDeveloper,0.0010030090270812437,0.0,0.00013676932710126585,0.00038524549125375175
JonErlichman,0.0008776328986960883,0.0,0.000308437348771763,0.0003842808517365716
TeslaPodcast,0.0010030090270812437,0.0,0.00012429252208637768,0.0003821262900000297
davidjamesdj,0.0010030090270812437,0.0,0.00011506129121023923,0.00037981848228099506
dontgetmusked,0.0010030090270812437,9.668503944435186e-06,9.559870263802551e-05,0.00037882023671571575
GilderanRahl,0.0010030090270812437,0.0,0.0001079121879682327,0.00037803120647049345
pearl_tesla,0.0008776328986960883,2.766921454017224e-06,0.0002761896494897138,0.0003773256954976662
SantoroSystems,0.0010030090270812437,4.7163433875293585e-08,0.0001014842174448836,0.00037644307921320627
mortenlund89,0.0010030090270812437,1.4620664501341012e-06,9.585190013264488e-05,0.00037560096109165013
rovercrc,0.0007522567703109329,0.0,0.00044881230013422817,0.00037549294464238347
TeslaStars,0.0008776328986960883,0.0,0.0002721192491320248,0.00037520132682663707
tesla_fwia,0.0007522567703109329,0.0,0.0004464721298786248,0.00037490790207848267
MoeTheMartian,0.0010030090270812437,3.3800460943960404e-07,9.41155954587106e-05,0.0003747172601868888
harshalhbhosale,0.0010030090270812437,2.693556112433434e-06,8.913492435480872e-05,0.0003744143130121108
socratesxoxo,0.0010030090270812437,0.0,9.137400530552275e-05,0.00037389666080481595
Ashiga13,0.0010030090270812437,2.255984253701543e-06,8.727584396920516e-05,0.0003737745141722172
hildebrand030,0.0010030090270812437,7.546149420046974e-07,8.913492435480872e-05,0.0003736387365439393
macgyver_p,0.0010030090270812437,3.1442289250195726e-08,8.706242710446182e-05,0.0003728313431702508
HealthyPeoplePL,0.0010030090270812437,0.0,8.631742319183376e-05,0.00037263251527639373
QuashieShine,0.0010030090270812437,1.5721144625097863e-08,8.539866359345251e-05,0.00037240911383464845
andy_at_foh,0.0010030090270812437,0.0,8.367213063281648e-05,0.0003719711921366394
majemichaelsaba,0.0010030090270812437,0.0,8.367213063281648e-05,0.0003719711921366394
ericlacasse,0.0010030090270812437,0.0,8.367213063281648e-05,0.0003719711921366394
voidxvoid,0.0010030090270812437,0.0,8.367213063281648e-05,0.0003719711921366394
CenterRightBlak,0.0010030090270812437,0.0,8.367213063281648e-05,0.0003719711921366394
PinoCurcio,0.0010030090270812437,0.0,8.367213063281648e-05,0.0003719711921366394
marclappin,0.0010030090270812437,3.1442289250195726e-08,8.199208250826163e-05,0.00037156375702120076
Kuba60511484,0.0010030090270812437,0.0,8.167038629081415e-05,0.0003714707560511388
iceagetv,0.0010030090270812437,2.829806032517615e-07,8.091075590474073e-05,0.0003713940406959212
projectworkx,0.0010030090270812437,1.4673068316758008e-07,7.717634152838303e-05,0.00037040593713379805
carwowuk,0.0007522567703109329,0.0,0.0004279614377702038,0.00037028022905137743
TMyslowski,0.0010030090270812437,0.0,7.47404750476734e-05,0.0003697382782403536
cubldr97,0.0010030090270812437,0.0,7.349677758179049e-05,0.0003694273538738829
yVibrantCapital,0.0010030090270812437,0.0,7.349677758179049e-05,0.0003694273538738829
C10wnw0r1d,0.0010030090270812437,0.0,7.349677758179049e-05,0.0003694273538738829
Perry96046564,0.0010030090270812437,0.0,7.349677758179049e-05,0.0003694273538738829
salajm,0.0010030090270812437,0.0,7.349677758179049e-05,0.0003694273538738829
carolelucky,0.0010030090270812437,0.0,7.349677758179049e-05,0.0003694273538738829
marcell16895275,0.0010030090270812437,0.0,7.349677758179049e-05,0.0003694273538738829
markocmb,0.0010030090270812437,0.0,7.349677758179049e-05,0.0003694273538738829
AEONde,0.0010030090270812437,0.0,7.349677758179049e-05,0.0003694273538738829
Boy2000Fan,0.0010030090270812437,0.0,7.349677758179049e-05,0.0003694273538738829
cincinnatus82,0.0010030090270812437,0.0,7.349677758179049e-05,0.0003694273538738829
xAlden,0.0008776328986960883,0.0,0.00024375795846050803,0.0003681110041587579
MietTesla,0.0008776328986960883,2.672594586266637e-07,0.0002416186377809335,0.0003676830777723149
WatcherGuru,0.0008776328986960883,0.0,0.00023160029204378802,0.00036507158755457787
model3yokohama,0.0008776328986960883,7.860572312548932e-08,0.00021033241243248322,0.0003597860599410019
ElectrifyAm,0.0008776328986960883,0.0,0.00020791194740848003,0.0003591495013957509
sorgeweniger,0.0007522567703109329,0.0,0.00037583428186014305,0.00035724844007386223
earcos,0.0008776328986960883,8.882446713180293e-07,0.00018296380499291815,0.00035326776366038763
ton_aarts,0.0008776328986960883,7.546149420046974e-07,0.00018084576604708038,0.00035268480203220283
BoskoObradovic,0.0007522567703109329,0.0,0.00035498341949611874,0.00035203572448285614
ashwinibirla,0.0008776328986960883,4.7163433875293585e-08,0.00017208632182402146,0.00035021196037318637
John_Hempton,0.0006268806419257773,1.4149030162588076e-07,0.0005229326116728308,0.0003501979737128801
ThumbarseHuber,0.0008776328986960883,0.0,0.0001610048768306403,0.00034742273375129096
The_GhettoOprah,0.0008776328986960883,0.0,0.0001610048768306403,0.00034742273375129096
GosbeeVanessa,0.0008776328986960883,0.0,0.0001607358048245745,0.0003473554657497745
dennis_p,0.0008776328986960883,6.288457850039145e-08,0.00015909617894240398,0.000346970713110632
TeslaChillMode,0.0008776328986960883,0.0,0.00015836637002454004,0.0003467631070497659
Rodneyniya,0.0005015045135406219,0.0,0.0006839404595243999,0.0003465116946203176
fly4dat,0.0007522567703109329,0.0,0.00032891984154108833,0.00034551982999409854
peterdog15,0.0008776328986960883,0.0,0.0001468196973385888,0.0003438764388782781
omead,0.0008776328986960883,0.0,0.0001468196973385888,0.0003438764388782781
ajtourville,0.0008776328986960883,0.0,0.0001468196973385888,0.0003438764388782781
ElectrifyingCom,0.0008776328986960883,2.2009602475137007e-07,0.00014457648446316,0.00034340367406932146
gaminfr59,0.0008776328986960883,1.241970425382731e-06,0.00014163428823004074,0.0003430768747712942
SzczecinMoto,0.0008776328986960883,0.0,0.00014341766490151648,0.00034302593076901
teslavangelist,0.0008776328986960883,1.8236527765113521e-06,0.00013833842892161337,0.00034248558288463873
F1Ruaraidh,0.0008776328986960883,4.244709048776423e-07,0.00013604936467386344,0.0003413536440740478
bennyjohnson,0.0007522567703109329,0.0,0.0003117923474563541,0.00034123795647291496
BradMunchen,0.0007522567703109329,1.257691570007829e-07,0.0003105070864278092,0.00034096694887857906
SaveSoilAcharya,0.0008776328986960883,7.074515081294038e-08,0.00013386429250127825,0.0003406658857292756
Turbo8oost,0.0008776328986960883,3.1442289250195726e-08,0.00012734388610128526,0.00033902006298465226
tesla10trillion,0.0008776328986960883,2.0437488012627222e-07,0.00012501674923359675,0.0003385074518040806
TheEuroIsDoomed,0.0008776328986960883,1.3948847587695163e-05,0.00010284341641049272,0.0003384619076813321
TickerSymbolYOU,0.0008776328986960883,3.1442289250195726e-08,0.00011918648283393944,0.0003369807121678158
LennartZHH,0.0008776328986960883,1.7293259087607648e-06,0.00011529904040294748,0.000336688005007872
ElonJet,0.0007522567703109329,0.0,0.00029296320748384524,0.00033653067147978777
EstherKokkelman,0.0007522567703109329,0.0,0.0002892987273921782,0.000335614551456871
HappyJesse,0.0008776328986960883,2.3178207558935948e-05,7.61657337621563e-05,0.00033548423100774433
BonaireVolt,0.0008776328986960883,5.2823045940328816e-06,0.00010477307112782697,0.00033547770416320077
SebasFC,0.0008776328986960883,1.5013693116968458e-06,0.00010872410254371538,0.00033495308790423844
pvd_toekomst,0.0008776328986960883,0.0,0.00011071630713628715,0.00033485059132770266
mayemusk,0.0008776328986960883,0.0,0.00010695817289308172,0.0003339110577669013
EPavlic,0.0008776328986960883,0.0,0.00010695817289308172,0.0003339110577669013
TeslaNY,0.0008776328986960883,0.0,0.00010695817289308172,0.0003339110577669013
nbazer0,0.0008776328986960883,1.8865373550117434e-07,0.0001043695801888641,0.0003333393710850474
kubebase,0.0008776328986960883,0.0,0.0001035113869527093,0.0003330493612818082
IanSamyth,0.0008776328986960883,4.716343387529359e-07,9.907018244279282e-05,0.0003321277138898302
Pawe75035274,0.0008776328986960883,0.0,9.98205700199851e-05,0.0003321266570486271
ewwgaas,0.0005015045135406219,6.602880742541102e-07,0.0006248842344975814,0.0003320117535933146
40kWh,0.0008776328986960883,4.873554833780337e-07,9.83297106817906e-05,0.0003319488844074297
ScholarMonk,0.0008776328986960883,1.4227635885713566e-06,9.643272618221725e-05,0.0003318488015246137
Driver_1314,0.0007522567703109329,1.5721144625097863e-08,0.0002732038604085741,0.00033159712316882
graeme_cobb,0.0008776328986960883,0.0,9.647866611705924e-05,0.00033129118107289566
Lowrysleftcheak,0.0008776328986960883,6.288457850039145e-08,9.43476399458148e-05,0.0003307835783614847
ColinByTheCoast,0.0008776328986960883,6.288457850039145e-08,9.43476399458148e-05,0.0003307835783614847
fabioRASCH,0.0008776328986960883,0.0,9.384748368384247e-05,0.0003306333854645915
MichaKnapik4,0.0008776328986960883,0.0,9.336643132661459e-05,0.0003305131223752845
formulers,0.0006268806419257773,0.0,0.00044317016713038966,0.0003302007664566195
edwards183,0.0008776328986960883,0.0,8.564934974706416e-05,0.0003285838519803969
JamieWh02343818,0.0008776328986960883,0.0,8.564934974706416e-05,0.0003285838519803969
raleedy,0.0008776328986960883,0.0,8.564934974706416e-05,0.0003285838519803969
PeterCa63154584,0.0008776328986960883,0.0,8.564934974706416e-05,0.0003285838519803969
MikeDWinter,0.0008776328986960883,0.0,8.407566927739288e-05,0.0003281904318629791
stbr0510,0.0008776328986960883,0.0,8.388195543829256e-05,0.000328142003403204
carbonatedm1lk8,0.0008776328986960883,0.0,8.374004456969645e-05,0.00032810652568605495
flopwalk,0.0008776328986960883,9.432686775058717e-08,8.243286145208663e-05,0.00032781746065375277
Coldfell1,0.0008776328986960883,0.0,8.243286145208663e-05,0.00032777972990665253
DoctorDenise,0.0008776328986960883,0.0,8.07273896950582e-05,0.0003273533619673954
intelligent_eat,0.0008776328986960883,0.0,8.002633812549341e-05,0.00032717809907500424
cake_wars,0.0008776328986960883,0.0,7.954655743111127e-05,0.0003270581539014087
MBullrock,0.0008776328986960883,0.0,7.906535986460802e-05,0.0003269378545097829
tokcem,0.0007522567703109329,0.0,0.0002543817097632677,0.0003268852970496434
notAbot123450,0.0008776328986960883,1.131922413007046e-06,7.58531336881648e-05,0.0003265875669308749
ThatsGoing,0.0008776328986960883,0.0,7.736979833351598e-05,0.00032651396412700985
kferrDC,0.0008776328986960883,0.0,7.514917517075427e-05,0.00032595880833631943
KennethJOath,0.0008776328986960883,0.0,7.349677758179049e-05,0.0003255457089390785
slasher_slvt,0.0008776328986960883,0.0,7.349677758179049e-05,0.0003255457089390785
burneracct1099,0.0008776328986960883,0.0,7.349677758179049e-05,0.0003255457089390785
HeckTyIer,0.0008776328986960883,0.0,7.349677758179049e-05,0.0003255457089390785
DjBoolanger,0.0008776328986960883,0.0,7.349677758179049e-05,0.0003255457089390785
brc06,0.0008776328986960883,0.0,7.349677758179049e-05,0.0003255457089390785
mantooconcerned,0.0008776328986960883,0.0,7.349677758179049e-05,0.0003255457089390785
iLike80sNikes,0.0008776328986960883,0.0,7.349677758179049e-05,0.0003255457089390785
BLSmith2112,0.0008776328986960883,0.0,7.349677758179049e-05,0.0003255457089390785
sanjuthomas1102,0.0008776328986960883,0.0,7.349677758179049e-05,0.0003255457089390785
ThatOneDutchGuy,0.0008776328986960883,0.0,7.349677758179049e-05,0.0003255457089390785
TheRealHappySke,0.0008776328986960883,0.0,7.349677758179049e-05,0.0003255457089390785
4dmirer,0.0008776328986960883,0.0,7.349677758179049e-05,0.0003255457089390785
dontfallforthe,0.0008776328986960883,0.0,7.349677758179049e-05,0.0003255457089390785
keven_carpenter,0.0008776328986960883,0.0,7.349677758179049e-05,0.0003255457089390785
eschumann_art,0.0008776328986960883,0.0,7.349677758179049e-05,0.0003255457089390785
Cowaboonga1435,0.0008776328986960883,0.0,7.349677758179049e-05,0.0003255457089390785
EndlessPlaid,0.0008776328986960883,0.0,7.349677758179049e-05,0.0003255457089390785
chut78,0.0008776328986960883,0.0,7.349677758179049e-05,0.0003255457089390785
Cheeryarbiter,0.0008776328986960883,0.0,7.349677758179049e-05,0.0003255457089390785
TerryCo40928425,0.0008776328986960883,0.0,7.349677758179049e-05,0.0003255457089390785
tradenewsman,0.0008776328986960883,0.0,7.349677758179049e-05,0.0003255457089390785
titter42069,0.0008776328986960883,0.0,7.349677758179049e-05,0.0003255457089390785
stevedirkx,0.0008776328986960883,0.0,7.349677758179049e-05,0.0003255457089390785
feniksmuva,0.0008776328986960883,0.0,7.349677758179049e-05,0.0003255457089390785
spleck,0.0008776328986960883,0.0,7.349677758179049e-05,0.0003255457089390785
TilmanWinkler,0.0008776328986960883,0.0,7.349677758179049e-05,0.0003255457089390785
Marko_Baller,0.0008776328986960883,0.0,7.349677758179049e-05,0.0003255457089390785
thedarkriderr,0.0008776328986960883,0.0,7.349677758179049e-05,0.0003255457089390785
Tlger0007,0.0008776328986960883,0.0,7.349677758179049e-05,0.0003255457089390785
DeItaone,0.0007522567703109329,0.0,0.0002450483580338704,0.00032455195911729407
DriveTeslaca,0.0007522567703109329,0.0,0.00023963321457696996,0.0003231981732530689
tesla_shonan,0.0006268806419257773,0.0,0.0004130337290482304,0.00032266665693607964
oneiropagides,0.0007522567703109329,0.0,0.0002314271652263527,0.00032114666091541465
eye93009919,0.0007522567703109329,7.860572312548932e-08,0.00023005627140969398,0.00032083537975050014
EsquireEs,0.0006268806419257773,0.0,0.00038819457747534946,0.0003164568690428594
sixtus,0.0006268806419257773,0.0,0.0003862597130421552,0.00031597315293456084
tesla_kairi,0.0006268806419257773,0.0,0.0003862597130421552,0.00031597315293456084
laurenboebert,0.0006268806419257773,0.0,0.0003862597130421552,0.00031597315293456084
MrMikeStanton,0.0007522567703109329,6.288457850039145e-08,0.0001986019517659364,0.0003129655113817107
tommolog,0.0007522567703109329,0.0,0.00019748651622646788,0.0003126614986654434
iamraisini,0.0007522567703109329,0.0,0.0001933892361749303,0.000311637178652559
paraga,0.0007522567703109329,0.0,0.00019260917942306253,0.0003114421644645921
Real_Wakawaka,0.0007522567703109329,1.5721144625097864e-07,0.0001867134845700848,0.00031003112532984806
nomad_tesla,0.0007522567703109329,1.1004801237568504e-07,0.00018123699026750755,0.0003086431363806536
conspiracyb0t,0.0006268806419257773,0.0,0.00035498341949611874,0.00030815407954805173
amazonholder1,0.0007522567703109329,0.0,0.00017687469203397381,0.0003075085426173199
itsALLrisky,0.0007522567703109329,0.0,0.00016211294262889381,0.0003038181052660499
tesla_rex,0.0006268806419257773,0.0,0.00033621764336849686,0.0003034626355161463
TeslaJoy,0.0006268806419257773,6.728649899541885e-06,0.00032370712595008224,0.00030302646612135936
mn_google,0.0007522567703109329,0.0,0.00015826228365464136,0.0003028554405224868
TheMaverickWS,0.0006268806419257773,0.0,0.00033340103912517466,0.0003027584844553157
Abstrvct,0.0006268806419257773,0.0,0.0003276249395911694,0.0003013144595718144
jimcramer,0.0006268806419257773,0.0,0.0003276166626433368,0.00030131239033485627
RealtorStarShar,0.0007522567703109329,3.1442289250195726e-08,0.0001482637637328034,0.0003003683874577274
Diego_figueroav,0.0006268806419257773,0.0,0.00032370712595008224,0.0003003350061615426
ryota_tesla,0.0006268806419257773,0.0,0.0003235582069450519,0.000300297776410285
Tesla_Dawg,0.0007522567703109329,1.2734127146329269e-06,0.00013976544345878461,0.0002987405955593758
ERCOT_ISO,0.0005015045135406219,0.0,0.0004920887433801068,0.00029854876558424437
Scobleizer,0.0005015045135406219,3.1442289250195726e-08,0.000489474925959121,0.00029790788814469796
NiddrieRichard,0.0007522567703109329,0.0,0.0001380029594545742,0.00029779060947247003
TheBlakeCheck,0.0007522567703109329,5.95831381291209e-06,0.00012816410958607147,0.00029771422253050913
TheStyGuy,0.0007522567703109329,8.230543249392903e-06,0.00012427129823359973,0.0002976499114669835
ClausMller17,0.0007522567703109329,0.0,0.00013384397643749374,0.0002967508637181999
Ed22585165,0.0007522567703109329,0.0,0.0001280491931335426,0.0002953021678922121
FrederickZiffel,0.0007522567703109329,0.0,0.00012786325343887398,0.00029525568296854496
BetoORourke,0.0006268806419257773,0.0,0.00030285626358605793,0.00029512229057053653
Rc8rW,0.0007522567703109329,0.0,0.00012578578408851905,0.00029473631563095625
mat2ate7,0.0007522567703109329,0.0,0.0001226409283531635,0.0002939501016971173
MichaelAArouet,0.0006268806419257773,0.0,0.0002913931510567546,0.0002922565124382107
davidstachon,0.0007522567703109329,3.773074710023487e-07,0.0001130429312730721,0.00029170152541549546
teshen8lin,0.0007522567703109329,9.196869605682249e-07,0.00011075829929924709,0.00029134731921786553
ItsBillN,0.0007522567703109329,0.0,0.00011161620810532123,0.0002911939216351568
kevinthorley,0.0007522567703109329,0.0,0.00011110519276914979,0.0002910661678011139
bigbalognapony,0.0007522567703109329,0.0,0.00011110519276914979,0.0002910661678011139
TwoBitDaVinci,0.0007522567703109329,3.1442289250195726e-08,0.00011065008603470973,0.00029096496803320394
TomRR86,0.0007522567703109329,3.348603805145845e-06,0.00010477307112782697,0.00029082257891284153
kellenflanagan,0.0007522567703109329,0.0,0.0001092763977173974,0.0002906089690381758
Snarky_Penguin,0.0007522567703109329,0.0,0.0001092763977173974,0.0002906089690381758
ElecHighway,0.0006268806419257773,0.0,0.0002830701513816325,0.0002901757625194302
MuellerSheWrote,0.0006268806419257773,0.0,0.00028150524496006133,0.0002897845359140374
olewin,0.0006268806419257773,0.0,0.0002811904200740794,0.0002897058296925419
joshtpm,0.0006268806419257773,0.0,0.00028054236520819414,0.0002895438159760706
DanRamsFan,0.0007522567703109329,7.860572312548932e-08,0.00010477307112782697,0.0002895145796800334
autotestsonline,0.0007522567703109329,2.515383140015658e-07,0.00010180016010797418,0.00028884052496142064
FoxNews,0.0006268806419257773,0.0,0.00027753735928688557,0.00028879256449574345
iamsonurohit,0.0007522567703109329,0.0,0.0001018562429857448,0.00028875393035526266
brevolve,0.0007522567703109329,3.1442289250195726e-08,0.00010027849187067158,0.00028837206949219445
heychulkim,0.0007522567703109329,3.2699980820203555e-06,9.43476399458148e-05,0.00028818477882808826
SoulesAlejandro,0.0007522567703109329,3.1442289250195726e-08,9.730462378683751e-05,0.00028762860247123594
redrobot5050,0.0007522567703109329,1.8865373550117434e-07,9.57839126135162e-05,0.00028731130925640597
rrrraul_,0.0007522567703109329,1.5721144625097863e-08,9.400960606670798e-05,0.0002867985595833535
JohnDHerzog,0.0007522567703109329,4.7163433875293585e-08,9.364749211629126e-05,0.00028672060801144937
RealTeslaCharts,0.0007522567703109329,3.1442289250195726e-08,9.288537314674815e-05,0.00028652378981121356
Karmandalorian,0.0007522567703109329,1.5721144625097863e-08,9.249742261759982e-05,0.00028642051372107643
thepaulkerton,0.0003761283851554664,0.0,0.0006187556928915292,0.00028633385802729553
DesertDog8989,0.0007522567703109329,0.0,9.108308711883437e-05,0.00028606064138853504
ageez25,0.0007522567703109329,0.0,9.09836456717912e-05,0.00028603578102677426
shanytc,0.0007522567703109329,3.521536396021921e-06,8.47325207811064e-05,0.0002858816143625118
Funk2funkDiaz,0.0007522567703109329,0.0,8.898864433469963e-05,0.00028553703069250137
CamerondeSilva7,0.0007522567703109329,0.0,8.858037929051516e-05,0.00028543496443145526
delorisbutler,0.0007522567703109329,0.0,8.858037929051516e-05,0.00028543496443145526
jimhumphrey68,0.0007522567703109329,0.0,8.858037929051516e-05,0.00028543496443145526
APathNotTaken,0.0007522567703109329,0.0,8.858037929051516e-05,0.00028543496443145526
jbensnyder,0.0007522567703109329,0.0,8.858037929051516e-05,0.00028543496443145526
willPS21,0.0007522567703109329,0.0,8.858037929051516e-05,0.00028543496443145526
MadTr8r,0.0007522567703109329,0.0,8.80437726350858e-05,0.0002853008127675979
Point_of_Gold,0.0007522567703109329,0.0,8.8027061817103e-05,0.0002852966350631022
0n3160,0.0007522567703109329,0.0,8.783094975914007e-05,0.0002852476070486115
paddykeisuke,0.0007522567703109329,0.0,8.580182177763467e-05,0.0002847403250532351
DLaneBreckenri1,0.0007522567703109329,0.0,8.532851961873559e-05,0.00028462199951351035
Erdrikoflegend,0.0007522567703109329,0.0,8.417728453812923e-05,0.00028433419074335874
ForeignPacifist,0.0007522567703109329,0.0,8.392220876380265e-05,0.0002842704217997771
KSO676,0.0007522567703109329,0.0,8.369704595050625e-05,0.000284214131096453
stockmum,0.0006268806419257773,1.021874400631361e-06,0.0002557220667551845,0.0002837474911230707
TexasTribune,0.0006268806419257773,0.0,0.00025594182326700327,0.00028339368049077284
wfusdfcf,0.0007522567703109329,0.0,7.98411786162139e-05,0.0002832501642628799
Imie__Nazwisko,0.0007522567703109329,0.0,7.975203629099779e-05,0.0002832278786815759
D675,0.0007522567703109329,0.0,7.967647177373164e-05,0.0002832089875522594
NickCeausescu,0.0007522567703109329,0.0,7.967155012682428e-05,0.0002832077571405325
NancySara_78,0.0007522567703109329,0.0,7.906535986460802e-05,0.0002830562095749785
ayoyungswag,0.0007522567703109329,0.0,7.832580681239382e-05,0.0002828713213119249
sat050369294,0.0007522567703109329,6.288457850039145e-08,7.759845898040522e-05,0.0002827146381853279
mcsmik,0.0007522567703109329,0.0,7.658662467776106e-05,0.00028243652577826674
fuckinbotfr,0.0007522567703109329,7.860572312548932e-08,7.621645528144585e-05,0.0002823754257184381
LuizVerteiro,0.0007522567703109329,0.0,7.349677758179049e-05,0.0002816640640042741
ParadoxWasTaken,0.0007522567703109329,0.0,7.349677758179049e-05,0.0002816640640042741
CASSCONS,0.0007522567703109329,0.0,7.349677758179049e-05,0.0002816640640042741
oaedoel,0.0007522567703109329,0.0,7.349677758179049e-05,0.0002816640640042741
RS_HumanFirst11,0.0007522567703109329,0.0,7.349677758179049e-05,0.0002816640640042741
FredPow25017479,0.0007522567703109329,0.0,7.349677758179049e-05,0.0002816640640042741
LucyMintt,0.0007522567703109329,0.0,7.349677758179049e-05,0.0002816640640042741
MGozdzikowski,0.0007522567703109329,0.0,7.349677758179049e-05,0.0002816640640042741
CleoFjosnissen,0.0007522567703109329,0.0,7.349677758179049e-05,0.0002816640640042741
calebmills32090,0.0007522567703109329,0.0,7.349677758179049e-05,0.0002816640640042741
VitusBBB,0.0007522567703109329,0.0,7.349677758179049e-05,0.0002816640640042741
dilorenzo,0.0007522567703109329,0.0,7.349677758179049e-05,0.0002816640640042741
FinalFrontierTX,0.0007522567703109329,0.0,7.349677758179049e-05,0.0002816640640042741
Jellyeater2,0.0007522567703109329,0.0,7.349677758179049e-05,0.0002816640640042741
Cryptoverse95,0.0007522567703109329,0.0,7.349677758179049e-05,0.0002816640640042741
sayno2gas,0.0007522567703109329,0.0,7.349677758179049e-05,0.0002816640640042741
notleavinglv,0.0007522567703109329,0.0,7.349677758179049e-05,0.0002816640640042741
chan_lambda,0.0007522567703109329,0.0,7.349677758179049e-05,0.0002816640640042741
XXXJAYXXX3331,0.0007522567703109329,0.0,7.349677758179049e-05,0.0002816640640042741
guidomescalito,0.0007522567703109329,0.0,7.349677758179049e-05,0.0002816640640042741
SetUpUsTheB0mb,0.0007522567703109329,0.0,7.349677758179049e-05,0.0002816640640042741
Rebllon,0.0007522567703109329,0.0,7.349677758179049e-05,0.0002816640640042741
vrij_en_geen_QR,0.0007522567703109329,0.0,7.349677758179049e-05,0.0002816640640042741
walterbakesbeds,0.0007522567703109329,0.0,7.349677758179049e-05,0.0002816640640042741
dankherm,0.0007522567703109329,0.0,7.349677758179049e-05,0.0002816640640042741
pluginsites,0.0007522567703109329,0.0,7.349677758179049e-05,0.0002816640640042741
ReiItchigo,0.0007522567703109329,0.0,7.349677758179049e-05,0.0002816640640042741
MikeBrownWhoDey,0.0007522567703109329,0.0,7.349677758179049e-05,0.0002816640640042741
forakzai_,0.0007522567703109329,0.0,7.349677758179049e-05,0.0002816640640042741
NottAbott1,0.0007522567703109329,0.0,7.349677758179049e-05,0.0002816640640042741
RustyRoad,0.0007522567703109329,0.0,7.349677758179049e-05,0.0002816640640042741
hansen_luu,0.0007522567703109329,0.0,7.349677758179049e-05,0.0002816640640042741
RosaGarven,0.0007522567703109329,0.0,7.349677758179049e-05,0.0002816640640042741
ChicanoApe,0.0007522567703109329,0.0,7.349677758179049e-05,0.0002816640640042741
austinpfleming,0.0007522567703109329,0.0,7.349677758179049e-05,0.0002816640640042741
ModelSPlaid69,0.0007522567703109329,0.0,7.349677758179049e-05,0.0002816640640042741
andyleaflinux,0.0007522567703109329,0.0,7.349677758179049e-05,0.0002816640640042741
jjackson8,0.0007522567703109329,0.0,7.349677758179049e-05,0.0002816640640042741
TomekPytlak,0.0007522567703109329,0.0,7.349677758179049e-05,0.0002816640640042741
BrianCanadien,0.0007522567703109329,0.0,7.349677758179049e-05,0.0002816640640042741
DeaconTomLang,0.0007522567703109329,0.0,7.349677758179049e-05,0.0002816640640042741
John_Taylor_312,0.0007522567703109329,0.0,7.349677758179049e-05,0.0002816640640042741
lonevvolf,0.0007522567703109329,0.0,7.349677758179049e-05,0.0002816640640042741
jtesla47,0.0007522567703109329,0.0,7.349677758179049e-05,0.0002816640640042741
CroneWitch_51,0.0007522567703109329,0.0,7.349677758179049e-05,0.0002816640640042741
JRVisscher,0.0007522567703109329,0.0,7.349677758179049e-05,0.0002816640640042741
Itzibu1,0.0007522567703109329,0.0,7.349677758179049e-05,0.0002816640640042741
liberalsrwusses,0.0007522567703109329,0.0,7.349677758179049e-05,0.0002816640640042741
FirecrackerNFTs,0.0007522567703109329,0.0,7.349677758179049e-05,0.0002816640640042741
ByeonChansoo,0.0007522567703109329,0.0,7.349677758179049e-05,0.0002816640640042741
BurnerSmokin,0.0007522567703109329,0.0,7.349677758179049e-05,0.0002816640640042741
ytartuffo,0.0007522567703109329,0.0,7.349677758179049e-05,0.0002816640640042741
Pjoter300E,0.0007522567703109329,0.0,7.349677758179049e-05,0.0002816640640042741
SugaSeanMMA,0.0006268806419257773,0.0,0.00023809699314406116,0.0002789324729600373
JuhoRanta,0.0006268806419257773,0.0,0.000226055926838708,0.00027592220638369904
verge,0.0006268806419257773,0.0,0.0002256609240219125,0.0002758234556795002
TonamiPlayman,0.0006268806419257773,0.0,0.00022205917192546373,0.000274923017655388
scoutingbylogan,0.0006268806419257773,0.0,0.00021932897329392654,0.0002742404679975037
GordonJohnson19,0.0006268806419257773,0.0,0.0002168578533065757,0.000273622688000666
BarnettforAZ,0.0006268806419257773,0.0,0.00020902738294794856,0.0002716650704110092
Rivian,0.0006268806419257773,0.0,0.0001777510894019121,0.0002638459970245001
cryptomemegod,0.0006268806419257773,0.0,0.00017683283373495575,0.00026361643310776096
adamhoov,0.0006268806419257773,0.0,0.00017489004901129047,0.00026313073692684467
glasfurd31,0.0006268806419257773,1.5721144625097863e-08,0.00017407296351155203,0.0002629327540097601
iliketeslas,0.0006268806419257773,0.0,0.00017257578718307375,0.0002625521714697905
sgtesco,0.0006268806419257773,1.5721144625097863e-08,0.00017092402704219474,0.00026214551989242076
TwixDaPoodle,0.0006268806419257773,0.0,0.00016581509771018086,0.00026086199910156725
POTUS,0.0006268806419257773,0.0,0.00015876512488625764,0.00025909950589558643
raph1260,0.0006268806419257773,9.432686775058717e-08,0.0001555885442600218,0.0002583430914861277
Wondzinski,0.0006268806419257773,0.0,0.000152579480070369,0.0002575530946916143
SamSixx66,0.0005015045135406219,0.0,0.00032370712595008224,0.0002564533612267382
Verownika,0.0005015045135406219,0.0,0.00032370712595008224,0.0002564533612267382
gold_tesla,0.0005015045135406219,0.0,0.00032370712595008224,0.0002564533612267382
PiHub_Utility,0.0005015045135406219,0.0,0.00032370712595008224,0.0002564533612267382
HeavyMetal_999,0.0005015045135406219,0.0,0.00032370712595008224,0.0002564533612267382
tesla_tesra,0.0005015045135406219,0.0,0.00032370712595008224,0.0002564533612267382
BillyM2k,0.0006268806419257773,0.0,0.00014445564120007086,0.00025552213497403975
dan_karau,0.0006268806419257773,0.0,0.00014168451955990163,0.00025482935456399745
2015_tesla,0.0005015045135406219,0.0,0.000314346444927669,0.0002541131909711349
mysticl,0.0006268806419257773,1.6821624748854713e-06,0.00013604936467386344,0.0002540934308324421
osim457,0.0006268806419257773,3.1756712142697685e-06,0.00013350003798547262,0.00025405350265609813
ClemsonTom,0.0003761283851554664,1.5721144625097863e-08,0.000489474925959121,0.0002540199547520435
leo_tiedt,0.0003761283851554664,1.5721144625097863e-08,0.000489474925959121,0.0002540199547520435
TroyTeslike,0.0006268806419257773,0.0,0.00013783297673200686,0.0002538664688570238
DutchieHuigens,0.0006268806419257773,2.829806032517615e-07,0.00013649431882380882,0.00025364499662127495
falafeldiaper1,0.0006268806419257773,3.9302861562744656e-07,0.00013604936467386344,0.00025357777728873885
NCSLovi,0.0006268806419257773,0.0,0.00013240480234953778,0.0002525094252614065
kuc_9,0.0006268806419257773,7.860572312548931e-09,0.0001317575950875372,0.00025235076767483135
Jazzmaniac3,0.0006268806419257773,7.860572312548931e-09,0.0001317575950875372,0.00025235076767483135
pantyboysama,0.0006268806419257773,0.0,0.0001269859901086049,0.0002511547222011733
deezhips,0.0006268806419257773,0.0,0.0001269859901086049,0.0002511547222011733
RafaWartel,0.0006268806419257773,0.0,0.0001269859901086049,0.0002511547222011733
Enrico02135927,0.0006268806419257773,4.7163433875293585e-08,0.00012544547503373364,0.00025078845880600556
GenX_ftw,0.0006268806419257773,0.0,0.00012395587158204848,0.0002503971925695342
DaveQZhang,0.0006268806419257773,3.1442289250195726e-08,0.0001192269059247967,0.0002492275280709213
TeslaSpaceXfan,0.0006268806419257773,3.301440371270551e-07,0.00011874462938114976,0.0002492264396341603
u110110,0.0006268806419257773,0.0,0.00011913593611925764,0.00024919220870383646
ooswald,0.0006268806419257773,0.0,0.00011912471814628504,0.0002491894042105933
crypto2021_2021,0.0006268806419257773,4.244709048776423e-07,0.00011763060717024847,0.00024898566482853523
cswarketatora,0.0005015045135406219,0.0,0.0002924308324040458,0.0002486342878402291
ronmortgageguy,0.0005015045135406219,0.0,0.0002924308324040458,0.0002486342878402291
Machovell1an,0.0006268806419257773,3.301440371270551e-07,0.00011497113151739163,0.0002482830651682208
Starlink_is_lyf,0.0006268806419257773,7.074515081294038e-08,0.00011529904040294748,0.0002482612828350841
hlynur,0.0006268806419257773,3.1442289250195726e-08,0.00011158077942950278,0.0002473159964470978
LordPente,0.0006268806419257773,1.257691570007829e-07,0.00011082751964298666,0.000247165412247569
tehlike,0.0006268806419257773,1.8865373550117434e-07,0.00010844822473687972,0.00024659574235244244
PhilJankowski,0.0005015045135406219,0.0,0.0002820054012220336,0.00024602793004472603
gatica1813,0.0006268806419257773,7.074515081294038e-07,0.00010477307112782697,0.00024588447305923055
AbhChallenger,0.0006268806419257773,2.3581716937646795e-07,0.00010477307112782697,0.00024569581932372934
ClaudioSaleta,0.0006268806419257773,1.6507201856352755e-07,0.00010486027784770233,0.00024568932294337305
BRAP_Podcast,0.0006268806419257773,6.288457850039145e-08,0.00010477307112782697,0.00024562664628737896
mohamed96644337,0.0006268806419257773,0.0,0.0001043050370767063,0.00024548448394319863
Etarniceriu17,0.0006268806419257773,1.5721144625097863e-08,0.00010136715197293502,0.00024475630112510586
StefanoBoglioni,0.0006268806419257773,0.0,9.879838212251238e-05,0.00024410782020465016
scottwww,0.0006268806419257773,1.257691570007829e-07,9.851781241861967e-05,0.0002440879854414773
arnthorjon,0.0006268806419257773,9.432686775058717e-08,9.711178915799183e-05,0.00024372390271062025
johan_energy,0.0006268806419257773,0.0,9.714731496599107e-05,0.00024369505341551983
albert_Ai,0.0006268806419257773,0.0,9.649961694482617e-05,0.0002435331289102286
Tw_Gorizreigns,0.0006268806419257773,0.0,9.637350776374694e-05,0.00024350160161495878
LayneHeiny,0.0006268806419257773,0.0,9.472745341162185e-05,0.0002430900880269275
alandail,0.0006268806419257773,0.0,9.337434432379433e-05,0.00024275181075497063
yodasmell,0.0006268806419257773,0.0,9.337434432379433e-05,0.00024275181075497063
Zubru6,0.0006268806419257773,0.0,9.337434432379433e-05,0.00024275181075497063
Sponts84,0.0006268806419257773,0.0,9.337434432379433e-05,0.00024275181075497063
Guust_Kadaver,0.0006268806419257773,0.0,9.337434432379433e-05,0.00024275181075497063
SuperboffinLA,0.0006268806419257773,0.0,9.337434432379433e-05,0.00024275181075497063
donski81539744,0.0006268806419257773,0.0,9.337434432379433e-05,0.00024275181075497063
Gamer1Grown,0.0006268806419257773,0.0,9.337434432379433e-05,0.00024275181075497063
Ulkamak1,0.0006268806419257773,0.0,9.337434432379433e-05,0.00024275181075497063
jeffreyt1981,0.0006268806419257773,0.0,9.337434432379433e-05,0.00024275181075497063
Ar_Squared89,0.0006268806419257773,0.0,9.337434432379433e-05,0.00024275181075497063
Elypse2021,0.0006268806419257773,0.0,9.337434432379433e-05,0.00024275181075497063
Picocomero,0.0006268806419257773,0.0,9.337434432379433e-05,0.00024275181075497063
ssnd292,0.0006268806419257773,0.0,9.337434432379433e-05,0.00024275181075497063
idovecer,0.0006268806419257773,0.0,9.337434432379433e-05,0.00024275181075497063
Plushplaxicuss,0.0006268806419257773,0.0,9.337434432379433e-05,0.00024275181075497063
Quantensalat,0.0006268806419257773,0.0,9.337434432379433e-05,0.00024275181075497063
lipo1,0.0006268806419257773,0.0,9.337434432379433e-05,0.00024275181075497063
tastybits,0.0006268806419257773,0.0,9.181239840569274e-05,0.00024236132427544522
Arvind___Patel,0.0006268806419257773,0.0,9.107059396840066e-05,0.00024217587316612222
AustinTeslaClub,0.0003761283851554664,0.0,0.0004420466737064484,0.00024215660323102534
esaywhathb,0.0006268806419257773,2.2009602475137007e-07,8.913492435480872e-05,0.00024177999417262478
a___rho,0.0006268806419257773,0.0,8.924548995600012e-05,0.00024171959716302207
LOLGOP,0.0005015045135406219,0.0,0.0002636228452348373,0.00024143229104792694
anpahnman,0.0006268806419257773,0.0,8.746215529811081e-05,0.00024127376349854975
sambanut,0.0006268806419257773,3.1442289250195726e-08,8.627553494230536e-05,0.00024098968532529846
Avatrode,0.0006268806419257773,1.1764656561114901e-07,8.600729500020508e-05,0.00024095710705031778
LawSpider,0.0006268806419257773,0.0,8.600729500020508e-05,0.0002409100484240733
Mariss_joy,0.0006268806419257773,0.0,8.600729500020508e-05,0.0002409100484240733
Murphy2712,0.0006268806419257773,0.0,8.600729500020508e-05,0.0002409100484240733
PeterGa57410783,0.0006268806419257773,0.0,8.600729500020508e-05,0.0002409100484240733
montypythonfun,0.0006268806419257773,0.0,8.600729500020508e-05,0.0002409100484240733
TheCardiganB,0.0006268806419257773,0.0,8.569146199947327e-05,0.00024083109017389035
Tesla_AI_Bot,0.0006268806419257773,0.0,8.565130620606983e-05,0.0002408210512255395
ZulfiqarAhmed69,0.0005015045135406219,0.0,0.00026115453885800936,0.00024081521445372
AOC,0.0005015045135406219,0.0,0.00026115453885800936,0.00024081521445372
joncoopertweets,0.0005015045135406219,0.0,0.00026115453885800936,0.00024081521445372
keshava_usa,0.0006268806419257773,0.0,8.506945985086523e-05,0.00024067558963673834
math8222,0.0006268806419257773,0.0,8.488347971966965e-05,0.00024062909460393944
passionfingerz,0.0006268806419257773,7.860572312548931e-07,8.348504533006874e-05,0.00024059390889904117
TheAVNetworkGuy,0.0006268806419257773,0.0,8.319453188241988e-05,0.00024020685764462703
SayingwhatU,0.0006268806419257773,0.0,8.319453188241988e-05,0.00024020685764462703
layr951,0.0006268806419257773,0.0,8.302319975705574e-05,0.00024016402461328598
Lrawsignal,0.0006268806419257773,0.0,8.212846021333094e-05,0.0002399403397273548
Doggie_wumpus,0.0006268806419257773,0.0,8.064616522128086e-05,0.00023956976597934226
pptwit75,0.0006268806419257773,0.0,8.006530738220785e-05,0.000239424551519574
123Hoolahan,0.0006268806419257773,0.0,7.951315024312351e-05,0.00023928651223480293
ceo92014237,0.0006268806419257773,0.0,7.951315024312351e-05,0.00023928651223480293
preettweet_,0.0006268806419257773,0.0,7.796481951693856e-05,0.0002388994295532567
dwhes,0.0006268806419257773,0.0,7.760187275324233e-05,0.00023880869286233263
eddiemooreII,0.0006268806419257773,0.0,7.349677758179049e-05,0.00023778241906946966
GGGinvestor,0.0006268806419257773,0.0,7.349677758179049e-05,0.00023778241906946966
CryptoJunky34,0.0006268806419257773,0.0,7.349677758179049e-05,0.00023778241906946966
kb13161,0.0006268806419257773,0.0,7.349677758179049e-05,0.00023778241906946966
AttilaVass,0.0006268806419257773,0.0,7.349677758179049e-05,0.00023778241906946966
soapgawdstv,0.0006268806419257773,0.0,7.349677758179049e-05,0.00023778241906946966
DarcyCain,0.0006268806419257773,0.0,7.349677758179049e-05,0.00023778241906946966
VishalkarthikV2,0.0006268806419257773,0.0,7.349677758179049e-05,0.00023778241906946966
CalebChristel,0.0006268806419257773,0.0,7.349677758179049e-05,0.00023778241906946966
Hagan6Lindsay,0.0006268806419257773,0.0,7.349677758179049e-05,0.00023778241906946966
iJonniM,0.0006268806419257773,0.0,7.349677758179049e-05,0.00023778241906946966
IraolaRodrigo,0.0006268806419257773,0.0,7.349677758179049e-05,0.00023778241906946966
Brokenstill50,0.0006268806419257773,0.0,7.349677758179049e-05,0.00023778241906946966
Ipeedinyourpool,0.0006268806419257773,0.0,7.349677758179049e-05,0.00023778241906946966
BrandonTSLA,0.0006268806419257773,0.0,7.349677758179049e-05,0.00023778241906946966
Deanzsyclone,0.0006268806419257773,0.0,7.349677758179049e-05,0.00023778241906946966
DeFiEnthusiast3,0.0006268806419257773,0.0,7.349677758179049e-05,0.00023778241906946966
flo92002,0.0006268806419257773,0.0,7.349677758179049e-05,0.00023778241906946966
Artur78253456,0.0006268806419257773,0.0,7.349677758179049e-05,0.00023778241906946966
mogensen_mr,0.0006268806419257773,0.0,7.349677758179049e-05,0.00023778241906946966
squirrel079,0.0006268806419257773,0.0,7.349677758179049e-05,0.00023778241906946966
DawningMorning,0.0006268806419257773,0.0,7.349677758179049e-05,0.00023778241906946966
JochenH_14,0.0006268806419257773,0.0,7.349677758179049e-05,0.00023778241906946966
JD90730473,0.0006268806419257773,0.0,7.349677758179049e-05,0.00023778241906946966
pascaltacular,0.0006268806419257773,0.0,7.349677758179049e-05,0.00023778241906946966
TCG_Comic,0.0006268806419257773,0.0,7.349677758179049e-05,0.00023778241906946966
KiwandeBalaji,0.0006268806419257773,0.0,7.349677758179049e-05,0.00023778241906946966
rodjpr,0.0006268806419257773,0.0,7.349677758179049e-05,0.00023778241906946966
thesithlord66,0.0006268806419257773,0.0,7.349677758179049e-05,0.00023778241906946966
NB6569,0.0006268806419257773,0.0,7.349677758179049e-05,0.00023778241906946966
Ali3ngazer,0.0006268806419257773,0.0,7.349677758179049e-05,0.00023778241906946966
theDaveMorrison,0.0006268806419257773,0.0,7.349677758179049e-05,0.00023778241906946966
teslatrove,0.0006268806419257773,0.0,7.349677758179049e-05,0.00023778241906946966
threechordme,0.0006268806419257773,0.0,7.349677758179049e-05,0.00023778241906946966
transcendgrowth,0.0006268806419257773,0.0,7.349677758179049e-05,0.00023778241906946966
HBahlzack,0.0006268806419257773,0.0,7.349677758179049e-05,0.00023778241906946966
GreyAreaUK,0.0006268806419257773,0.0,7.349677758179049e-05,0.00023778241906946966
CarolEnwright,0.0006268806419257773,0.0,7.349677758179049e-05,0.00023778241906946966
Rebecca79031294,0.0006268806419257773,0.0,7.349677758179049e-05,0.00023778241906946966
GalConstitution,0.0006268806419257773,0.0,7.349677758179049e-05,0.00023778241906946966
Michael690690,0.0006268806419257773,0.0,7.349677758179049e-05,0.00023778241906946966
johnnysteamers,0.0006268806419257773,0.0,7.349677758179049e-05,0.00023778241906946966
aktascimurat,0.0006268806419257773,0.0,7.349677758179049e-05,0.00023778241906946966
JamesFibonacci,0.0006268806419257773,0.0,7.349677758179049e-05,0.00023778241906946966
Jakub_Busko,0.0006268806419257773,0.0,7.349677758179049e-05,0.00023778241906946966
kimjongyeon71,0.0006268806419257773,0.0,7.349677758179049e-05,0.00023778241906946966
DaanJuize,0.0006268806419257773,0.0,7.349677758179049e-05,0.00023778241906946966
Jeffreyshmeffry,0.0006268806419257773,0.0,7.349677758179049e-05,0.00023778241906946966
K1W1robin,0.0006268806419257773,0.0,7.349677758179049e-05,0.00023778241906946966
lacerda_pablo,0.0006268806419257773,0.0,7.349677758179049e-05,0.00023778241906946966
VincentChan001,0.0006268806419257773,0.0,7.349677758179049e-05,0.00023778241906946966
Ryanth3nerd,0.0006268806419257773,0.0,7.349677758179049e-05,0.00023778241906946966
NicholasMalley,0.0006268806419257773,0.0,7.349677758179049e-05,0.00023778241906946966
zazuch1,0.0006268806419257773,0.0,7.349677758179049e-05,0.00023778241906946966
wethepeeps1221,0.0006268806419257773,0.0,7.349677758179049e-05,0.00023778241906946966
D71911949,0.0006268806419257773,0.0,7.349677758179049e-05,0.00023778241906946966
SmudgeySmudges,0.0006268806419257773,0.0,7.349677758179049e-05,0.00023778241906946966
CtHStarki,0.0006268806419257773,0.0,7.349677758179049e-05,0.00023778241906946966
KenzXYZ,0.0006268806419257773,0.0,7.349677758179049e-05,0.00023778241906946966
USMC_NASCARFire,0.0006268806419257773,0.0,7.349677758179049e-05,0.00023778241906946966
Kenneth_TCG,0.0006268806419257773,0.0,7.349677758179049e-05,0.00023778241906946966
sagarparbatbhai,0.0006268806419257773,0.0,7.349677758179049e-05,0.00023778241906946966
sirandson,0.0006268806419257773,0.0,7.349677758179049e-05,0.00023778241906946966
Spyderp_Man,0.0006268806419257773,0.0,7.349677758179049e-05,0.00023778241906946966
SpiceWare,0.0006268806419257773,0.0,7.349677758179049e-05,0.00023778241906946966
JacobSAllinson,0.0006268806419257773,0.0,7.349677758179049e-05,0.00023778241906946966
daniavi225,0.0006268806419257773,0.0,7.349677758179049e-05,0.00023778241906946966
Lurch,0.0006268806419257773,0.0,7.349677758179049e-05,0.00023778241906946966
VaresReiko,0.0006268806419257773,0.0,7.349677758179049e-05,0.00023778241906946966
cjc1103,0.0006268806419257773,0.0,7.349677758179049e-05,0.00023778241906946966
Gerry79983367,0.0006268806419257773,0.0,7.349677758179049e-05,0.00023778241906946966
recliner256,0.0006268806419257773,0.0,7.349677758179049e-05,0.00023778241906946966
RonoDaniello,0.0006268806419257773,0.0,7.349677758179049e-05,0.00023778241906946966
Economicopoly,0.0006268806419257773,0.0,7.349677758179049e-05,0.00023778241906946966
ventiqx,0.0006268806419257773,0.0,7.349677758179049e-05,0.00023778241906946966
AdamsCruising,0.0006268806419257773,0.0,7.349677758179049e-05,0.00023778241906946966
GaryPer68539108,0.0006268806419257773,0.0,7.349677758179049e-05,0.00023778241906946966
KDirubio,0.0006268806419257773,0.0,7.349677758179049e-05,0.00023778241906946966
HumbleQuant,0.0006268806419257773,0.0,7.349677758179049e-05,0.00023778241906946966
SanIgnacio02,0.0006268806419257773,0.0,7.349677758179049e-05,0.00023778241906946966
TheBoobla,0.0006268806419257773,0.0,7.349677758179049e-05,0.00023778241906946966
EV4EU,0.0006268806419257773,0.0,7.349677758179049e-05,0.00023778241906946966
ThaGFam1,0.0006268806419257773,0.0,7.349677758179049e-05,0.00023778241906946966
MrBrainvestor,0.0006268806419257773,0.0,7.349677758179049e-05,0.00023778241906946966
Jonty3,0.0006268806419257773,0.0,7.349677758179049e-05,0.00023778241906946966
curlychrizz,0.0006268806419257773,0.0,7.349677758179049e-05,0.00023778241906946966
resonant_theory,0.0006268806419257773,0.0,7.349677758179049e-05,0.00023778241906946966
DillonDecal,0.0006268806419257773,0.0,7.349677758179049e-05,0.00023778241906946966
Debruges2,0.0006268806419257773,0.0,7.349677758179049e-05,0.00023778241906946966
HummerHealey,0.0006268806419257773,0.0,7.349677758179049e-05,0.00023778241906946966
AemielGotsMail,0.0006268806419257773,0.0,7.349677758179049e-05,0.00023778241906946966
ctech_geek,0.0006268806419257773,0.0,7.349677758179049e-05,0.00023778241906946966
curvenomics,0.0006268806419257773,0.0,7.349677758179049e-05,0.00023778241906946966
bobichette11,0.0006268806419257773,0.0,7.349677758179049e-05,0.00023778241906946966
hypnosurf,0.0006268806419257773,0.0,7.349677758179049e-05,0.00023778241906946966
GuerillaInvest1,0.0006268806419257773,0.0,7.349677758179049e-05,0.00023778241906946966
race31x,0.0006268806419257773,0.0,7.349677758179049e-05,0.00023778241906946966
ChrisMc15559051,0.0006268806419257773,0.0,7.349677758179049e-05,0.00023778241906946966
Mnhotrodbuilder,0.0006268806419257773,0.0,7.349677758179049e-05,0.00023778241906946966
Argentoning,0.0006268806419257773,0.0,7.349677758179049e-05,0.00023778241906946966
clyma22,0.0006268806419257773,0.0,7.349677758179049e-05,0.00023778241906946966
georgebackstage,0.0006268806419257773,0.0,7.349677758179049e-05,0.00023778241906946966
DinnahDawg,0.0006268806419257773,0.0,7.349677758179049e-05,0.00023778241906946966
maria19449904,0.0006268806419257773,0.0,7.349677758179049e-05,0.00023778241906946966
VictorEzenwosu,0.0006268806419257773,0.0,7.349677758179049e-05,0.00023778241906946966
RobR44133618,0.0006268806419257773,0.0,7.349677758179049e-05,0.00023778241906946966
willgonyer,0.0006268806419257773,0.0,7.349677758179049e-05,0.00023778241906946966
AndrewM27692945,0.0006268806419257773,0.0,7.349677758179049e-05,0.00023778241906946966
Themapster1,0.0006268806419257773,0.0,7.349677758179049e-05,0.00023778241906946966
1127_yuuri,0.0006268806419257773,0.0,7.349677758179049e-05,0.00023778241906946966
stewdean,0.0006268806419257773,0.0,7.349677758179049e-05,0.00023778241906946966
researchingggg,0.0006268806419257773,0.0,7.349677758179049e-05,0.00023778241906946966
STEPN_SOLO,0.0006268806419257773,0.0,7.349677758179049e-05,0.00023778241906946966
SagamiSword_,0.0006268806419257773,0.0,7.349677758179049e-05,0.00023778241906946966
bibbymiles7,0.0006268806419257773,0.0,7.349677758179049e-05,0.00023778241906946966
mikebux,0.0006268806419257773,0.0,7.349677758179049e-05,0.00023778241906946966
RogerRansome,0.0006268806419257773,0.0,7.349677758179049e-05,0.00023778241906946966
mindsoul,0.0006268806419257773,0.0,7.349677758179049e-05,0.00023778241906946966
Clowncarcrash,0.0006268806419257773,0.0,7.349677758179049e-05,0.00023778241906946966
mzalewski82,0.0006268806419257773,0.0,7.349677758179049e-05,0.00023778241906946966
Tim_Lade,0.0006268806419257773,0.0,7.349677758179049e-05,0.00023778241906946966
1carrier_pigeon,0.0006268806419257773,0.0,7.349677758179049e-05,0.00023778241906946966
BruceTheModel3,0.0006268806419257773,0.0,7.349677758179049e-05,0.00023778241906946966
Kondziork2,0.0006268806419257773,0.0,7.349677758179049e-05,0.00023778241906946966
aaronharris,0.0006268806419257773,0.0,7.349677758179049e-05,0.00023778241906946966
ryan4830582,0.0006268806419257773,0.0,7.349677758179049e-05,0.00023778241906946966
Markus_SunPower,0.0006268806419257773,0.0,7.349677758179049e-05,0.00023778241906946966
sarah_go_green,0.0006268806419257773,0.0,7.349677758179049e-05,0.00023778241906946966
desaigk,0.0006268806419257773,0.0,7.349677758179049e-05,0.00023778241906946966
omegaobject,0.0006268806419257773,0.0,7.349677758179049e-05,0.00023778241906946966
oroozen,0.0006268806419257773,0.0,7.349677758179049e-05,0.00023778241906946966
Stazzonephoto,0.0006268806419257773,0.0,7.349677758179049e-05,0.00023778241906946966
ollopa30,0.0006268806419257773,0.0,7.349677758179049e-05,0.00023778241906946966
runningrobderby,0.0006268806419257773,0.0,7.349677758179049e-05,0.00023778241906946966
Ragcha,0.0006268806419257773,0.0,7.349677758179049e-05,0.00023778241906946966
TheKrow10,0.0006268806419257773,0.0,7.349677758179049e-05,0.00023778241906946966
TheJewbyrd7777,0.0006268806419257773,0.0,7.349677758179049e-05,0.00023778241906946966
Quentin46235431,0.0006268806419257773,0.0,7.349677758179049e-05,0.00023778241906946966
PhysInHistory,0.0005015045135406219,0.0,0.00023985693744605632,0.00023549081410073172
MmeAlexandraS,0.0005015045135406219,0.0,0.0002347055571563724,0.00023420296902831075
bevedoni,0.0005015045135406219,1.037595545256459e-06,0.00023085863736347782,0.00023365627729818967
washingtonpost,0.0005015045135406219,0.0,0.00022674614030010525,0.00023221311481424394
Forbes,0.0005015045135406219,0.0,0.0002194528141299607,0.0002303897832717078
CNBC,0.0005015045135406219,0.0,0.00021424009853895462,0.0002290866043739563
NunesAlt,0.0005015045135406219,0.0,0.00020902738294794856,0.0002277834254762048
tim4hire,0.0005015045135406219,3.1442289250195726e-08,0.00020547552242632138,0.00022690803726149806
TataMotors,0.0005015045135406219,0.0,0.00019704183826220085,0.00022478703930476786
anandmahindra,0.0005015045135406219,0.0,0.00019704183826220085,0.00022478703930476786
Corey_Peters,0.0005015045135406219,0.0,0.000195134406020011,0.0002243101812442204
thehill,0.0005015045135406219,0.0,0.00019189988886321427,0.0002235015519550212
laurenfix,0.0005015045135406219,0.0,0.00019026160682032668,0.0002230919814442993
nori_tesla,0.0005015045135406219,0.0,0.0001900065228011258,0.00022302821043949909
StevenTylerAZ,0.0005015045135406219,3.45865181752153e-07,0.00017922423963956155,0.00022047098572180887
lussaIRL,0.0005015045135406219,0.0,0.0001789072755452058,0.0002202533986255191
CYBERTRCK,0.0005015045135406219,0.0,0.00017595311896806445,0.00021951485948123374
TajoCrypto,0.0005015045135406219,0.0,0.00017514473160640902,0.0002193127626408199
Finanzlehrling,0.0005015045135406219,1.4149030162588077e-06,0.00017216252264471468,0.00021913317160689985
ToscaMusk,0.0005015045135406219,0.0,0.00017253837381090597,0.00021866117319194412
clawdiache,0.0005015045135406219,0.0,0.00017199527049659147,0.0002185253973633655
tesla_raj,0.0005015045135406219,0.0,0.00017123519491315446,0.00021833537846750625
teslashillbot,0.0005015045135406219,0.0,0.00017012087567560075,0.00021805679865811783
TheDogeBird,0.0005015045135406219,0.0,0.00016664231817297757,0.00021718715928246204
WHATULOOKIN__AT,0.0005015045135406219,1.5721144625097863e-08,0.00016659348652001507,0.00021718123982707144
dasnake,0.0005015045135406219,1.5721144625097863e-08,0.00016659348652001507,0.00021718123982707144
joexn,0.0005015045135406219,6.374924145477183e-06,0.00015629797332636404,0.00021715104272899952
re_____19,0.0005015045135406219,0.0,0.00016570975157886343,0.00021695401763393348
loveallaroundu,0.0005015045135406219,6.602880742541102e-07,0.00016368109589557422,0.00021671096894281282
CJHandmer,0.0005015045135406219,0.0,0.0001642054312124288,0.00021657793754232483
AnowSukaru,0.0005015045135406219,0.0,0.00016283063736638074,0.0002162342390808128
TimRunsHisMouth,0.0005015045135406219,0.0,0.00016016635138485288,0.00021556816758543085
GOTHAM_Tesla,0.0005015045135406219,0.0,0.00015864329009132274,0.0002151874022620483
scottmelker,0.0005015045135406219,0.0,0.000157938294498825,0.0002150111533639239
teslafi,0.0005015045135406219,0.0,0.00015754962458805737,0.00021491398588623198
Berkan_Bayram,0.0005015045135406219,0.0,0.00015690022703788775,0.0002147516364986896
Justin__NC,0.0005015045135406219,0.0,0.00015682846037194122,0.00021473369483220294
davidaluum,0.0003761283851554664,0.0,0.00032973089877156046,0.00021407765949730336
kelly25421527,0.0005015045135406219,1.1004801237568504e-07,0.0001445343729167797,0.00021170419217336284
_IPau1,0.0005015045135406219,0.0,0.00014395421130707536,0.00021151513256598646
tobi_ohne_bo,0.0005015045135406219,3.1442289250195726e-08,0.0001425788080716894,0.00021118385867284007
FullyChargedShw,0.0005015045135406219,0.0,0.00013951333900991638,0.00021040491449169672
PieterOmtzigt,0.0005015045135406219,0.0,0.00013764754699080036,0.00020993846648691773
lientje1967,0.0005015045135406219,0.0,0.00013764754699080036,0.00020993846648691773
SecretDecipherd,0.0005015045135406219,4.7163433875293585e-08,0.00013604936467386344,0.00020955778628123362
plutokratija19,0.0005015045135406219,3.1442289250195726e-08,0.00013604936467386344,0.00020955149782338358
alanyapxh,0.0005015045135406219,3.1442289250195726e-08,0.0001344892511701279,0.0002091614694474497
MissJilianne,0.0005015045135406219,6.288457850039145e-08,0.00013236466251083064,0.00020864289919832546
KLM,0.0005015045135406219,0.0,0.00013091473702717205,0.00020825526399601064
bboyfloore,0.0005015045135406219,0.0,0.0001266664766100525,0.00020719319889173077
pwnwtfbbq,0.0005015045135406219,3.1442289250195726e-08,0.00012562393349185128,0.00020694514002788053
cirys1,0.0005015045135406219,0.0,0.000124750137074159,0.00020671411400775738
robhanjr,0.0005015045135406219,0.0,0.00012427129823359973,0.00020659440429761757
VW,0.0005015045135406219,0.0,0.00012423387600091632,0.0002065850487394467
thebseymore,0.0005015045135406219,0.0,0.0001235193809814617,0.00020640642498458308
Ford,0.0005015045135406219,0.0,0.00012274452868920032,0.00020621271191151772
sweetdudebro,0.0005015045135406219,0.0,0.0001223394540927196,0.00020611144326239752
j_power1,0.00025075225677031093,0.0,0.00047133737445597074,0.0002055976334836015
HaradinajRr,0.0005015045135406219,3.1442289250195726e-08,0.0001192269059247967,0.0002053458831361169
BigDicksPickz,0.0005015045135406219,0.0,0.0001170055841273737,0.00020477797577106107
ericaltm,0.0005015045135406219,0.0,0.00011525142644227097,0.00020433943634978538
BenmRob,0.0005015045135406219,0.0,0.00011519850230983913,0.0002043262053166774
AndrewM13354484,0.0005015045135406219,0.0,0.00011519850230983913,0.0002043262053166774
elongoatclub,0.0005015045135406219,0.0,0.00011519850230983913,0.0002043262053166774
SignalLTC,0.0005015045135406219,0.0,0.00011519850230983913,0.0002043262053166774
ElonGoatToken,0.0005015045135406219,0.0,0.00011519850230983913,0.0002043262053166774
TooOld4_This,0.0005015045135406219,0.0,0.0001145707431058053,0.00020416926551566897
riikkamarip,0.0003761283851554664,0.0,0.0002896723324518512,0.000204063017917376
TeslaForThe_Win,0.0005015045135406219,1.7123470725656593e-05,8.429958168267932e-05,0.00020345086345015012
DanielCMarvin1,0.0005015045135406219,0.0,0.00011073067504867589,0.0002032092485013866
Yee92480343,0.0005015045135406219,1.5721144625097863e-08,0.00010998578671883305,0.00020302931487677594
Leothel70868842,0.0005015045135406219,0.0,0.00010998578671883305,0.0002030230264189259
12KeineAhnung,0.0005015045135406219,0.0,0.00010893930638846741,0.00020276140633633449
Domenick_Y,0.0005015045135406219,6.288457850039145e-08,0.00010786291822379754,0.0002025174631265672
MatouEcureuil,0.0005015045135406219,0.0,0.00010777989775731772,0.00020247155417854707
teslamag,0.0005015045135406219,0.0,0.00010655668318597038,0.00020216575053571024
BomsteinRick,0.0003761283851554664,0.0,0.0002812103229816526,0.00020194751554982636
scragglebug,0.0005015045135406219,3.45865181752153e-07,0.00010477307112782697,0.00020185819359387524
LaVerdadDeTesla,0.0005015045135406219,4.7163433875293585e-08,0.00010477307112782697,0.0002017387128947245
sushisevmem,0.0005015045135406219,3.1442289250195726e-08,0.00010477307112782697,0.00020173242443687447
geargodd,0.0005015045135406219,2.3581716937646793e-08,0.00010477307112782697,0.00020172928020794945
Kcsunny2,0.0005015045135406219,3.1442289250195727e-07,0.00010379603297038702,0.00020160135713881517
LizaUK3,0.0005015045135406219,0.0,0.00010379603297038702,0.0002014755879818144
liquidseahorse,0.0005015045135406219,1.4149030162588076e-07,0.00010259884808928783,0.00020123288788218994
ACTIONGIRL12,0.0005015045135406219,0.0,0.00010262718633466384,0.0002011833763228836
rivera_lou,0.0005015045135406219,0.0,0.00010262718633466384,0.0002011833763228836
TeslaRedThunder,0.0005015045135406219,0.0,0.00010262718633466384,0.0002011833763228836
FSB_L,0.0005015045135406219,0.0,0.00010262718633466384,0.0002011833763228836
cmachado925,0.0005015045135406219,0.0,0.00010262718633466384,0.0002011833763228836
benjaminhopton,0.0005015045135406219,0.0,0.00010262718633466384,0.0002011833763228836
L333LHC,0.0005015045135406219,0.0,0.00010262718633466384,0.0002011833763228836
harley3203,0.0005015045135406219,0.0,0.00010262718633466384,0.0002011833763228836
1A2ASupporter,0.0005015045135406219,0.0,0.00010262718633466384,0.0002011833763228836
jbegno1,0.0005015045135406219,0.0,0.00010262718633466384,0.0002011833763228836
BrendaD10572797,0.0005015045135406219,0.0,0.00010262718633466384,0.0002011833763228836
LeftySr,0.0005015045135406219,0.0,0.00010262718633466384,0.0002011833763228836
Wandering_USA,0.0005015045135406219,0.0,0.00010262718633466384,0.0002011833763228836
sugartimexxx,0.0005015045135406219,0.0,0.00010262718633466384,0.0002011833763228836
jaimesl76,0.0005015045135406219,0.0,0.00010262718633466384,0.0002011833763228836
beavers_ducks,0.0005015045135406219,0.0,0.00010262718633466384,0.0002011833763228836
vtipil_tom,0.0005015045135406219,0.0,0.00010262718633466384,0.0002011833763228836
Old_Bene,0.0005015045135406219,0.0,0.00010262718633466384,0.0002011833763228836
DeepakOffline,0.0005015045135406219,0.0,0.00010262718633466384,0.0002011833763228836
John_wintersIV,0.0005015045135406219,0.0,0.00010262718633466384,0.0002011833763228836
NFT_EASTWOOD,0.0005015045135406219,0.0,0.00010262718633466384,0.0002011833763228836
Namekytal,0.0005015045135406219,0.0,0.00010262718633466384,0.0002011833763228836
StevenWHopkins,0.0005015045135406219,0.0,0.00010260560175585616,0.00020117798017818168
Curttmfg,0.0005015045135406219,0.0,0.00010210798008687254,0.00020105357476093576
Vox64YT,0.0005015045135406219,0.0,0.00010043902289361504,0.0002006363354626214
Tom_coool,0.0005015045135406219,0.0,9.916397341901344e-05,0.000200317573093971
pbleij,0.0005015045135406219,0.0,9.916397341901344e-05,0.000200317573093971
WilbournGeoff,0.0005015045135406219,0.0,9.916397341901344e-05,0.000200317573093971
cryptomaniac129,0.0005015045135406219,0.0,9.916397341901344e-05,0.000200317573093971
brooklindevil,0.0005015045135406219,0.0,9.81515521113722e-05,0.0002000644677670607
berserksun,0.0005015045135406219,0.0,9.779567163871797e-05,0.00019997549764889713
busbyjon,0.0005015045135406219,1.4463453055090034e-06,9.43476399458148e-05,0.00019969202784787495
studioalon_jem,0.0005015045135406219,7.074515081294038e-08,9.643272618221725e-05,0.00019966305934509713
MarketRebels,0.0003761283851554664,0.0,0.00027205486197255695,0.00019965865029755248
Christo87184657,0.0005015045135406219,0.0,9.590964177512201e-05,0.00019950399018299814
pointlessPhD,0.0005015045135406219,6.760092188792081e-07,9.43476399458148e-05,0.000199383893413223
wippzi,0.0005015045135406219,3.773074710023487e-07,9.43476399458148e-05,0.00019926441271407228
Labrat309,0.0005015045135406219,0.0,9.486814462567117e-05,0.00019924361589563543
peepomad1,0.0005015045135406219,3.1442289250195726e-08,9.43476399458148e-05,0.00019912606664137142
frdelepine,0.0005015045135406219,0.0,9.310061478711381e-05,0.0001988017334359961
and_tesla,0.00025075225677031093,0.0,0.00044344110373927627,0.00019862356580442787
Saun_Fischer,0.0005015045135406219,0.0,9.211169030896015e-05,0.00019855450231645767
TathamSmith,0.0005015045135406219,0.0,9.211169030896015e-05,0.00019855450231645767
AlucaALUCA,0.0005015045135406219,0.0,9.211169030896015e-05,0.00019855450231645767
AudreyDesisto,0.0005015045135406219,0.0,9.211169030896015e-05,0.00019855450231645767
CCHarrison67,0.0005015045135406219,0.0,9.211169030896015e-05,0.00019855450231645767
LoveThatYacht,0.0005015045135406219,0.0,9.211169030896015e-05,0.00019855450231645767
Janice_Garner,0.0005015045135406219,0.0,9.211169030896015e-05,0.00019855450231645767
KnowSmallParts,0.0005015045135406219,0.0,9.211169030896015e-05,0.00019855450231645767
sarahjeanfry,0.0005015045135406219,0.0,9.211169030896015e-05,0.00019855450231645767
MicheleLanfrank,0.0005015045135406219,0.0,9.211169030896015e-05,0.00019855450231645767
YoYostarbaby77,0.0005015045135406219,0.0,9.211169030896015e-05,0.00019855450231645767
rockyohio,0.0005015045135406219,0.0,9.211169030896015e-05,0.00019855450231645767
DobrocudniD,0.0005015045135406219,0.0,9.037342070328168e-05,0.00019811993491503806
rbhayes4,0.0005015045135406219,0.0,9.037342070328168e-05,0.00019811993491503806
jastrapper0,0.0005015045135406219,0.0,9.037342070328168e-05,0.00019811993491503806
Fone_Guy,0.0005015045135406219,0.0,9.037342070328168e-05,0.00019811993491503806
paulctan,0.0005015045135406219,0.0,8.997665727896234e-05,0.00019802074405895822
adamllui,0.0005015045135406219,0.0,8.992529347710543e-05,0.00019800790310849398
DCC_Dub,0.0005015045135406219,1.5721144625097863e-08,8.913492435480872e-05,0.00019781659928576984
akramsrazor,0.0005015045135406219,0.0,8.913492435480872e-05,0.0001978103108279198
pd771,0.0005015045135406219,0.0,8.913492435480872e-05,0.0001978103108279198
MattSX45,0.0005015045135406219,0.0,8.913492435480872e-05,0.0001978103108279198
SaaMikko,0.0005015045135406219,0.0,8.913492435480872e-05,0.0001978103108279198
Halo3Slaayer,0.0005015045135406219,0.0,8.913492435480872e-05,0.0001978103108279198
ConcreteCox,0.0005015045135406219,0.0,8.913492435480872e-05,0.0001978103108279198
prepare_tf,0.0005015045135406219,0.0,8.913492435480872e-05,0.0001978103108279198
treetale,0.0005015045135406219,0.0,8.913492435480872e-05,0.0001978103108279198
wlam326,0.0005015045135406219,0.0,8.913492435480872e-05,0.0001978103108279198
Tenjin969,0.0005015045135406219,0.0,8.898642626725078e-05,0.00019777318630603033
Stats_of_India,0.0005015045135406219,0.0,8.898642626725078e-05,0.00019777318630603033
dtoulouze,0.0005015045135406219,8.803840990054803e-07,8.744103561170571e-05,0.00019773899228174626
CharlotteZil,0.0005015045135406219,0.0,8.744103561170571e-05,0.00019738683864214406
JoeTransue,0.0005015045135406219,0.0,8.655589866919632e-05,0.00019716555440651672
Skate_a_book,0.0005015045135406219,1.257691570007829e-07,8.600729500020508e-05,0.00019707871115206923
ddofinternet,0.0003761283851554664,0.0,0.00026115453885800936,0.00019693356951891558
KeletsoMss,0.0003761283851554664,0.0,0.00026115453885800936,0.00019693356951891558
itsKatieJLester,0.0003761283851554664,0.0,0.00026115453885800936,0.00019693356951891558
DudenhofferAUTO,0.0003761283851554664,0.0,0.00026115453885800936,0.00019693356951891558
TeslasWords,0.0003761283851554664,0.0,0.00026115453885800936,0.00019693356951891558
AndreasSteno,0.0003761283851554664,0.0,0.00026115453885800936,0.00019693356951891558
sweatystartup,0.0003761283851554664,0.0,0.00026115453885800936,0.00019693356951891558
lingenberry34,0.0005015045135406219,3.1442289250195726e-08,8.518868271784216e-05,0.00019683632733437826
TheNewTito,0.0005015045135406219,0.0,8.506945985086523e-05,0.00019679394470193393
Dina43810070,0.0005015045135406219,9.432686775058717e-08,8.392220876380265e-05,0.00019654486267726854
rajshamani,0.0005015045135406219,1.5721144625097863e-08,8.392220876380265e-05,0.00019651342038801834
Noel_zeek,0.0005015045135406219,0.0,8.384524976480615e-05,0.0001964878921804192
ColinNutt,0.0005015045135406219,0.0,8.302319975705574e-05,0.00019628237967848157
anthonyisonline,0.0005015045135406219,0.0,8.297809803297648e-05,0.00019627110424746177
Krishell1985,0.0005015045135406219,4.7163433875293585e-08,8.243286145208663e-05,0.00019615366047578942
Kasa_Tesla,0.0003761283851554664,0.0,0.00025803431185053826,0.0001961535127670478
enzoowyd,0.0003761283851554664,0.0,0.00025803431185053826,0.0001961535127670478
BabyTesla3,0.0005015045135406219,3.537257540647019e-08,8.16657977187579e-05,0.0001959571781990697
FoldynaJaroslav,0.0003761283851554664,0.0,0.0002564741983468027,0.00019576348439111392
sobchek_walter,0.0005015045135406219,0.0,8.006530738220785e-05,0.0001955429065847696
Bouncypete,0.0005015045135406219,0.0,8.002633812549341e-05,0.00019553316427059099
IDKFA3,0.0005015045135406219,0.0,7.873762366913649e-05,0.00019521098565650175
TeslaSolar,0.00025075225677031093,0.0,0.00042953615628803384,0.00019514732894161728
oncor,0.00025075225677031093,0.0,0.00042953615628803384,0.00019514732894161728
roundrock,0.00025075225677031093,0.0,0.00042953615628803384,0.00019514732894161728
CraigMMorgan,0.00025075225677031093,0.0,0.00042953615628803384,0.00019514732894161728
SanAntonioTesla,0.00025075225677031093,0.0,0.00042953615628803384,0.00019514732894161728
MichaelDanberry,0.00025075225677031093,0.0,0.00042953615628803384,0.00019514732894161728
ByrdeCapital,0.0005015045135406219,2.987017478768594e-07,7.717634152838303e-05,0.00019494014582046413
itshornyjason,0.0005015045135406219,0.0,7.514917517075427e-05,0.0001943138735319062
UrStaxFetish,0.0005015045135406219,0.0,7.349677758179049e-05,0.00019390077413466525
ChristfriedW,0.0005015045135406219,0.0,7.349677758179049e-05,0.00019390077413466525
Dwojtasiak,0.0005015045135406219,0.0,7.349677758179049e-05,0.00019390077413466525
NikolicMilos9,0.0005015045135406219,0.0,7.349677758179049e-05,0.00019390077413466525
emeestnacu,0.0005015045135406219,0.0,7.349677758179049e-05,0.00019390077413466525
SantosTalha,0.0005015045135406219,0.0,7.349677758179049e-05,0.00019390077413466525
errolread,0.0005015045135406219,0.0,7.349677758179049e-05,0.00019390077413466525
thanosmiss235,0.0005015045135406219,0.0,7.349677758179049e-05,0.00019390077413466525
Amielian1,0.0005015045135406219,0.0,7.349677758179049e-05,0.00019390077413466525
theAJspeaks,0.0005015045135406219,0.0,7.349677758179049e-05,0.00019390077413466525
tes1m211,0.0005015045135406219,0.0,7.349677758179049e-05,0.00019390077413466525
N_Schmid,0.0005015045135406219,0.0,7.349677758179049e-05,0.00019390077413466525
hikikomuridesuu,0.0005015045135406219,0.0,7.349677758179049e-05,0.00019390077413466525
Diwashjoshi8,0.0005015045135406219,0.0,7.349677758179049e-05,0.00019390077413466525
thefuzz247,0.0005015045135406219,0.0,7.349677758179049e-05,0.00019390077413466525
STXRGAL999,0.0005015045135406219,0.0,7.349677758179049e-05,0.00019390077413466525
popstar_lit,0.0005015045135406219,0.0,7.349677758179049e-05,0.00019390077413466525
poirot_sophie,0.0005015045135406219,0.0,7.349677758179049e-05,0.00019390077413466525
BiloFlorida,0.0005015045135406219,0.0,7.349677758179049e-05,0.00019390077413466525
thick_or_slim,0.0005015045135406219,0.0,7.349677758179049e-05,0.00019390077413466525
MshellButtercup,0.0005015045135406219,0.0,7.349677758179049e-05,0.00019390077413466525
hebgt2,0.0005015045135406219,0.0,7.349677758179049e-05,0.00019390077413466525
tutufamilyoffi1,0.0005015045135406219,0.0,7.349677758179049e-05,0.00019390077413466525
tomasz_jakub,0.0005015045135406219,0.0,7.349677758179049e-05,0.00019390077413466525
Don_Pancho_vi,0.0005015045135406219,0.0,7.349677758179049e-05,0.00019390077413466525
Don_Bue,0.0005015045135406219,0.0,7.349677758179049e-05,0.00019390077413466525
Hinge_t,0.0005015045135406219,0.0,7.349677758179049e-05,0.00019390077413466525
Hendy759,0.0005015045135406219,0.0,7.349677758179049e-05,0.00019390077413466525
iOfRome72,0.0005015045135406219,0.0,7.349677758179049e-05,0.00019390077413466525
smoke666_,0.0005015045135406219,0.0,7.349677758179049e-05,0.00019390077413466525
robroberts32836,0.0005015045135406219,0.0,7.349677758179049e-05,0.00019390077413466525
DDangle71742223,0.0005015045135406219,0.0,7.349677758179049e-05,0.00019390077413466525
xyzdkfe,0.0005015045135406219,0.0,7.349677758179049e-05,0.00019390077413466525
lhanabo,0.0005015045135406219,0.0,7.349677758179049e-05,0.00019390077413466525
kwalskianalysis,0.0005015045135406219,0.0,7.349677758179049e-05,0.00019390077413466525
davidrojr,0.0005015045135406219,0.0,7.349677758179049e-05,0.00019390077413466525
davidkrammer_,0.0005015045135406219,0.0,7.349677758179049e-05,0.00019390077413466525
DaveAnd07074001,0.0005015045135406219,0.0,7.349677758179049e-05,0.00019390077413466525
DaRealMilkBagz,0.0005015045135406219,0.0,7.349677758179049e-05,0.00019390077413466525
kevinrsmith23,0.0005015045135406219,0.0,7.349677758179049e-05,0.00019390077413466525
TweetBabyJane,0.0005015045135406219,0.0,7.349677758179049e-05,0.00019390077413466525
KeithInKeyWest,0.0005015045135406219,0.0,7.349677758179049e-05,0.00019390077413466525
Turkey_Torque,0.0005015045135406219,0.0,7.349677758179049e-05,0.00019390077413466525
CavityBuster937,0.0005015045135406219,0.0,7.349677758179049e-05,0.00019390077413466525
EsbenJohnson,0.0005015045135406219,0.0,7.349677758179049e-05,0.00019390077413466525
ArmandoLatorre_,0.0005015045135406219,0.0,7.349677758179049e-05,0.00019390077413466525
Masr7P,0.0005015045135406219,0.0,7.349677758179049e-05,0.00019390077413466525
ManOnTheStonks,0.0005015045135406219,0.0,7.349677758179049e-05,0.00019390077413466525
Suganthanmn,0.0005015045135406219,0.0,7.349677758179049e-05,0.00019390077413466525
livin0emissions,0.0005015045135406219,0.0,7.349677758179049e-05,0.00019390077413466525
davehartin,0.0005015045135406219,0.0,7.349677758179049e-05,0.00019390077413466525
PorterMetzger,0.0005015045135406219,0.0,7.349677758179049e-05,0.00019390077413466525
Popeye43789260,0.0005015045135406219,0.0,7.349677758179049e-05,0.00019390077413466525
Plumazul,0.0005015045135406219,0.0,7.349677758179049e-05,0.00019390077413466525
yonycohen16,0.0005015045135406219,0.0,7.349677758179049e-05,0.00019390077413466525
Mom36554279,0.0005015045135406219,0.0,7.349677758179049e-05,0.00019390077413466525
uturn0427,0.0005015045135406219,0.0,7.349677758179049e-05,0.00019390077413466525
Adele1971Adele,0.0005015045135406219,0.0,7.349677758179049e-05,0.00019390077413466525
AbdolSamee,0.0005015045135406219,0.0,7.349677758179049e-05,0.00019390077413466525
OckesTurk,0.0005015045135406219,0.0,7.349677758179049e-05,0.00019390077413466525
GeetAgarwal14,0.0005015045135406219,0.0,7.349677758179049e-05,0.00019390077413466525
gloconic,0.0005015045135406219,0.0,7.349677758179049e-05,0.00019390077413466525
gforcefabi,0.0005015045135406219,0.0,7.349677758179049e-05,0.00019390077413466525
jana84818846,0.0005015045135406219,0.0,7.349677758179049e-05,0.00019390077413466525
Igor08Terzic,0.0005015045135406219,0.0,7.349677758179049e-05,0.00019390077413466525
arttwit,0.0005015045135406219,0.0,7.349677758179049e-05,0.00019390077413466525
james_morris85,0.0005015045135406219,0.0,7.349677758179049e-05,0.00019390077413466525
SergioVengeance,0.0005015045135406219,0.0,7.349677758179049e-05,0.00019390077413466525
SerenLavant,0.0005015045135406219,0.0,7.349677758179049e-05,0.00019390077413466525
ESlibrarian,0.0005015045135406219,0.0,7.349677758179049e-05,0.00019390077413466525
Michu_1971,0.0005015045135406219,0.0,7.349677758179049e-05,0.00019390077413466525
hammurhed,0.0005015045135406219,0.0,7.349677758179049e-05,0.00019390077413466525
Bighuey25Huey,0.0005015045135406219,0.0,7.349677758179049e-05,0.00019390077413466525
michael_k_woods,0.0005015045135406219,0.0,7.349677758179049e-05,0.00019390077413466525
ChrisFL410,0.0005015045135406219,0.0,7.349677758179049e-05,0.00019390077413466525
christonpere,0.0005015045135406219,0.0,7.349677758179049e-05,0.00019390077413466525
chetski_3000,0.0005015045135406219,0.0,7.349677758179049e-05,0.00019390077413466525
coL_Fantasy,0.0005015045135406219,0.0,7.349677758179049e-05,0.00019390077413466525
cptnkirknc1701,0.0005015045135406219,0.0,7.349677758179049e-05,0.00019390077413466525
BigDeelDilo,0.0005015045135406219,0.0,7.349677758179049e-05,0.00019390077413466525
SagaciousTurkey,0.0005015045135406219,0.0,7.349677758179049e-05,0.00019390077413466525
takkan_sf,0.0005015045135406219,0.0,7.349677758179049e-05,0.00019390077413466525
BenjaminHeindl,0.0005015045135406219,0.0,7.349677758179049e-05,0.00019390077413466525
BelleDelphlover,0.0005015045135406219,0.0,7.349677758179049e-05,0.00019390077413466525
misccarsnstuff,0.0005015045135406219,0.0,7.349677758179049e-05,0.00019390077413466525
Wizard_of_Ouzo,0.0005015045135406219,0.0,7.349677758179049e-05,0.00019390077413466525
marceliszpakk,0.0005015045135406219,0.0,7.349677758179049e-05,0.00019390077413466525
meepstone0,0.0005015045135406219,0.0,7.349677758179049e-05,0.00019390077413466525
mediumlittlebig,0.0005015045135406219,0.0,7.349677758179049e-05,0.00019390077413466525
buyaka6I9,0.0005015045135406219,0.0,7.349677758179049e-05,0.00019390077413466525
cuse181,0.0005015045135406219,0.0,7.349677758179049e-05,0.00019390077413466525
CopiusDevil,0.0005015045135406219,0.0,7.349677758179049e-05,0.00019390077413466525
JoeyPenniman,0.0005015045135406219,0.0,7.349677758179049e-05,0.00019390077413466525
linwoodschulman,0.0005015045135406219,0.0,7.349677758179049e-05,0.00019390077413466525
logicaldebate,0.0005015045135406219,0.0,7.349677758179049e-05,0.00019390077413466525
Ma3dhr0s,0.0005015045135406219,0.0,7.349677758179049e-05,0.00019390077413466525
WouldYaWhisht,0.0005015045135406219,0.0,7.349677758179049e-05,0.00019390077413466525
maadeluxe,0.0005015045135406219,0.0,7.349677758179049e-05,0.00019390077413466525
LoopDoGG79,0.0005015045135406219,0.0,7.349677758179049e-05,0.00019390077413466525
Tapiwa31532846,0.0005015045135406219,0.0,7.349677758179049e-05,0.00019390077413466525
b_fedorowicz,0.0005015045135406219,0.0,7.349677758179049e-05,0.00019390077413466525
macks2112,0.0005015045135406219,0.0,7.349677758179049e-05,0.00019390077413466525
badgermick49,0.0005015045135406219,0.0,7.349677758179049e-05,0.00019390077413466525
mlodgeg,0.0005015045135406219,0.0,7.349677758179049e-05,0.00019390077413466525
OldMateEngineer,0.0005015045135406219,0.0,7.349677758179049e-05,0.00019390077413466525
OntArrache,0.0005015045135406219,0.0,7.349677758179049e-05,0.00019390077413466525
ArisTiCatVerse,0.0005015045135406219,0.0,7.349677758179049e-05,0.00019390077413466525
TSLZfoundation,0.0005015045135406219,0.0,7.349677758179049e-05,0.00019390077413466525
TZdisruption,0.0005015045135406219,0.0,7.349677758179049e-05,0.00019390077413466525
MBD_27,0.0005015045135406219,0.0,7.349677758179049e-05,0.00019390077413466525
Ironprogress,0.0005015045135406219,0.0,7.349677758179049e-05,0.00019390077413466525
jdmarkman,0.0005015045135406219,0.0,7.349677758179049e-05,0.00019390077413466525
BeckermanCJ7,0.0005015045135406219,0.0,7.349677758179049e-05,0.00019390077413466525
philchangster,0.0005015045135406219,0.0,7.349677758179049e-05,0.00019390077413466525
VeganImpi,0.0005015045135406219,0.0,7.349677758179049e-05,0.00019390077413466525
AnadarkoCapital,0.0005015045135406219,0.0,7.349677758179049e-05,0.00019390077413466525
Joeisabadger,0.0005015045135406219,0.0,7.349677758179049e-05,0.00019390077413466525
WiFivomFranMan,0.0005015045135406219,0.0,7.349677758179049e-05,0.00019390077413466525
intheskywith2,0.0005015045135406219,0.0,7.349677758179049e-05,0.00019390077413466525
BreathOfTheVile,0.0005015045135406219,0.0,7.349677758179049e-05,0.00019390077413466525
BrandonLive,0.0005015045135406219,0.0,7.349677758179049e-05,0.00019390077413466525
AL08101213Royal,0.0005015045135406219,0.0,7.349677758179049e-05,0.00019390077413466525
5cxfGRlQwxGk0Yq,0.0005015045135406219,0.0,7.349677758179049e-05,0.00019390077413466525
Patrick38403611,0.0005015045135406219,0.0,7.349677758179049e-05,0.00019390077413466525
vvvvvictoria_,0.0005015045135406219,0.0,7.349677758179049e-05,0.00019390077413466525
KingLudvigXVI,0.0005015045135406219,0.0,7.349677758179049e-05,0.00019390077413466525
amunze_rachael,0.0005015045135406219,0.0,7.349677758179049e-05,0.00019390077413466525
_5andman_,0.0005015045135406219,0.0,7.349677758179049e-05,0.00019390077413466525
Mark13599620,0.0005015045135406219,0.0,7.349677758179049e-05,0.00019390077413466525
joel_acker,0.0005015045135406219,0.0,7.349677758179049e-05,0.00019390077413466525
jmwilt21,0.0005015045135406219,0.0,7.349677758179049e-05,0.00019390077413466525
jonathankirk89,0.0005015045135406219,0.0,7.349677758179049e-05,0.00019390077413466525
jose_valoura,0.0005015045135406219,0.0,7.349677758179049e-05,0.00019390077413466525
DavidPopicil,0.0005015045135406219,0.0,7.349677758179049e-05,0.00019390077413466525
andylangleynz,0.0005015045135406219,0.0,7.349677758179049e-05,0.00019390077413466525
BuccieroSandra,0.0005015045135406219,0.0,7.349677758179049e-05,0.00019390077413466525
ThePeterVaradi,0.0005015045135406219,0.0,7.349677758179049e-05,0.00019390077413466525
3DoBetter3,0.0005015045135406219,0.0,7.349677758179049e-05,0.00019390077413466525
EzerRatchaga,0.0005015045135406219,0.0,7.349677758179049e-05,0.00019390077413466525
PauloBaptistaJ1,0.0005015045135406219,0.0,7.349677758179049e-05,0.00019390077413466525
POVHighPlains,0.0005015045135406219,0.0,7.349677758179049e-05,0.00019390077413466525
BLACKSTEMUSA,0.0005015045135406219,0.0,7.349677758179049e-05,0.00019390077413466525
Rachelherrera11,0.0005015045135406219,0.0,7.349677758179049e-05,0.00019390077413466525
BPThrash,0.0005015045135406219,0.0,7.349677758179049e-05,0.00019390077413466525
Marqrk1,0.0005015045135406219,0.0,7.349677758179049e-05,0.00019390077413466525
StephenKirklan2,0.0005015045135406219,0.0,7.349677758179049e-05,0.00019390077413466525
Karkalokefalos,0.0005015045135406219,0.0,7.349677758179049e-05,0.00019390077413466525
Former_CAM,0.0005015045135406219,0.0,7.349677758179049e-05,0.00019390077413466525
Lanenom00,0.0005015045135406219,0.0,7.349677758179049e-05,0.00019390077413466525
TruthMatter10,0.0005015045135406219,0.0,7.349677758179049e-05,0.00019390077413466525
BoydPetrie,0.0005015045135406219,0.0,7.349677758179049e-05,0.00019390077413466525
airisti,0.0005015045135406219,0.0,7.349677758179049e-05,0.00019390077413466525
kghougaard,0.0005015045135406219,0.0,7.349677758179049e-05,0.00019390077413466525
KyleSGibson,0.0005015045135406219,0.0,7.349677758179049e-05,0.00019390077413466525
Tomsjotun,0.0005015045135406219,0.0,7.349677758179049e-05,0.00019390077413466525
ZygaMaciejewski,0.0005015045135406219,0.0,7.349677758179049e-05,0.00019390077413466525
JuliaGulia5280,0.0005015045135406219,0.0,7.349677758179049e-05,0.00019390077413466525
JaseCoates,0.0005015045135406219,0.0,7.349677758179049e-05,0.00019390077413466525
Wiesci_z_Zenzy,0.0005015045135406219,0.0,7.349677758179049e-05,0.00019390077413466525
HarnamGrover,0.0005015045135406219,0.0,7.349677758179049e-05,0.00019390077413466525
bukhadoours,0.0005015045135406219,0.0,7.349677758179049e-05,0.00019390077413466525
nep65193664,0.0005015045135406219,0.0,7.349677758179049e-05,0.00019390077413466525
burry_derek,0.0005015045135406219,0.0,7.349677758179049e-05,0.00019390077413466525
dt_sqr,0.0005015045135406219,0.0,7.349677758179049e-05,0.00019390077413466525
captainr62,0.0005015045135406219,0.0,7.349677758179049e-05,0.00019390077413466525
SDynamoatheend,0.0005015045135406219,0.0,7.349677758179049e-05,0.00019390077413466525
Jarmelification,0.0005015045135406219,0.0,7.349677758179049e-05,0.00019390077413466525
Alejandru67,0.0005015045135406219,0.0,7.349677758179049e-05,0.00019390077413466525
VigdisHA,0.0005015045135406219,0.0,7.349677758179049e-05,0.00019390077413466525
COgirl720,0.0005015045135406219,0.0,7.349677758179049e-05,0.00019390077413466525
PajaWww,0.0005015045135406219,0.0,7.349677758179049e-05,0.00019390077413466525
TimKlei35203029,0.0005015045135406219,0.0,7.349677758179049e-05,0.00019390077413466525
La_Minix,0.0005015045135406219,0.0,7.349677758179049e-05,0.00019390077413466525
mscheibl,0.0005015045135406219,0.0,7.349677758179049e-05,0.00019390077413466525
niklasflier,0.0005015045135406219,0.0,7.349677758179049e-05,0.00019390077413466525
CampbellEaston,0.0005015045135406219,0.0,7.349677758179049e-05,0.00019390077413466525
mytslastory,0.0005015045135406219,0.0,7.349677758179049e-05,0.00019390077413466525
2002Alex34,0.0005015045135406219,0.0,7.349677758179049e-05,0.00019390077413466525
PieknyT,0.0005015045135406219,0.0,7.349677758179049e-05,0.00019390077413466525
PierreTurgeon77,0.0005015045135406219,0.0,7.349677758179049e-05,0.00019390077413466525
Putin15656114,0.0005015045135406219,0.0,7.349677758179049e-05,0.00019390077413466525
dfbrownnz,0.0005015045135406219,0.0,7.349677758179049e-05,0.00019390077413466525
dozecat007,0.0005015045135406219,0.0,7.349677758179049e-05,0.00019390077413466525
JMVillalobos1,0.0003761283851554664,1.5721144625097863e-08,0.00024199414797189417,0.00019214976025523682
gwestr,0.0003761283851554664,0.0,0.00024083605157378446,0.00019185394769785934
fibercut,0.0003761283851554664,2.075191090512918e-06,0.0002374235120172015,0.00019183088924491876
zerohedge,0.0003761283851554664,0.0,0.00024030367649398502,0.0001917208539279095
beccher,0.0003761283851554664,0.0,0.00023614079667754511,0.0001906801339737995
stekkerauto,0.0003761283851554664,0.0,0.0002360510647387612,0.00019065770098910352
dr2okevin,0.00025075225677031093,0.0,0.00041010556547167227,0.0001902896812375269
RuffRidinNole,0.00025075225677031093,0.0,0.00041010556547167227,0.0001902896812375269
MailOnline,0.0003761283851554664,0.0,0.00022987824531197287,0.00018911449613240644
ex_zorz,0.0003761283851554664,0.0,0.00022987824531197287,0.00018911449613240644
RadaManojlovic_,0.0003761283851554664,0.0,0.0002194528141299607,0.0001865081383369034
StephenWealthy_,0.0003761283851554664,0.0,0.0002194528141299607,0.0001865081383369034
tesla_avs,0.0003761283851554664,0.0,0.0002179897781161212,0.00018614237933344354
waitbutwhy,0.0003761283851554664,0.0,0.00021424009853895462,0.0001852049594391519
iankim_TESLA,0.0003761283851554664,0.0,0.00021424009853895462,0.0001852049594391519
Amy_Siskind,0.0003761283851554664,0.0,0.00021424009853895462,0.0001852049594391519
profanostra,0.0003761283851554664,0.0,0.00021321236011501854,0.00018494802483316785
dani_elle831,0.0003761283851554664,0.0,0.00021314894681923166,0.00018493217150922114
pakpakchicken,0.0003761283851554664,0.0,0.00021189992828335132,0.00018461991687525106
Petrovi58613324,0.0003761283851554664,6.288457850039145e-08,0.00020815981463489854,0.00018371004229453803
juanif17,0.0003761283851554664,1.5721144625097863e-08,0.00020815981463489854,0.0001836911769209879
alancarroII,0.0003761283851554664,1.5721144625097863e-08,0.00020815981463489854,0.0001836911769209879
nypost,0.0003761283851554664,0.0,0.0002075380356362325,0.00018352944371347136
LKehley,0.0003761283851554664,0.0,0.00020555223922061113,0.000183032994609566
InsideEVs,0.0003761283851554664,0.0,0.00020381466735694246,0.00018259860164364884
ScottPolhamus,0.0003761283851554664,0.0,0.00020342376960279235,0.00018250087720511133
Cienciaymas_,0.0003761283851554664,0.0,0.00020277698600965128,0.00018233918130682606
RealisticBull,0.0003761283851554664,0.0,0.0001986019517659364,0.00018129542274589733
MikeSington,0.0003761283851554664,0.0,0.0001986019517659364,0.00018129542274589733
Osinttechnical,0.0003761283851554664,0.0,0.00019704183826220085,0.00018090539436996345
Bitcoin_Tesla,0.0003761283851554664,0.0,0.00019546984675406878,0.00018051239649293042
NovElection2024,0.0003761283851554664,0.0,0.00019431018217961013,0.00018022248034931575
DavidHundeyin,0.0003761283851554664,0.0,0.00018817652058392424,0.0001786890649503943
afpfr,0.0003761283851554664,0.0,0.00018817652058392424,0.0001786890649503943
makemoneycfa,0.00025075225677031093,0.0,0.00035865914062096783,0.0001774280750248508
seanhannity,0.0003761283851554664,0.0,0.00018296380499291815,0.00017738588605264278
GCRClassic,0.0003761283851554664,0.0,0.00018296380499291815,0.00017738588605264278
AtlantaStu,0.0003761283851554664,0.0,0.00018020817947064403,0.00017669697967207423
agusnox,0.0003761283851554664,0.0,0.00017983617563831452,0.00017660397871399185
Rogerasalways,0.0003761283851554664,3.1442289250195726e-08,0.0001777510894019121,0.00017609528407059132
NHRA,0.0003761283851554664,0.0,0.00017646752046120186,0.0001757618149197137
blinkist,0.0003761283851554664,0.0,0.00017580449815787113,0.00017559605934388102
fairchargeuk,0.0003761283851554664,0.0,0.00017462413298795682,0.00017530096805140242
Hummelfee5,0.0003761283851554664,0.0,0.00016916755022925958,0.0001739368223617281
Nickishields,0.0003761283851554664,0.0,0.00016674868494146833,0.0001733321060397803
Kristian_Jensen,0.0003761283851554664,0.0,0.00016576554471616436,0.0001730863209834543
aktienmessie,0.0003761283851554664,5.187977726282295e-07,0.00016071580093959445,0.00017203140414836314
RalphMa57830113,0.00025075225677031093,0.0,0.00033701721696514247,0.00017201759411089444
teslaloosa,0.0003761283851554664,0.0,0.00016107039951069262,0.0001719125346820864
Umbisam,0.0003761283851554664,0.0,0.00016057979098448028,0.0001717898825505333
Andst7,0.0003761283851554664,0.0,0.000158818457891895,0.00017134954927738698
HILITINGHOCKEY,0.0003761283851554664,0.0,0.00015837672486493248,0.00017123911602064636
matt_levine,0.0003761283851554664,0.0,0.00015690022703788778,0.00017086999156388518
MikeIsaac,0.0003761283851554664,0.0,0.00015690022703788778,0.00017086999156388518
seldo,0.0003761283851554664,0.0,0.00015690022703788778,0.00017086999156388518
RaceSonoma,0.0003761283851554664,0.0,0.00015687834227229522,0.00017086452037248703
aj_gar,0.0003761283851554664,0.0,0.00015635712372357325,0.00017073421573530654
hugo_fo,0.0003761283851554664,0.0,0.0001538613499526595,0.0001701102722925781
Nissan,0.0003761283851554664,0.0,0.00015375972275809258,0.00017008486549393637
senafan1901,0.0003761283851554664,0.0,0.00015249073078905538,0.00016976761750167707
BlackRock_UK,0.0003761283851554664,0.0,0.00015169087615012373,0.00016956765384194415
MacRumors,0.0003761283851554664,0.0,0.00015168751144688166,0.00016956681266613364
rsgnl,0.0003761283851554664,0.0,0.00015168751144688166,0.00016956681266613364
SosaUTD,0.0003761283851554664,0.0,0.00015064496832868047,0.00016930617688658335
labyrinthweaver,0.0003761283851554664,0.0,0.0001492778616989053,0.00016896440022913956
ICannot_Enough,0.0003761283851554664,0.0,0.00014884022417092845,0.00016885499084714535
IssaNourou,0.00025075225677031093,0.0,0.0003243590896708612,0.00016885306228732412
BruceChristie18,0.00025075225677031093,0.0,0.0003243590896708612,0.00016885306228732412
dwaynovichy,0.00025075225677031093,0.0,0.0003243590896708612,0.00016885306228732412
ExtrordinaryNga,0.00025075225677031093,0.0,0.0003243590896708612,0.00016885306228732412
calvsoed,0.00025075225677031093,0.0,0.0003243590896708612,0.00016885306228732412
AalapGaazmer,0.00025075225677031093,0.0,0.0003243590896708612,0.00016885306228732412
alatheane,0.00025075225677031093,0.0,0.0003243590896708612,0.00016885306228732412
JennBeautiful,0.00025075225677031093,0.0,0.0003243590896708612,0.00016885306228732412
kashishguptabtw,0.00025075225677031093,0.0,0.0003243590896708612,0.00016885306228732412
kryptodurant,0.00025075225677031093,0.0,0.0003243590896708612,0.00016885306228732412
FamilieNala,0.00025075225677031093,0.0,0.0003243590896708612,0.00016885306228732412
DudeVotes,0.00025075225677031093,0.0,0.0003243590896708612,0.00016885306228732412
IMAGIF_IDEAS,0.00025075225677031093,0.0,0.0003243590896708612,0.00016885306228732412
jimg1976,0.00025075225677031093,0.0,0.0003243590896708612,0.00016885306228732412
nicoleMletort,0.00025075225677031093,0.0,0.0003243590896708612,0.00016885306228732412
ISABELR00418554,0.00025075225677031093,0.0,0.0003243590896708612,0.00016885306228732412
jula7701,0.00025075225677031093,0.0,0.0003243590896708612,0.00016885306228732412
SerennosDuke,0.00025075225677031093,0.0,0.0003243590896708612,0.00016885306228732412
yamgang2004,0.00025075225677031093,0.0,0.0003243590896708612,0.00016885306228732412
_Passon_,0.00025075225677031093,0.0,0.0003243590896708612,0.00016885306228732412
lim_stock,0.00025075225677031093,0.0,0.0003243590896708612,0.00016885306228732412
decryption,0.00025075225677031093,0.0,0.0003243590896708612,0.00016885306228732412
toholio,0.00025075225677031093,0.0,0.0003243590896708612,0.00016885306228732412
HIThomasFranke,0.00025075225677031093,0.0,0.0003243590896708612,0.00016885306228732412
delilikvejack,0.00025075225677031093,0.0,0.0003243590896708612,0.00016885306228732412
Dunwael,0.00025075225677031093,0.0,0.0003243590896708612,0.00016885306228732412
GayCarBoys,0.00025075225677031093,0.0,0.0003243590896708612,0.00016885306228732412
Hallowyeen,0.00025075225677031093,0.0,0.0003243590896708612,0.00016885306228732412
GibbDesigner,0.00025075225677031093,0.0,0.0003243590896708612,0.00016885306228732412
HourADayGamer,0.00025075225677031093,0.0,0.0003243590896708612,0.00016885306228732412
mrlevine,0.0003761283851554664,0.0,0.0001457861784176316,0.0001680914794088211
btaylor,0.0003761283851554664,0.0,0.00014569473910400782,0.0001680686195804152
MercedesBenz,0.0003761283851554664,0.0,0.00014563931318697855,0.00016805476310115787
TeslaOwls,0.0003761283851554664,0.0,0.00014547872922257714,0.00016801461711005752
disinformatico,0.0003761283851554664,0.0,0.00014304408773932058,0.00016740595673924336
4adybug,0.0003761283851554664,0.0,0.00014304408773932058,0.00016740595673924336
teslatidbits,0.0003761283851554664,0.0,0.0001425420548375573,0.00016728044851380255
TeslaAndDoge,0.0003761283851554664,0.0,0.0001412620802648695,0.0001669604548706306
on_tesla,0.0003761283851554664,0.0,0.0001412620802648695,0.0001669604548706306
atsushi_model3,0.0003761283851554664,0.0,0.0001410063655294331,0.0001668965261867715
L_EVestbelle,0.0003761283851554664,0.0,0.00014010814756099381,0.00016667197169466168
ButTsla,0.0003761283851554664,0.0,0.00013976544345878461,0.00016658629566910937
iamgabesanchez,0.0003761283851554664,0.0,0.00013952242853784594,0.0001665255419388747
Marst84,0.0003761283851554664,0.0,0.00013604936467386344,0.0001656572759728791
Vanessa96154199,0.0003761283851554664,0.0,0.00013604936467386344,0.0001656572759728791
SquawkCNBC,0.0003761283851554664,0.0,0.00013558133062274277,0.00016554026746009893
brandonhassler,0.0003761283851554664,0.0,0.00013557677574057344,0.0001655391287395566
PeterMallouk,0.0003761283851554664,0.0,0.0001349402745452763,0.0001653800034407323
InoSaturn,0.0003761283851554664,0.0,0.00013488522444214085,0.00016536624091494843
dave_lakeside,0.0003761283851554664,0.0,0.0001347482302401888,0.00016533199236446042
Jawad_Dheini,0.0003761283851554664,0.0,0.00013448491632558887,0.00016526616388581045
nope_its_lily,0.0003761283851554664,0.0,0.00013432644354303765,0.00016522654569017263
JackScarlett17,0.0003761283851554664,0.0,0.0001343006234189103,0.0001652200906591408
TeslaTruckClub,0.0003761283851554664,0.0,0.00013395670844683555,0.00016513411191612212
marcelbohn,0.0003761283851554664,0.0,0.00013391765571908932,0.00016512434873418557
IONITY_EU,0.0003761283851554664,0.0,0.00013372007132827525,0.00016507495263648204
teslabros,0.0003761283851554664,0.0,0.0001332199906221009,0.00016494993245993846
bvaleblv,0.0003761283851554664,0.0,0.00013254550043458974,0.00016478130991306068
LifesatestAceit,0.0003761283851554664,0.0,0.00013240480234953778,0.00016474613539179767
_winston_FSD,0.0003761283851554664,0.0,0.00013240480234953778,0.00016474613539179767
TituTweets_,0.0003761283851554664,0.0,0.00013083664908285737,0.00016435409707512758
Starflag101,0.0003761283851554664,0.0,0.00012771145061370872,0.00016357279745784042
unpococlint,0.0003761283851554664,0.0,0.00012771145061370872,0.00016357279745784042
chris_eisener,0.0003761283851554664,0.0,0.00012771145061370872,0.00016357279745784042
k_salberta,0.0003761283851554664,0.0,0.00012771145061370872,0.00016357279745784042
SaaIli18,0.0003761283851554664,0.0,0.00012771145061370872,0.00016357279745784042
ykkoaIa,0.0003761283851554664,0.0,0.00012771145061370872,0.00016357279745784042
DayveDean,0.0003761283851554664,0.0,0.00012771145061370872,0.00016357279745784042
mohplaysrblx,0.0003761283851554664,0.0,0.00012771145061370872,0.00016357279745784042
OmniCurious,0.0003761283851554664,0.0,0.00012771145061370872,0.00016357279745784042
pixel_preet,0.0003761283851554664,0.0,0.00012771145061370872,0.00016357279745784042
stevelevine,0.0003761283851554664,0.0,0.00012771145061370872,0.00016357279745784042
jrj2tech,0.0003761283851554664,0.0,0.00012771145061370872,0.00016357279745784042
nowayouthh,0.0003761283851554664,0.0,0.00012771145061370872,0.00016357279745784042
Denna12_0,0.0003761283851554664,0.0,0.00012771145061370872,0.00016357279745784042
judgedent,0.0003761283851554664,0.0,0.00012771145061370872,0.00016357279745784042
amgarratt,0.0003761283851554664,0.0,0.00012771145061370872,0.00016357279745784042
konantower,0.0003761283851554664,0.0,0.00012771145061370872,0.00016357279745784042
9Nb56Mu2vkO6COa,0.0003761283851554664,0.0,0.00012771145061370872,0.00016357279745784042
kukreja_abhinav,0.0003761283851554664,0.0,0.00012771145061370872,0.00016357279745784042
powofcompound,0.0003761283851554664,0.0,0.00012771145061370872,0.00016357279745784042
dannyhawkins82,0.0003761283851554664,0.0,0.00012771145061370872,0.00016357279745784042
GacNikola,0.0003761283851554664,0.0,0.00012771145061370872,0.00016357279745784042
siwatanejo,0.0003761283851554664,0.0,0.00012771145061370872,0.00016357279745784042
Ben_deWaal,0.0003761283851554664,0.0,0.00012771145061370872,0.00016357279745784042
opensea,0.0003761283851554664,0.0,0.00012367734224781032,0.00016256427036636582
robertrosenfeld,0.0003761283851554664,0.0,0.0001233061286489356,0.00016247146696664712
BigTechAlert,0.0003761283851554664,0.0,0.0001204112179008452,0.00016174773927962453
ESGhound,0.0003761283851554664,0.0,0.00011992104480681713,0.00016162519600611752
garrettsite,0.0003761283851554664,0.0,0.00011936867478264399,0.00016148710350007421
JAbEVShQ7P3hGG4,0.0003761283851554664,0.0,0.0001192269059247967,0.0001614516612856124
Discretewolf,0.0003761283851554664,0.0,0.0001192269059247967,0.0001614516612856124
no2sin,0.0003761283851554664,0.0,0.0001192269059247967,0.0001614516612856124
eIenaneIe,0.0003761283851554664,0.0,0.00011519850230983913,0.000160444560381873
todisappear,0.0003761283851554664,0.0,0.00011519850230983913,0.000160444560381873
SOS_Lounge,0.0003761283851554664,0.0,0.00011102832983703427,0.0001594020172636718
Sonofdoge_,0.0003761283851554664,0.0,0.00011102832983703427,0.0001594020172636718
Metaverse_Expo,0.0003761283851554664,0.0,0.00011102832983703427,0.0001594020172636718
anne_cereda,0.0003761283851554664,0.0,0.00011071630713628715,0.00015932401158848502
Apple,0.0003761283851554664,0.0,0.00011058152564351945,0.0001592903162152931
NikitaSachdev01,0.0003761283851554664,0.0,0.00011039558772860813,0.00015924383173656525
JD88791146,0.0003761283851554664,0.0,0.00010998578671883305,0.0001591413814841215
SimeonidisSteve,0.0003761283851554664,0.0,0.00010863913164406189,0.0001588047177154287
CalBlack_,0.0003761283851554664,0.0,0.00010863913164406189,0.0001588047177154287
skegrom,0.0003761283851554664,1.5721144625097863e-08,0.00010724006690443453,0.0001584612399883719
sana37mmt2,0.0003761283851554664,0.0,0.00010724006690443453,0.00015845495153052187
RedNinjaOne,0.0003761283851554664,0.0,0.00010724006690443453,0.00015845495153052187
FERALROBOTS,0.0003761283851554664,0.0,0.00010724006690443453,0.00015845495153052187
IMxSTILLxLEGEND,0.0003761283851554664,0.0,0.00010724006690443453,0.00015845495153052187
kanevato,0.0003761283851554664,0.0,0.00010680526613562999,0.00015834625133832073
Jrclange,0.0003761283851554664,3.773074710023487e-07,0.0001061566280635682,0.00015833501480870622
TheMcKenziest,0.0003761283851554664,3.6158632637725086e-07,0.00010477307112782697,0.00015798283711692087
Rand0mNPC,0.0003761283851554664,1.5721144625097863e-08,0.00010477307112782697,0.00015784449104422002
sono106,0.0003761283851554664,1.5721144625097863e-08,0.00010477307112782697,0.00015784449104422002
chengyulee80,0.0003761283851554664,1.5721144625097863e-08,0.00010477307112782697,0.00015784449104422002
DunkenKBliths,0.0003761283851554664,1.5721144625097863e-08,0.00010477307112782697,0.00015784449104422002
StephenMajor,0.0003761283851554664,1.5721144625097863e-08,0.00010477307112782697,0.00015784449104422002
EVNow,0.0003761283851554664,0.0,0.00010411381943010557,0.00015767338966193962
JaimyFox,0.0003761283851554664,0.0,0.0001039915534494246,0.0001576428231667694
C_S_Skeptic,0.0003761283851554664,0.0,0.00010365428350686388,0.0001575585056811292
erikengheim,0.0003761283851554664,0.0,0.00010346158082662522,0.00015751033001106953
GriffinTheLege1,0.0003761283851554664,0.0,0.00010266851861743739,0.00015731206445877258
BunkFreamon,0.0003761283851554664,0.0,0.00010266851861743739,0.00015731206445877258
max_roi,0.0003761283851554664,0.0,0.00010265030352931623,0.00015730751068674227
Back2theshadow,0.0003761283851554664,0.0,0.00010259884808928783,0.00015729464682673517
LostInArtMagic,0.0003761283851554664,0.0,0.00010259884808928783,0.00015729464682673517
az_happyin,0.0003761283851554664,0.0,0.00010025785173133254,0.00015670939773724637
TeslaBest,0.0003761283851554664,0.0,9.960271567771711e-05,0.0001565456137238425
JohnPatman4,0.0003761283851554664,6.288457850039145e-08,9.9036371743569e-05,0.00015642918157170564
PaulShiel,0.0003761283851554664,0.0,9.912345732797474e-05,0.00015642579913640692
z93015667,0.0003761283851554664,0.0,9.797673569774734e-05,0.00015613911872885007
C_Holler,0.0003761283851554664,0.0,9.797673569774734e-05,0.00015613911872885007
Defnotaspoof,0.0003761283851554664,1.9179796442619394e-06,9.43476399458148e-05,0.00015599903664857172
dictionaryhill,0.0003761283851554664,0.0,9.738049265330925e-05,0.00015599005796774053
AstroPcfliu,0.0003761283851554664,0.0,9.688058785389384e-05,0.0001558650817678867
RealPontane,0.0003761283851554664,3.1442289250195726e-08,9.43476399458148e-05,0.000155244421706567
EE_Fakten,0.0003761283851554664,1.5721144625097863e-08,9.43476399458148e-05,0.00015523813324871697
hanstosti,0.0003761283851554664,0.0,9.43476399458148e-05,0.00015523184479086693
TeslarkMAN,0.0003761283851554664,0.0,9.43476399458148e-05,0.00015523184479086693
shaas42,0.0003761283851554664,0.0,9.43476399458148e-05,0.00015523184479086693
Ravoyd,0.0003761283851554664,0.0,9.43476399458148e-05,0.00015523184479086693
marcuswerther,0.0003761283851554664,0.0,9.43476399458148e-05,0.00015523184479086693
LentzFlorian,0.0003761283851554664,0.0,9.43476399458148e-05,0.00015523184479086693
BryanLam82,0.0003761283851554664,0.0,9.43476399458148e-05,0.00015523184479086693
jangel_13,0.0003761283851554664,0.0,9.43476399458148e-05,0.00015523184479086693
BeerPeak,0.0003761283851554664,0.0,9.43476399458148e-05,0.00015523184479086693
515rippinum,0.0003761283851554664,0.0,9.43476399458148e-05,0.00015523184479086693
Humpidumpi2,0.0003761283851554664,0.0,9.414982955838349e-05,0.00015518239219400911
MotorTrend,0.0003761283851554664,0.0,9.411610769212543e-05,0.00015517396172744458
TeslaClubFrance,0.0003761283851554664,0.0,9.310061478711381e-05,0.0001549200885011917
tweet_sanjukta,0.0003761283851554664,0.0,9.270208084086964e-05,0.00015482045501463064
jasper_saunders,0.0003761283851554664,0.0,9.169389382675717e-05,0.00015456840826110252
SaraJAwesome,0.0003761283851554664,0.0,9.169389382675717e-05,0.00015456840826110252
DMC_Ryan,0.0003761283851554664,0.0,9.169389382675717e-05,0.00015456840826110252
azulelectric_es,0.0003761283851554664,0.0,9.132648560717105e-05,0.000154476556206206
ChanBrosRun,0.0003761283851554664,0.0,9.07149858416176e-05,0.00015432368126481764
ECcoupling,0.0003761283851554664,9.432686775058717e-08,9.003230136887734e-05,0.0001541907408937328
andiefontaine23,0.0003761283851554664,0.0,8.92972663577273e-05,0.00015396925139384506
EvThat,0.0003761283851554664,3.1442289250195726e-08,8.913492435480872e-05,0.00015394124280881548
V3ry_Offensiv3,0.0003761283851554664,0.0,8.913492435480872e-05,0.0001539286658931154
dblcapcrimpin,0.0003761283851554664,6.288457850039145e-07,8.600729500020508e-05,0.00015339829686846607
Dom94656454,0.0003761283851554664,0.0,8.600729500020508e-05,0.0001531467585544645
GodNiz,0.0003761283851554664,0.0,8.600729500020508e-05,0.0001531467585544645
_KeitaJames,0.0003761283851554664,0.0,8.600729500020508e-05,0.0001531467585544645
fujijuu,0.0003761283851554664,0.0,8.392220876380265e-05,0.00015262548699536389
URAHypocrite911,0.0003761283851554664,0.0,7.685260170747986e-05,0.00015085808523128318
davidtayar5,0.0003761283851554664,4.7163433875293585e-08,7.557480159919112e-05,0.00015055750057776113
minusYCore,0.0003761283851554664,0.0,7.349677758179049e-05,0.00015001912919986084
Celtcat99,0.0003761283851554664,0.0,7.349677758179049e-05,0.00015001912919986084
CescQuet,0.0003761283851554664,0.0,7.349677758179049e-05,0.00015001912919986084
Itstimeforplan2,0.0003761283851554664,0.0,7.349677758179049e-05,0.00015001912919986084
ItsAndyRyan,0.0003761283851554664,0.0,7.349677758179049e-05,0.00015001912919986084
arnabdotorg,0.0003761283851554664,0.0,7.349677758179049e-05,0.00015001912919986084
armanifosso,0.0003761283851554664,0.0,7.349677758179049e-05,0.00015001912919986084
DeanSheikh1,0.0003761283851554664,0.0,7.349677758179049e-05,0.00015001912919986084
jeboylston,0.0003761283851554664,0.0,7.349677758179049e-05,0.00015001912919986084
jcat17746037,0.0003761283851554664,0.0,7.349677758179049e-05,0.00015001912919986084
Investing_MyWay,0.0003761283851554664,0.0,7.349677758179049e-05,0.00015001912919986084
KerbalNut,0.0003761283851554664,0.0,7.349677758179049e-05,0.00015001912919986084
KeelKeel13,0.0003761283851554664,0.0,7.349677758179049e-05,0.00015001912919986084
Kdpointman,0.0003761283851554664,0.0,7.349677758179049e-05,0.00015001912919986084
TwistNHook,0.0003761283851554664,0.0,7.349677758179049e-05,0.00015001912919986084
KiaEV6GTline,0.0003761283851554664,0.0,7.349677758179049e-05,0.00015001912919986084
mojosusan,0.0003761283851554664,0.0,7.349677758179049e-05,0.00015001912919986084
motdl1,0.0003761283851554664,0.0,7.349677758179049e-05,0.00015001912919986084
CarlSwartzen,0.0003761283851554664,0.0,7.349677758179049e-05,0.00015001912919986084
CarmenMarsh20,0.0003761283851554664,0.0,7.349677758179049e-05,0.00015001912919986084
monthy1_9,0.0003761283851554664,0.0,7.349677758179049e-05,0.00015001912919986084
TotaGualion,0.0003761283851554664,0.0,7.349677758179049e-05,0.00015001912919986084
KevinOtten14,0.0003761283851554664,0.0,7.349677758179049e-05,0.00015001912919986084
john_cieslik,0.0003761283851554664,0.0,7.349677758179049e-05,0.00015001912919986084
jomarbg,0.0003761283851554664,0.0,7.349677758179049e-05,0.00015001912919986084
DavidJ62838693,0.0003761283851554664,0.0,7.349677758179049e-05,0.00015001912919986084
juju_b3ats,0.0003761283851554664,0.0,7.349677758179049e-05,0.00015001912919986084
alicelilly1,0.0003761283851554664,0.0,7.349677758179049e-05,0.00015001912919986084
alva_jr1,0.0003761283851554664,0.0,7.349677758179049e-05,0.00015001912919986084
KRLUV9,0.0003761283851554664,0.0,7.349677758179049e-05,0.00015001912919986084
VinodKumar_1959,0.0003761283851554664,0.0,7.349677758179049e-05,0.00015001912919986084
WahlstromCarl,0.0003761283851554664,0.0,7.349677758179049e-05,0.00015001912919986084
mikewisewv,0.0003761283851554664,0.0,7.349677758179049e-05,0.00015001912919986084
VeltonEvans,0.0003761283851554664,0.0,7.349677758179049e-05,0.00015001912919986084
VictorRamus,0.0003761283851554664,0.0,7.349677758179049e-05,0.00015001912919986084
K21_FX,0.0003761283851554664,0.0,7.349677758179049e-05,0.00015001912919986084
mmomboisse,0.0003761283851554664,0.0,7.349677758179049e-05,0.00015001912919986084
ChaphekarF1,0.0003761283851554664,0.0,7.349677758179049e-05,0.00015001912919986084
Checktaschu,0.0003761283851554664,0.0,7.349677758179049e-05,0.00015001912919986084
Vernon3Austin,0.0003761283851554664,0.0,7.349677758179049e-05,0.00015001912919986084
mgscay,0.0003761283851554664,0.0,7.349677758179049e-05,0.00015001912919986084
mgillet,0.0003761283851554664,0.0,7.349677758179049e-05,0.00015001912919986084
michaelh331,0.0003761283851554664,0.0,7.349677758179049e-05,0.00015001912919986084
VTP86,0.0003761283851554664,0.0,7.349677758179049e-05,0.00015001912919986084
Vales4O,0.0003761283851554664,0.0,7.349677758179049e-05,0.00015001912919986084
UnfazedWil,0.0003761283851554664,0.0,7.349677758179049e-05,0.00015001912919986084
Kakkarotftw,0.0003761283851554664,0.0,7.349677758179049e-05,0.00015001912919986084
KaizosCapital,0.0003761283851554664,0.0,7.349677758179049e-05,0.00015001912919986084
KangFei10,0.0003761283851554664,0.0,7.349677758179049e-05,0.00015001912919986084
TormentedLash,0.0003761283851554664,0.0,7.349677758179049e-05,0.00015001912919986084
CharlesBeaston,0.0003761283851554664,0.0,7.349677758179049e-05,0.00015001912919986084
NathanJames_FL,0.0003761283851554664,0.0,7.349677758179049e-05,0.00015001912919986084
NicJongeling,0.0003761283851554664,0.0,7.349677758179049e-05,0.00015001912919986084
NickCaige,0.0003761283851554664,0.0,7.349677758179049e-05,0.00015001912919986084
Ropster11,0.0003761283851554664,0.0,7.349677758179049e-05,0.00015001912919986084
Roy2928,0.0003761283851554664,0.0,7.349677758179049e-05,0.00015001912919986084
Runedscope1,0.0003761283851554664,0.0,7.349677758179049e-05,0.00015001912919986084
National_Native,0.0003761283851554664,0.0,7.349677758179049e-05,0.00015001912919986084
Nikkilouderman,0.0003761283851554664,0.0,7.349677758179049e-05,0.00015001912919986084
trustinthelordw,0.0003761283851554664,0.0,7.349677758179049e-05,0.00015001912919986084
LaTrey42656396,0.0003761283851554664,0.0,7.349677758179049e-05,0.00015001912919986084
not3worlds,0.0003761283851554664,0.0,7.349677758179049e-05,0.00015001912919986084
nopoetjustice,0.0003761283851554664,0.0,7.349677758179049e-05,0.00015001912919986084
KurzJohann,0.0003761283851554664,0.0,7.349677758179049e-05,0.00015001912919986084
niranjanmann69,0.0003761283851554664,0.0,7.349677758179049e-05,0.00015001912919986084
nukem384,0.0003761283851554664,0.0,7.349677758179049e-05,0.00015001912919986084
LaxSharma11,0.0003761283851554664,0.0,7.349677758179049e-05,0.00015001912919986084
TheFish23,0.0003761283851554664,0.0,7.349677758179049e-05,0.00015001912919986084
TheMetalChef93,0.0003761283851554664,0.0,7.349677758179049e-05,0.00015001912919986084
TheLifeandLega1,0.0003761283851554664,0.0,7.349677758179049e-05,0.00015001912919986084
LeoOnAndroid,0.0003761283851554664,0.0,7.349677758179049e-05,0.00015001912919986084
Humlae20,0.0003761283851554664,0.0,7.349677758179049e-05,0.00015001912919986084
itsArtienne,0.0003761283851554664,0.0,7.349677758179049e-05,0.00015001912919986084
intrinsic_motiv,0.0003761283851554664,0.0,7.349677758179049e-05,0.00015001912919986084
azoteprogresia,0.0003761283851554664,0.0,7.349677758179049e-05,0.00015001912919986084
aznlilchino103,0.0003761283851554664,0.0,7.349677758179049e-05,0.00015001912919986084
BussGusher,0.0003761283851554664,0.0,7.349677758179049e-05,0.00015001912919986084
KoppSalad,0.0003761283851554664,0.0,7.349677758179049e-05,0.00015001912919986084
ReverendHexar,0.0003761283851554664,0.0,7.349677758179049e-05,0.00015001912919986084
KrdHaene,0.0003761283851554664,0.0,7.349677758179049e-05,0.00015001912919986084
TomasMalecek1,0.0003761283851554664,0.0,7.349677758179049e-05,0.00015001912919986084
Ilanpeishi,0.0003761283851554664,0.0,7.349677758179049e-05,0.00015001912919986084
ImZmanYT,0.0003761283851554664,0.0,7.349677758179049e-05,0.00015001912919986084
ashishtiw11,0.0003761283851554664,0.0,7.349677758179049e-05,0.00015001912919986084
Der_JoMa,0.0003761283851554664,0.0,7.349677758179049e-05,0.00015001912919986084
multiplayer0000,0.0003761283851554664,0.0,7.349677758179049e-05,0.00015001912919986084
ncRjZi6FmtBUaRU,0.0003761283851554664,0.0,7.349677758179049e-05,0.00015001912919986084
TititeIDE21,0.0003761283851554664,0.0,7.349677758179049e-05,0.00015001912919986084
Tom_Wlodarczyk,0.0003761283851554664,0.0,7.349677758179049e-05,0.00015001912919986084
theonemansho,0.0003761283851554664,0.0,7.349677758179049e-05,0.00015001912919986084
LBLXX0,0.0003761283851554664,0.0,7.349677758179049e-05,0.00015001912919986084
S_D_C_crypto,0.0003761283851554664,0.0,7.349677758179049e-05,0.00015001912919986084
terrichamp,0.0003761283851554664,0.0,7.349677758179049e-05,0.00015001912919986084
testrooper,0.0003761283851554664,0.0,7.349677758179049e-05,0.00015001912919986084
teslaswe,0.0003761283851554664,0.0,7.349677758179049e-05,0.00015001912919986084
tomcheater,0.0003761283851554664,0.0,7.349677758179049e-05,0.00015001912919986084
AltCoinoisseur,0.0003761283851554664,0.0,7.349677758179049e-05,0.00015001912919986084
Amymcpartland,0.0003761283851554664,0.0,7.349677758179049e-05,0.00015001912919986084
flabellina212,0.0003761283851554664,0.0,7.349677758179049e-05,0.00015001912919986084
dGdHtdS,0.0003761283851554664,0.0,7.349677758179049e-05,0.00015001912919986084
d4v_e,0.0003761283851554664,0.0,7.349677758179049e-05,0.00015001912919986084
ElenaLimonta3,0.0003761283851554664,0.0,7.349677758179049e-05,0.00015001912919986084
RyanBez310,0.0003761283851554664,0.0,7.349677758179049e-05,0.00015001912919986084
Tillsbury1,0.0003761283851554664,0.0,7.349677758179049e-05,0.00015001912919986084
FAQUERETERMAX,0.0003761283851554664,0.0,7.349677758179049e-05,0.00015001912919986084
emantabrizi,0.0003761283851554664,0.0,7.349677758179049e-05,0.00015001912919986084
PamelaFero,0.0003761283851554664,0.0,7.349677758179049e-05,0.00015001912919986084
maowtf_,0.0003761283851554664,0.0,7.349677758179049e-05,0.00015001912919986084
QCD77,0.0003761283851554664,0.0,7.349677758179049e-05,0.00015001912919986084
Gregson36673847,0.0003761283851554664,0.0,7.349677758179049e-05,0.00015001912919986084
check0tweeturs,0.0003761283851554664,0.0,7.349677758179049e-05,0.00015001912919986084
ShhhhDontTalk,0.0003761283851554664,0.0,7.349677758179049e-05,0.00015001912919986084
spirillen_der,0.0003761283851554664,0.0,7.349677758179049e-05,0.00015001912919986084
stantradingman,0.0003761283851554664,0.0,7.349677758179049e-05,0.00015001912919986084
ArthurCasey514,0.0003761283851554664,0.0,7.349677758179049e-05,0.00015001912919986084
SheebaChoudhry,0.0003761283851554664,0.0,7.349677758179049e-05,0.00015001912919986084
ReikowskiL,0.0003761283851554664,0.0,7.349677758179049e-05,0.00015001912919986084
_Russelll_,0.0003761283851554664,0.0,7.349677758179049e-05,0.00015001912919986084
ksumishart,0.0003761283851554664,0.0,7.349677758179049e-05,0.00015001912919986084
JimmyDisMe,0.0003761283851554664,0.0,7.349677758179049e-05,0.00015001912919986084
_BRCooper,0.0003761283851554664,0.0,7.349677758179049e-05,0.00015001912919986084
JayKuykendall,0.0003761283851554664,0.0,7.349677758179049e-05,0.00015001912919986084
aboujamal01,0.0003761283851554664,0.0,7.349677758179049e-05,0.00015001912919986084
JaredThomas_P,0.0003761283851554664,0.0,7.349677758179049e-05,0.00015001912919986084
Jare37157459,0.0003761283851554664,0.0,7.349677758179049e-05,0.00015001912919986084
_raisedEyebrows,0.0003761283851554664,0.0,7.349677758179049e-05,0.00015001912919986084
DBo36184584,0.0003761283851554664,0.0,7.349677758179049e-05,0.00015001912919986084
DJoelAdebayoLaw,0.0003761283851554664,0.0,7.349677758179049e-05,0.00015001912919986084
JelonMusks,0.0003761283851554664,0.0,7.349677758179049e-05,0.00015001912919986084
Jessie11512434,0.0003761283851554664,0.0,7.349677758179049e-05,0.00015001912919986084
lanaslovepotion,0.0003761283851554664,0.0,7.349677758179049e-05,0.00015001912919986084
ConservaTwig,0.0003761283851554664,0.0,7.349677758179049e-05,0.00015001912919986084
ConsConscious,0.0003761283851554664,0.0,7.349677758179049e-05,0.00015001912919986084
X_G0D,0.0003761283851554664,0.0,7.349677758179049e-05,0.00015001912919986084
JosephWarrensf1,0.0003761283851554664,0.0,7.349677758179049e-05,0.00015001912919986084
JuanP1087,0.0003761283851554664,0.0,7.349677758179049e-05,0.00015001912919986084
YardRot5000,0.0003761283851554664,0.0,7.349677758179049e-05,0.00015001912919986084
kgb263,0.0003761283851554664,0.0,7.349677758179049e-05,0.00015001912919986084
khinton1,0.0003761283851554664,0.0,7.349677758179049e-05,0.00015001912919986084
aengineer34,0.0003761283851554664,0.0,7.349677758179049e-05,0.00015001912919986084
adestoop1,0.0003761283851554664,0.0,7.349677758179049e-05,0.00015001912919986084
majestee_,0.0003761283851554664,0.0,7.349677758179049e-05,0.00015001912919986084
maine_strong,0.0003761283851554664,0.0,7.349677758179049e-05,0.00015001912919986084
FredPickles007,0.0003761283851554664,0.0,7.349677758179049e-05,0.00015001912919986084
Wm_Elder,0.0003761283851554664,0.0,7.349677758179049e-05,0.00015001912919986084
Combat_Vet693,0.0003761283851554664,0.0,7.349677758179049e-05,0.00015001912919986084
malcolml7533,0.0003761283851554664,0.0,7.349677758179049e-05,0.00015001912919986084
On_a_branch,0.0003761283851554664,0.0,7.349677758179049e-05,0.00015001912919986084
A_Ralic,0.0003761283851554664,0.0,7.349677758179049e-05,0.00015001912919986084
vyaspnk,0.0003761283851554664,0.0,7.349677758179049e-05,0.00015001912919986084
webb_cristian,0.0003761283851554664,0.0,7.349677758179049e-05,0.00015001912919986084
AKindrat,0.0003761283851554664,0.0,7.349677758179049e-05,0.00015001912919986084
vongdara_zack,0.0003761283851554664,0.0,7.349677758179049e-05,0.00015001912919986084
volkankarabagli,0.0003761283851554664,0.0,7.349677758179049e-05,0.00015001912919986084
PhatStache,0.0003761283851554664,0.0,7.349677758179049e-05,0.00015001912919986084
Fisherm81322577,0.0003761283851554664,0.0,7.349677758179049e-05,0.00015001912919986084
FlaiteOrsini,0.0003761283851554664,0.0,7.349677758179049e-05,0.00015001912919986084
manatick1989,0.0003761283851554664,0.0,7.349677758179049e-05,0.00015001912919986084
anecdotalbobcat,0.0003761283851554664,0.0,7.349677758179049e-05,0.00015001912919986084
tsungxu,0.0003761283851554664,0.0,7.349677758179049e-05,0.00015001912919986084
verito_uy,0.0003761283851554664,0.0,7.349677758179049e-05,0.00015001912919986084
un_wellington,0.0003761283851554664,0.0,7.349677758179049e-05,0.00015001912919986084
AaronS5_,0.0003761283851554664,0.0,7.349677758179049e-05,0.00015001912919986084
AbuDhabiDude,0.0003761283851554664,0.0,7.349677758179049e-05,0.00015001912919986084
ec92009,0.0003761283851554664,0.0,7.349677758179049e-05,0.00015001912919986084
FuchsRalfX,0.0003761283851554664,0.0,7.349677758179049e-05,0.00015001912919986084
GDLS16,0.0003761283851554664,0.0,7.349677758179049e-05,0.00015001912919986084
ernest_bruce,0.0003761283851554664,0.0,7.349677758179049e-05,0.00015001912919986084
eric95766188,0.0003761283851554664,0.0,7.349677758179049e-05,0.00015001912919986084
eudoacosta,0.0003761283851554664,0.0,7.349677758179049e-05,0.00015001912919986084
Jeremy07555555,0.0003761283851554664,0.0,7.349677758179049e-05,0.00015001912919986084
FreeCryply,0.0003761283851554664,0.0,7.349677758179049e-05,0.00015001912919986084
RobertC65697837,0.0003761283851554664,0.0,7.349677758179049e-05,0.00015001912919986084
RodolfoBlasterR,0.0003761283851554664,0.0,7.349677758179049e-05,0.00015001912919986084
ORIGINALSCARYL1,0.0003761283851554664,0.0,7.349677758179049e-05,0.00015001912919986084
Nsubuga85070921,0.0003761283851554664,0.0,7.349677758179049e-05,0.00015001912919986084
OceanWordPress,0.0003761283851554664,0.0,7.349677758179049e-05,0.00015001912919986084
RicardoCabeza69,0.0003761283851554664,0.0,7.349677758179049e-05,0.00015001912919986084
RiPPn429,0.0003761283851554664,0.0,7.349677758179049e-05,0.00015001912919986084
NotSoHappyChef,0.0003761283851554664,0.0,7.349677758179049e-05,0.00015001912919986084
OrogoVirginia,0.0003761283851554664,0.0,7.349677758179049e-05,0.00015001912919986084
Ozz_EU,0.0003761283851554664,0.0,7.349677758179049e-05,0.00015001912919986084
OwnersWest,0.0003761283851554664,0.0,7.349677758179049e-05,0.00015001912919986084
b_madelief,0.0003761283851554664,0.0,7.349677758179049e-05,0.00015001912919986084
FritzBhler1,0.0003761283851554664,0.0,7.349677758179049e-05,0.00015001912919986084
yonkiman,0.0003761283851554664,0.0,7.349677758179049e-05,0.00015001912919986084
lifeisforshmuck,0.0003761283851554664,0.0,7.349677758179049e-05,0.00015001912919986084
Jimjumperman,0.0003761283851554664,0.0,7.349677758179049e-05,0.00015001912919986084
JimDawg60,0.0003761283851554664,0.0,7.349677758179049e-05,0.00015001912919986084
CryptoRehab,0.0003761283851554664,0.0,7.349677758179049e-05,0.00015001912919986084
Paigepaxton1,0.0003761283851554664,0.0,7.349677758179049e-05,0.00015001912919986084
Paw1Pavan,0.0003761283851554664,0.0,7.349677758179049e-05,0.00015001912919986084
RainaMorgan,0.0003761283851554664,0.0,7.349677758179049e-05,0.00015001912919986084
Whosmann,0.0003761283851554664,0.0,7.349677758179049e-05,0.00015001912919986084
WisconsinSpurs,0.0003761283851554664,0.0,7.349677758179049e-05,0.00015001912919986084
WorldCodation,0.0003761283851554664,0.0,7.349677758179049e-05,0.00015001912919986084
ClassicFighters,0.0003761283851554664,0.0,7.349677758179049e-05,0.00015001912919986084
angiebobandi,0.0003761283851554664,0.0,7.349677758179049e-05,0.00015001912919986084
Julyperr81,0.0003761283851554664,0.0,7.349677758179049e-05,0.00015001912919986084
melrocks9,0.0003761283851554664,0.0,7.349677758179049e-05,0.00015001912919986084
Christi26912367,0.0003761283851554664,0.0,7.349677758179049e-05,0.00015001912919986084
Chornibumer2,0.0003761283851554664,0.0,7.349677758179049e-05,0.00015001912919986084
mcholin,0.0003761283851554664,0.0,7.349677758179049e-05,0.00015001912919986084
mbxb305,0.0003761283851554664,0.0,7.349677758179049e-05,0.00015001912919986084
JRead777,0.0003761283851554664,0.0,7.349677758179049e-05,0.00015001912919986084
alejoskyhitz,0.0003761283851554664,0.0,7.349677758179049e-05,0.00015001912919986084
DannyC58078084,0.0003761283851554664,0.0,7.349677758179049e-05,0.00015001912919986084
DarrenM62560862,0.0003761283851554664,0.0,7.349677758179049e-05,0.00015001912919986084
katalyn4me,0.0003761283851554664,0.0,7.349677758179049e-05,0.00015001912919986084
DanielA45401154,0.0003761283851554664,0.0,7.349677758179049e-05,0.00015001912919986084
alannille2,0.0003761283851554664,0.0,7.349677758179049e-05,0.00015001912919986084
Wesgilmore002,0.0003761283851554664,0.0,7.349677758179049e-05,0.00015001912919986084
MattInCincy513,0.0003761283851554664,0.0,7.349677758179049e-05,0.00015001912919986084
Margotrp001,0.0003761283851554664,0.0,7.349677758179049e-05,0.00015001912919986084
MarekPolonecJr,0.0003761283851554664,0.0,7.349677758179049e-05,0.00015001912919986084
Martin02369,0.0003761283851554664,0.0,7.349677758179049e-05,0.00015001912919986084
StAugDawg,0.0003761283851554664,0.0,7.349677758179049e-05,0.00015001912919986084
s87240737,0.0003761283851554664,0.0,7.349677758179049e-05,0.00015001912919986084
McgloopHoop,0.0003761283851554664,0.0,7.349677758179049e-05,0.00015001912919986084
DuncanA59483379,0.0003761283851554664,0.0,7.349677758179049e-05,0.00015001912919986084
DutchHolland12,0.0003761283851554664,0.0,7.349677758179049e-05,0.00015001912919986084
Dustin__Wyoming,0.0003761283851554664,0.0,7.349677758179049e-05,0.00015001912919986084
GravellSam,0.0003761283851554664,0.0,7.349677758179049e-05,0.00015001912919986084
carol_saints_,0.0003761283851554664,0.0,7.349677758179049e-05,0.00015001912919986084
bambamboogey,0.0003761283851554664,0.0,7.349677758179049e-05,0.00015001912919986084
Matthew_H1979,0.0003761283851554664,0.0,7.349677758179049e-05,0.00015001912919986084
McGhostrider,0.0003761283851554664,0.0,7.349677758179049e-05,0.00015001912919986084
MayRevolt,0.0003761283851554664,0.0,7.349677758179049e-05,0.00015001912919986084
MechTuyot,0.0003761283851554664,0.0,7.349677758179049e-05,0.00015001912919986084
sebbi,0.0003761283851554664,0.0,7.349677758179049e-05,0.00015001912919986084
SmotWicket,0.0003761283851554664,0.0,7.349677758179049e-05,0.00015001912919986084
SoggySusan,0.0003761283851554664,0.0,7.349677758179049e-05,0.00015001912919986084
sayplaytopro,0.0003761283851554664,0.0,7.349677758179049e-05,0.00015001912919986084
MelodySongs17,0.0003761283851554664,0.0,7.349677758179049e-05,0.00015001912919986084
MeinertOlaf,0.0003761283851554664,0.0,7.349677758179049e-05,0.00015001912919986084
AvyuktiT,0.0003761283851554664,0.0,7.349677758179049e-05,0.00015001912919986084
SimonRook1,0.0003761283851554664,0.0,7.349677758179049e-05,0.00015001912919986084
MiguelHoyosSaxo,0.0003761283851554664,0.0,7.349677758179049e-05,0.00015001912919986084
SpaFoot2,0.0003761283851554664,0.0,7.349677758179049e-05,0.00015001912919986084
sunnycorax,0.0003761283851554664,0.0,7.349677758179049e-05,0.00015001912919986084
sudi520521,0.0003761283851554664,0.0,7.349677758179049e-05,0.00015001912919986084
stonecold2000,0.0003761283851554664,0.0,7.349677758179049e-05,0.00015001912919986084
subins,0.0003761283851554664,0.0,7.349677758179049e-05,0.00015001912919986084
SamMPigram,0.0003761283851554664,0.0,7.349677758179049e-05,0.00015001912919986084
Mahindr89638708,0.0003761283851554664,0.0,7.349677758179049e-05,0.00015001912919986084
robinizing,0.0003761283851554664,0.0,7.349677758179049e-05,0.00015001912919986084
BelascoEmerich,0.0003761283851554664,0.0,7.349677758179049e-05,0.00015001912919986084
StevieC22534754,0.0003761283851554664,0.0,7.349677758179049e-05,0.00015001912919986084
DrLizStafford,0.0003761283851554664,0.0,7.349677758179049e-05,0.00015001912919986084
DogeBro69,0.0003761283851554664,0.0,7.349677758179049e-05,0.00015001912919986084
Hags37,0.0003761283851554664,0.0,7.349677758179049e-05,0.00015001912919986084
rosccrna,0.0003761283851554664,0.0,7.349677758179049e-05,0.00015001912919986084
DrKnowItAll16,0.0003761283851554664,0.0,7.349677758179049e-05,0.00015001912919986084
cagsimsek,0.0003761283851554664,0.0,7.349677758179049e-05,0.00015001912919986084
herlengs88,0.0003761283851554664,0.0,7.349677758179049e-05,0.00015001912919986084
hiro_o4ll,0.0003761283851554664,0.0,7.349677758179049e-05,0.00015001912919986084
c_chanter,0.0003761283851554664,0.0,7.349677758179049e-05,0.00015001912919986084
cCKaraca05,0.0003761283851554664,0.0,7.349677758179049e-05,0.00015001912919986084
runner4745,0.0003761283851554664,0.0,7.349677758179049e-05,0.00015001912919986084
ryanz0rz,0.0003761283851554664,0.0,7.349677758179049e-05,0.00015001912919986084
roranezia,0.0003761283851554664,0.0,7.349677758179049e-05,0.00015001912919986084
Balboafightpix,0.0003761283851554664,0.0,7.349677758179049e-05,0.00015001912919986084
BadkaBakait,0.0003761283851554664,0.0,7.349677758179049e-05,0.00015001912919986084
BadHabitRabbit,0.0003761283851554664,0.0,7.349677758179049e-05,0.00015001912919986084
Marek19110,0.0003761283851554664,0.0,7.349677758179049e-05,0.00015001912919986084
DonnyTucker,0.0003761283851554664,0.0,7.349677758179049e-05,0.00015001912919986084
JoeyPeralez,0.0003761283851554664,0.0,7.349677758179049e-05,0.00015001912919986084
ZackZoron,0.0003761283851554664,0.0,7.349677758179049e-05,0.00015001912919986084
Zacatecatl,0.0003761283851554664,0.0,7.349677758179049e-05,0.00015001912919986084
ZOlson13,0.0003761283851554664,0.0,7.349677758179049e-05,0.00015001912919986084
CranstonDwayne,0.0003761283851554664,0.0,7.349677758179049e-05,0.00015001912919986084
lostinspace1517,0.0003761283851554664,0.0,7.349677758179049e-05,0.00015001912919986084
longsmac61,0.0003761283851554664,0.0,7.349677758179049e-05,0.00015001912919986084
Pixietje,0.0003761283851554664,0.0,7.349677758179049e-05,0.00015001912919986084
Pj_1928,0.0003761283851554664,0.0,7.349677758179049e-05,0.00015001912919986084
PitbullNerd,0.0003761283851554664,0.0,7.349677758179049e-05,0.00015001912919986084
PositivFuturist,0.0003761283851554664,0.0,7.349677758179049e-05,0.00015001912919986084
ziggurcat,0.0003761283851554664,0.0,7.349677758179049e-05,0.00015001912919986084
gstr70,0.0003761283851554664,0.0,7.349677758179049e-05,0.00015001912919986084
_hypx,0.0003761283851554664,0.0,7.349677758179049e-05,0.00015001912919986084
YoBigBrotha,0.0003761283851554664,0.0,7.349677758179049e-05,0.00015001912919986084
lerwill_t,0.0003761283851554664,0.0,7.349677758179049e-05,0.00015001912919986084
Gthingsahead,0.0003761283851554664,0.0,7.349677758179049e-05,0.00015001912919986084
FivelMaus,0.0003761283851554664,0.0,7.349677758179049e-05,0.00015001912919986084
deathanddecay01,0.0003761283851554664,0.0,7.349677758179049e-05,0.00015001912919986084
dyhard5590,0.0003761283851554664,0.0,7.349677758179049e-05,0.00015001912919986084
RDalsaune,0.0003761283851554664,0.0,7.349677758179049e-05,0.00015001912919986084
RSinUSA,0.0003761283851554664,0.0,7.349677758179049e-05,0.00015001912919986084
99PD99,0.0003761283851554664,0.0,7.349677758179049e-05,0.00015001912919986084
werbenirvana,0.0003761283851554664,0.0,7.349677758179049e-05,0.00015001912919986084
wiemvdvsdv,0.0003761283851554664,0.0,7.349677758179049e-05,0.00015001912919986084
whailisk4n,0.0003761283851554664,0.0,7.349677758179049e-05,0.00015001912919986084
dwatg,0.0003761283851554664,0.0,7.349677758179049e-05,0.00015001912919986084
gregcrabb,0.0003761283851554664,0.0,7.349677758179049e-05,0.00015001912919986084
EAutoPionier,0.0003761283851554664,0.0,7.349677758179049e-05,0.00015001912919986084
DylandeBro,0.0003761283851554664,0.0,7.349677758179049e-05,0.00015001912919986084
Petacopia,0.0003761283851554664,0.0,7.349677758179049e-05,0.00015001912919986084
zibidik9,0.0003761283851554664,0.0,7.349677758179049e-05,0.00015001912919986084
xpensive662,0.0003761283851554664,0.0,7.349677758179049e-05,0.00015001912919986084
doogerasgurd,0.0003761283851554664,0.0,7.349677758179049e-05,0.00015001912919986084
123SafeonMe,0.0003761283851554664,0.0,7.349677758179049e-05,0.00015001912919986084
Fiberoptixxx,0.0003761283851554664,0.0,7.349677758179049e-05,0.00015001912919986084
Fingerz503,0.0003761283851554664,0.0,7.349677758179049e-05,0.00015001912919986084
docjackmehoff,0.0003761283851554664,0.0,7.349677758179049e-05,0.00015001912919986084
dergrueneheld,0.0003761283851554664,0.0,7.349677758179049e-05,0.00015001912919986084
ABehiel,0.0003761283851554664,0.0,7.349677758179049e-05,0.00015001912919986084
ProfessorStrz,0.0003761283851554664,0.0,7.349677758179049e-05,0.00015001912919986084
ProfSandwich,0.0003761283851554664,0.0,7.349677758179049e-05,0.00015001912919986084
Qagoneaway,0.0003761283851554664,0.0,7.349677758179049e-05,0.00015001912919986084
waterdropangels,0.0003761283851554664,0.0,7.349677758179049e-05,0.00015001912919986084
worldcobaltday,0.0003761283851554664,0.0,7.349677758179049e-05,0.00015001912919986084
wykoll,0.0003761283851554664,0.0,7.349677758179049e-05,0.00015001912919986084
lavenderbIu2,0.0003761283851554664,0.0,7.349677758179049e-05,0.00015001912919986084
36angstroms,0.0003761283851554664,0.0,7.349677758179049e-05,0.00015001912919986084
PRasaspor,0.0003761283851554664,0.0,7.349677758179049e-05,0.00015001912919986084
yTsJeMI2mkxpn2Q,0.0003761283851554664,0.0,7.349677758179049e-05,0.00015001912919986084
2018Colo,0.0003761283851554664,0.0,7.349677758179049e-05,0.00015001912919986084
2quit2far,0.0003761283851554664,0.0,7.349677758179049e-05,0.00015001912919986084
FantasSstix,0.0003761283851554664,0.0,7.349677758179049e-05,0.00015001912919986084
differentdoktor,0.0003761283851554664,0.0,7.349677758179049e-05,0.00015001912919986084
gorgaf,0.0003761283851554664,0.0,7.349677758179049e-05,0.00015001912919986084
coskier61,0.0003761283851554664,0.0,7.349677758179049e-05,0.00015001912919986084
Muas__,0.0003761283851554664,0.0,7.349677758179049e-05,0.00015001912919986084
tejadaantonatos,0.0003761283851554664,0.0,7.349677758179049e-05,0.00015001912919986084
AltonHobbs,0.0003761283851554664,0.0,7.349677758179049e-05,0.00015001912919986084
MrDaS13,0.0003761283851554664,0.0,7.349677758179049e-05,0.00015001912919986084
tacuru007,0.0003761283851554664,0.0,7.349677758179049e-05,0.00015001912919986084
tayshyan,0.0003761283851554664,0.0,7.349677758179049e-05,0.00015001912919986084
Sad_angel_Xo,0.0003761283851554664,0.0,7.349677758179049e-05,0.00015001912919986084
AndreDarazs,0.0003761283851554664,0.0,7.349677758179049e-05,0.00015001912919986084
AndrettiAndrew,0.0003761283851554664,0.0,7.349677758179049e-05,0.00015001912919986084
NamesOfLondon,0.0003761283851554664,0.0,7.349677758179049e-05,0.00015001912919986084
superhuevo__,0.0003761283851554664,0.0,7.349677758179049e-05,0.00015001912919986084
TerryOMalley20,0.0003761283851554664,0.0,7.349677758179049e-05,0.00015001912919986084
prodrunkdrivin,0.0003761283851554664,0.0,7.349677758179049e-05,0.00015001912919986084
qazw37848,0.0003761283851554664,0.0,7.349677758179049e-05,0.00015001912919986084
LordNefty,0.0003761283851554664,0.0,7.349677758179049e-05,0.00015001912919986084
pnittmann,0.0003761283851554664,0.0,7.349677758179049e-05,0.00015001912919986084
pm_last,0.0003761283851554664,0.0,7.349677758179049e-05,0.00015001912919986084
ppant1c,0.0003761283851554664,0.0,7.349677758179049e-05,0.00015001912919986084
BillyBe24919109,0.0003761283851554664,0.0,7.349677758179049e-05,0.00015001912919986084
Techgnostik,0.0003761283851554664,0.0,7.349677758179049e-05,0.00015001912919986084
LoudmouthAB,0.0003761283851554664,0.0,7.349677758179049e-05,0.00015001912919986084
placetimeactive,0.0003761283851554664,0.0,7.349677758179049e-05,0.00015001912919986084
HelmPeter,0.0003761283851554664,0.0,7.349677758179049e-05,0.00015001912919986084
HenzSy,0.0003761283851554664,0.0,7.349677758179049e-05,0.00015001912919986084
Lucid2Moon,0.0003761283851554664,0.0,7.349677758179049e-05,0.00015001912919986084
willieseconpr,0.0003761283851554664,0.0,7.349677758179049e-05,0.00015001912919986084
ox45tallboy,0.0003761283851554664,0.0,7.349677758179049e-05,0.00015001912919986084
palaceviking,0.0003761283851554664,0.0,7.349677758179049e-05,0.00015001912919986084
LeeHatherell,0.0003761283851554664,0.0,7.349677758179049e-05,0.00015001912919986084
onanov,0.0003761283851554664,0.0,7.349677758179049e-05,0.00015001912919986084
Bohob,0.0003761283851554664,0.0,7.349677758179049e-05,0.00015001912919986084
BogdanBabes,0.0003761283851554664,0.0,7.349677758179049e-05,0.00015001912919986084
pattie541,0.0003761283851554664,0.0,7.349677758179049e-05,0.00015001912919986084
idiotinnowhere,0.0003761283851554664,0.0,7.349677758179049e-05,0.00015001912919986084
ihrliebeleut,0.0003761283851554664,0.0,7.349677758179049e-05,0.00015001912919986084
IPossible77,0.0003761283851554664,0.0,7.349677758179049e-05,0.00015001912919986084
LikeFleasOnADog,0.0003761283851554664,0.0,7.349677758179049e-05,0.00015001912919986084
ginsbergonomics,0.0003761283851554664,0.0,7.349677758179049e-05,0.00015001912919986084
pjanik_otm,0.0003761283851554664,0.0,7.349677758179049e-05,0.00015001912919986084
pimgunzel,0.0003761283851554664,0.0,7.349677758179049e-05,0.00015001912919986084
Lisahauge222,0.0003761283851554664,0.0,7.349677758179049e-05,0.00015001912919986084
pbcttt02,0.0003761283851554664,0.0,7.349677758179049e-05,0.00015001912919986084
peteypopetey,0.0003761283851554664,0.0,7.349677758179049e-05,0.00015001912919986084
TeslaBullofSwe,0.0003761283851554664,0.0,7.349677758179049e-05,0.00015001912919986084
GeistRabbit,0.0003761283851554664,0.0,7.349677758179049e-05,0.00015001912919986084
cromwellian,0.0003761283851554664,0.0,7.349677758179049e-05,0.00015001912919986084
gpism,0.0003761283851554664,0.0,7.349677758179049e-05,0.00015001912919986084
GangulySrijohn,0.0003761283851554664,0.0,7.349677758179049e-05,0.00015001912919986084
GargaBloom,0.0003761283851554664,0.0,7.349677758179049e-05,0.00015001912919986084
EddieArabaci,0.0003761283851554664,0.0,7.349677758179049e-05,0.00015001912919986084
EdwinLe15469796,0.0003761283851554664,0.0,7.349677758179049e-05,0.00015001912919986084
Loki1001,0.0003761283851554664,0.0,7.349677758179049e-05,0.00015001912919986084
HarryHamill,0.0003761283851554664,0.0,7.349677758179049e-05,0.00015001912919986084
boris_gagarin,0.0003761283851554664,0.0,7.349677758179049e-05,0.00015001912919986084
br_ranger,0.0003761283851554664,0.0,7.349677758179049e-05,0.00015001912919986084
robin202222,0.0003761283851554664,0.0,7.349677758179049e-05,0.00015001912919986084
rolviking,0.0003761283851554664,0.0,7.349677758179049e-05,0.00015001912919986084
Strata28713382,0.0003761283851554664,0.0,7.349677758179049e-05,0.00015001912919986084
Sue5955,0.0003761283851554664,0.0,7.349677758179049e-05,0.00015001912919986084
Maj_Crouch,0.0003761283851554664,0.0,7.349677758179049e-05,0.00015001912919986084
SemperFunds,0.0003761283851554664,0.0,7.349677758179049e-05,0.00015001912919986084
Selbstdenker75,0.0003761283851554664,0.0,7.349677758179049e-05,0.00015001912919986084
AriDavidPaul,0.0003761283851554664,0.0,7.349677758179049e-05,0.00015001912919986084
Angie2021_,0.0003761283851554664,0.0,7.349677758179049e-05,0.00015001912919986084
HenriettaShend1,0.0003761283851554664,0.0,7.349677758179049e-05,0.00015001912919986084
Scratoch,0.0003761283851554664,0.0,7.349677758179049e-05,0.00015001912919986084
GiantNyk,0.0003761283851554664,0.0,7.349677758179049e-05,0.00015001912919986084
GettinTwitta,0.0003761283851554664,0.0,7.349677758179049e-05,0.00015001912919986084
comic_stacks,0.0003761283851554664,0.0,7.349677758179049e-05,0.00015001912919986084
cleangreenfast,0.0003761283851554664,0.0,7.349677758179049e-05,0.00015001912919986084
GernotHutter,0.0003761283851554664,0.0,7.349677758179049e-05,0.00015001912919986084
GerardVriend3,0.0003761283851554664,0.0,7.349677758179049e-05,0.00015001912919986084
GoodGrimey,0.0003761283851554664,0.0,7.349677758179049e-05,0.00015001912919986084
chriskclark,0.0003761283851554664,0.0,7.349677758179049e-05,0.00015001912919986084
chungus1999,0.0003761283851554664,0.0,7.349677758179049e-05,0.00015001912919986084
MolliIreland,0.0003761283851554664,0.0,7.349677758179049e-05,0.00015001912919986084
MotherCabriniNY,0.0003761283851554664,0.0,7.349677758179049e-05,0.00015001912919986084
subach,0.0003761283851554664,0.0,7.349677758179049e-05,0.00015001912919986084
MountainBark,0.0003761283851554664,0.0,7.349677758179049e-05,0.00015001912919986084
ichirpy,0.0003761283851554664,0.0,7.349677758179049e-05,0.00015001912919986084
bluecrash,0.0003761283851554664,0.0,7.349677758179049e-05,0.00015001912919986084
blkcsr34,0.0003761283851554664,0.0,7.349677758179049e-05,0.00015001912919986084
Dobby172,0.0003761283851554664,0.0,7.349677758179049e-05,0.00015001912919986084
blackwidowbtc,0.0003761283851554664,0.0,7.349677758179049e-05,0.00015001912919986084
TallmanTrades,0.0003761283851554664,0.0,7.349677758179049e-05,0.00015001912919986084
Taylor_Made72,0.0003761283851554664,0.0,7.349677758179049e-05,0.00015001912919986084
Lurker67888383,0.0003761283851554664,0.0,7.349677758179049e-05,0.00015001912919986084
TapsyKristy,0.0003761283851554664,0.0,7.349677758179049e-05,0.00015001912919986084
reardencode,0.0003761283851554664,0.0,7.349677758179049e-05,0.00015001912919986084
realshubhamraut,0.0003761283851554664,0.0,7.349677758179049e-05,0.00015001912919986084
rasika_jay,0.0003761283851554664,0.0,7.349677758179049e-05,0.00015001912919986084
BigA79813245,0.0003761283851554664,0.0,7.349677758179049e-05,0.00015001912919986084
Djole022756255,0.0003761283851554664,0.0,7.349677758179049e-05,0.00015001912919986084
TONE13817103,0.0003761283851554664,0.0,7.349677758179049e-05,0.00015001912919986084
TKov10,0.0003761283851554664,0.0,7.349677758179049e-05,0.00015001912919986084
TZnidarcic,0.0003761283851554664,0.0,7.349677758179049e-05,0.00015001912919986084
TTefasfgas,0.0003761283851554664,0.0,7.349677758179049e-05,0.00015001912919986084
MagnusRex407,0.0003761283851554664,0.0,7.349677758179049e-05,0.00015001912919986084
TKlun1,0.0003761283851554664,0.0,7.349677758179049e-05,0.00015001912919986084
TFFeV,0.0003761283851554664,0.0,7.349677758179049e-05,0.00015001912919986084
SwissFamilyTsla,0.0003761283851554664,0.0,7.349677758179049e-05,0.00015001912919986084
Swejjan,0.0003761283851554664,0.0,7.349677758179049e-05,0.00015001912919986084
Benjaminhakans1,0.0003761283851554664,0.0,7.349677758179049e-05,0.00015001912919986084
SuperMa82824299,0.0003761283851554664,0.0,7.349677758179049e-05,0.00015001912919986084
Superutz,0.0003761283851554664,0.0,7.349677758179049e-05,0.00015001912919986084
DoBetterCA,0.0003761283851554664,0.0,7.349677758179049e-05,0.00015001912919986084
MCabalG,0.0003761283851554664,0.0,7.349677758179049e-05,0.00015001912919986084
BenHouston3D,0.00025075225677031093,0.0,0.0002418011715267314,0.00014821358275129168
SeeEvanR,0.00025075225677031093,0.0,0.0002418011715267314,0.00014821358275129168
mosicr,0.00025075225677031093,0.0,0.0002374235120172015,0.0001471191678739092
mantalicious,0.00025075225677031093,0.0,0.00022780288261739043,0.00014471401052395643
fipsyfip,0.00025075225677031093,0.0,0.00021908763280738868,0.000142535198071456
EnClaveDerecho,0.00025075225677031093,0.0,0.0002024716806323249,0.00013838121002769004
Rainmaker1973,0.00025075225677031093,0.0,0.0001986019517659364,0.00013741377781109293
danprimack,0.00025075225677031093,0.0,0.0001986019517659364,0.00013741377781109293
auto_moto_pl,0.00025075225677031093,0.0,0.0001986019517659364,0.00013741377781109293
tulaygokcimen,0.00025075225677031093,0.0,0.0001986019517659364,0.00013741377781109293
Femto_Tesla,0.00025075225677031093,0.0,0.0001986019517659364,0.00013741377781109293
Yeokk_Tesla,0.00025075225677031093,0.0,0.0001986019517659364,0.00013741377781109293
DanijelMajic,0.00025075225677031093,0.0,0.0001986019517659364,0.00013741377781109293
rfitz77,0.00025075225677031093,0.0,0.0001986019517659364,0.00013741377781109293
PierrePoilievre,0.00025075225677031093,0.0,0.0001986019517659364,0.00013741377781109293
TSLAfanboy,0.00025075225677031093,0.0,0.0001986019517659364,0.00013741377781109293
fixer_miss,0.00025075225677031093,0.0,0.0001986019517659364,0.00013741377781109293
Reuters,0.00025075225677031093,0.0,0.0001986019517659364,0.00013741377781109293
pyrodropcii,0.00025075225677031093,0.0,0.0001986019517659364,0.00013741377781109293
JennaEllisEsq,0.00025075225677031093,0.0,0.0001986019517659364,0.00013741377781109293
ValeryValWho,0.00025075225677031093,0.0,0.0001986019517659364,0.00013741377781109293
emilyrschmidt,0.00025075225677031093,0.0,0.0001986019517659364,0.00013741377781109293
NichtTK,0.00025075225677031093,0.0,0.0001986019517659364,0.00013741377781109293
upelienta_sss,0.00025075225677031093,0.0,0.0001986019517659364,0.00013741377781109293
tedcruz,0.00025075225677031093,0.0,0.0001986019517659364,0.00013741377781109293
archie4445,0.00025075225677031093,0.0,0.0001986019517659364,0.00013741377781109293
Auto_Porn,0.00025075225677031093,0.0,0.0001986019517659364,0.00013741377781109293
Elias_Parada_S,0.00025075225677031093,0.0,0.0001986019517659364,0.00013741377781109293
CNET,0.00025075225677031093,0.0,0.0001986019517659364,0.00013741377781109293
Eltraviezoarce5,0.00025075225677031093,0.0,0.0001986019517659364,0.00013741377781109293
RTLnieuws,0.00025075225677031093,0.0,0.0001986019517659364,0.00013741377781109293
jacktla,0.00025075225677031093,0.0,0.0001986019517659364,0.00013741377781109293
Mike_Drop1,0.00025075225677031093,0.0,0.0001986019517659364,0.00013741377781109293
dmisic,0.00025075225677031093,0.0,0.0001986019517659364,0.00013741377781109293
compound248,0.00025075225677031093,0.0,0.00019392161125472975,0.00013624369268329126
ardynugraha27,0.00025075225677031093,0.0,0.00019392161125472975,0.00013624369268329126
lanamiklan,0.00025075225677031093,0.0,0.00019392161125472975,0.00013624369268329126
reinistraidas,0.00025075225677031093,0.0,0.00019392161125472975,0.00013624369268329126
R_A_T_G_S,0.00025075225677031093,0.0,0.00019392161125472975,0.00013624369268329126
jonnajarian,0.00025075225677031093,0.0,0.00019392161125472975,0.00013624369268329126
iltalehti_fi,0.00025075225677031093,0.0,0.00019392161125472975,0.00013624369268329126
rhh,0.00025075225677031093,0.0,0.00019392161125472975,0.00013624369268329126
nicolevoers,0.00025075225677031093,0.0,0.00019392161125472975,0.00013624369268329126
AcoinMon,0.00012537612838515547,0.0,0.00036484028805558303,0.00013509171694870017
igorbb222,0.00012537612838515547,0.0,0.00036484028805558303,0.00013509171694870017
realen1,0.00012537612838515547,0.0,0.00036484028805558303,0.00013509171694870017
bkex_jm,0.00025075225677031093,0.0,0.00018296380499291815,0.00013350424111783837
bppulseuk,0.00025075225677031093,0.0,0.00018192612364562697,0.00013324482078101556
Tesla__nikola,0.00025075225677031093,0.0,0.00018192612364562697,0.00013324482078101556
momotagg,0.00025075225677031093,0.0,0.00018192612364562697,0.00013324482078101556
secretmonopoly,0.00025075225677031093,0.0,0.00018192612364562697,0.00013324482078101556
ZukinghamPalace,0.00025075225677031093,0.0,0.00018192612364562697,0.00013324482078101556
rilivadivuk,0.00025075225677031093,0.0,0.00016732565821989993,0.0001295947044245838
TheTorontoSun,0.00025075225677031093,0.0,0.00016732565821989993,0.0001295947044245838
ReliableGuru,0.00025075225677031093,0.0,0.00016732565821989993,0.0001295947044245838
Pmgraham86,0.00025075225677031093,0.0,0.00016732565821989993,0.0001295947044245838
MaxAbrahms,0.00025075225677031093,0.0,0.00016732565821989993,0.0001295947044245838
matwatsoncars,0.00025075225677031093,0.0,0.00016732565821989993,0.0001295947044245838
dystopiabreaker,0.00025075225677031093,0.0,0.00016732565821989993,0.0001295947044245838
_ekokuntadhi,0.00025075225677031093,0.0,0.00016732565821989993,0.0001295947044245838
TrendSpider,0.00025075225677031093,0.0,0.00016732565821989993,0.0001295947044245838
vladimirgajic1,0.00025075225677031093,0.0,0.00016732565821989993,0.0001295947044245838
BreitbartNews,0.00025075225677031093,0.0,0.00016732565821989993,0.0001295947044245838
rblommestijn,0.00025075225677031093,0.0,0.00016732565821989993,0.0001295947044245838
kairyssdal,0.00025075225677031093,0.0,0.00016732565821989993,0.0001295947044245838
JPATrades,0.00025075225677031093,0.0,0.00016732565821989993,0.0001295947044245838
SciGuySpace,0.00025075225677031093,0.0,0.00016732565821989993,0.0001295947044245838
thespybrief,0.00025075225677031093,0.0,0.00016732565821989993,0.0001295947044245838
JUNlPER,0.00025075225677031093,0.0,0.00016732565821989993,0.0001295947044245838
Petar_1,0.00025075225677031093,0.0,0.00016732565821989993,0.0001295947044245838
sloyoroll01973,0.00025075225677031093,0.0,0.00016732565821989993,0.0001295947044245838
jonfortt,0.00025075225677031093,0.0,0.00016732565821989993,0.0001295947044245838
UndeadByTheSea,0.00025075225677031093,0.0,0.0001601253725191233,0.00012779463299938964
naglalakk,0.00025075225677031093,0.0,0.00015898224575731324,0.00012750885130893714
weruncrypto,0.00025075225677031093,0.0,0.00015819559384215337,0.00012731218833014716
JuraPijandura,0.00025075225677031093,0.0,0.00015819559384215337,0.00012731218833014716
CryptoFLP,0.00025075225677031093,0.0,0.00015819559384215337,0.00012731218833014716
ezu_xyz,0.00025075225677031093,0.0,0.00015690022703788775,0.00012698834662908077
johnsen_yt,0.00025075225677031093,0.0,0.00015690022703788775,0.00012698834662908077
pawlakp,0.00025075225677031093,0.0,0.00015690022703788775,0.00012698834662908077
bzberlin,0.00025075225677031093,0.0,0.00015690022703788775,0.00012698834662908077
caitoz,0.00025075225677031093,0.0,0.00015690022703788775,0.00012698834662908077
MatchasmMatt,0.00025075225677031093,0.0,0.00015615555338202973,0.00012680217821511624
julianhosp,0.00025075225677031093,0.0,0.000154327172505322,0.00012634508299593932
RandyVegetables,0.00025075225677031093,0.0,0.00015252924437103528,0.00012589560096236765
StealthQE4,0.00025075225677031093,0.0,0.00015168751144688166,0.00012568516773132923
KimIversenShow,0.00025075225677031093,0.0,0.00015168751144688166,0.00012568516773132923
StansaidAirport,0.00025075225677031093,0.0,0.00014878795482264155,0.0001249602785752692
iheko_Tesla,0.00025075225677031093,0.0,0.00014855988209227803,0.00012490326039267833
eliant_capital,0.00025075225677031093,0.0,0.00014855988209227803,0.00012490326039267833
VenetianCora,0.00025075225677031093,0.0,0.00014831668786523527,0.00012484246183591763
DjokerNole,0.00025075225677031093,0.0,0.0001464747958558756,0.00012438198883357772
tesla_widow,0.00025075225677031093,0.0,0.00014637758849448039,0.00012435768699322892
SilosEstate,0.00025075225677031093,0.0,0.00014637758849448039,0.00012435768699322892
lisaabramowicz1,0.00025075225677031093,0.0,0.0001445343729167797,0.00012389688309880374
vincent13031925,0.00025075225677031093,0.0,0.00014271106238463132,0.00012344105546576665
cleantechnica,0.00025075225677031093,0.0,0.0001412620802648695,0.0001230788099358262
vamp_euro,0.00025075225677031093,0.0,0.00014113823942883536,0.00012304784972681765
readersacrobat,0.00025075225677031093,0.0,0.00014003714147638624,0.00012277257523870538
JPProeger,0.00025075225677031093,0.0,0.00014003714147638624,0.00012277257523870538
akidesir,0.00025075225677031093,0.0,0.00013995890136711802,0.00012275301521138832
fluelimat,0.00025075225677031093,0.0,0.00013977899851890432,0.0001227080394993349
spotted_model,0.00025075225677031093,0.0,0.000139341606099762,0.00012259869139454933
teslanatik,0.00025075225677031093,0.0,0.0001385739578871533,0.00012240677934139714
JohnnaCrider1,0.00025075225677031093,0.0,0.0001385729544645082,0.00012240652848573587
kennethdavid,0.00025075225677031093,3.45865181752153e-07,0.00013604936467386344,0.00012191397711077553
NITECH30,0.00025075225677031093,1.5721144625097863e-08,0.00013604936467386344,0.00012178191949592472
bino_oko,0.00025075225677031093,1.5721144625097863e-08,0.00013604936467386344,0.00012178191949592472
a_meta4,0.00025075225677031093,0.0,0.00013604936467386344,0.00012177563103807468
PUCTX,0.00025075225677031093,0.0,0.00013604936467386344,0.00012177563103807468
andymilonakis,0.00025075225677031093,0.0,0.00013604936467386344,0.00012177563103807468
GOPLeader,0.00025075225677031093,0.0,0.00013604936467386344,0.00012177563103807468
whatsinside,0.00025075225677031093,0.0,0.00013604936467386344,0.00012177563103807468
jimmylittle,0.00025075225677031093,0.0,0.00013604936467386344,0.00012177563103807468
BagholderQuotes,0.00025075225677031093,0.0,0.00013604936467386344,0.00012177563103807468
rose_k01,0.00025075225677031093,0.0,0.00013604936467386344,0.00012177563103807468
TheBestAkaliEvr,0.00025075225677031093,0.0,0.00013604936467386344,0.00012177563103807468
AlternateJones,0.00025075225677031093,0.0,0.00013604936467386344,0.00012177563103807468
KobraToldya,0.00025075225677031093,0.0,0.00013604936467386344,0.00012177563103807468
_Juve_Tesla,0.00025075225677031093,0.0,0.0001344892511701279,0.00012138560266214079
Kangaroo69F,0.00025075225677031093,0.0,0.0001344892511701279,0.00012138560266214079
janravn2,0.00025075225677031093,0.0,0.0001344892511701279,0.00012138560266214079
Parkarathon_,0.00025075225677031093,0.0,0.0001344892511701279,0.00012138560266214079
rrocasalamero,0.00025075225677031093,0.0,0.0001344892511701279,0.00012138560266214079
ShortingIsFun,0.00025075225677031093,0.0,0.0001344892511701279,0.00012138560266214079
DoNotLose,0.00012537612838515547,0.0,0.00030846938446484697,0.00012099899105101615
deep_state_ceo,0.00025075225677031093,0.0,0.00013291725966199585,0.00012099260478510779
SerbiaBased,0.00025075225677031093,0.0,0.00013291725966199585,0.00012099260478510779
trbltrbl1,0.00025075225677031093,0.0,0.00013291725966199585,0.00012099260478510779
Tesla__Mania,0.00025075225677031093,0.0,0.00013249607345943608,0.00012088730823446784
DirtyTxn,0.00025075225677031093,0.0,0.0001317575950875372,0.00012070268864149312
FrankTornen,0.00025075225677031093,0.0,0.0001317575950875372,0.00012070268864149312
royeverett16,0.00025075225677031093,0.0,0.0001317575950875372,0.00012070268864149312
MirekTopolanek,0.00025075225677031093,0.0,0.0001317575950875372,0.00012070268864149312
michalpur,0.00025075225677031093,0.0,0.0001317575950875372,0.00012070268864149312
jellydrama,0.00025075225677031093,0.0,0.0001317575950875372,0.00012070268864149312
holgate177,0.00025075225677031093,0.0,0.0001317575950875372,0.00012070268864149312
AlexMulet,0.00025075225677031093,0.0,0.0001317575950875372,0.00012070268864149312
disclosetv,0.00025075225677031093,0.0,0.000130101695374554,0.00012028871371324733
KemClawson,0.00025075225677031093,0.0,0.0001300438991713531,0.00012027426466244709
Official_GO,0.00025075225677031093,0.0,0.00012706020615955267,0.00011952834140949698
incelReplies,0.00025075225677031093,0.0,0.00012562393349185128,0.00011916927324257163
JonGordon11,0.00025075225677031093,0.0,0.00012562393349185128,0.00011916927324257163
saylor,0.00025075225677031093,0.0,0.00012562393349185128,0.00011916927324257163
CEOAdam,0.00025075225677031093,0.0,0.00012562393349185128,0.00011916927324257163
SavingAmerica4U,0.00025075225677031093,0.0,0.00012562393349185128,0.00011916927324257163
laque_tess,0.00025075225677031093,0.0,0.00012562393349185128,0.00011916927324257163
Sciencenature14,0.00025075225677031093,0.0,0.00012562393349185128,0.00011916927324257163
naeo85,0.00025075225677031093,0.0,0.00012562393349185128,0.00011916927324257163
DerGraslutscher,0.00025075225677031093,0.0,0.00012562393349185128,0.00011916927324257163
TheRealKeean,0.00025075225677031093,0.0,0.00012562393349185128,0.00011916927324257163
SenJoniErnst,0.00025075225677031093,0.0,0.00012562393349185128,0.00011916927324257163
Tesla_church365,0.00025075225677031093,0.0,0.00012562393349185128,0.00011916927324257163
eurodolar1980x,0.00025075225677031093,0.0,0.00012562393349185128,0.00011916927324257163
babydogeburn_,0.00025075225677031093,0.0,0.00012562393349185128,0.00011916927324257163
olovelo1,0.00025075225677031093,0.0,0.0001235828777186554,0.00011865900929927266
09yellowtrx4,0.00025075225677031093,0.0,0.00012326511675030263,0.00011857956905718448
MGFord,0.00025075225677031093,0.0,0.00012297113811513124,0.00011850607439839163
M_Hundhausen,0.00025075225677031093,0.0,0.00012260277915320753,0.0001184139846579107
HellmannTim,0.00025075225677031093,0.0,0.00012110871409535687,0.00011804046839344804
Bubblebathgirl,0.00025075225677031093,0.0,0.00012069908643359069,0.00011793806147800649
Stephen_Means,0.00025075225677031093,0.0,0.0001204112179008452,0.00011786609434482012
GOP,0.00025075225677031093,0.0,0.0001204112179008452,0.00011786609434482012
GujaratPolice,0.00025075225677031093,0.0,0.0001204112179008452,0.00011786609434482012
YouTube,0.00025075225677031093,0.0,0.0001204112179008452,0.00011786609434482012
carlos_a1,0.00025075225677031093,0.0,0.0001204112179008452,0.00011786609434482012
TaekeT,0.00025075225677031093,0.0,0.00011977581329836001,0.00011770724319419882
MilunovicMiran,0.00025075225677031093,0.0,0.00011728358854624156,0.00011708418700616921
RoArquette,0.00025075225677031093,0.0,0.00011728358854624156,0.00011708418700616921
Mr_Bessette,0.00025075225677031093,0.0,0.00011703389231222762,0.00011702176294766573
_rafaspa,0.00025075225677031093,0.0,0.00011688633624866442,0.00011698487393177492
didierpulicani,0.00025075225677031093,0.0,0.0001154712707695542,0.00011663110756199737
sodogetip,0.00025075225677031093,0.0,0.00011525903009610028,0.00011657804739363389
opinonhaver,0.00025075225677031093,0.0,0.00011519850230983913,0.0001165629154470686
Schuldensuehner,0.00025075225677031093,0.0,0.00011519850230983913,0.0001165629154470686
mercutioad,0.00025075225677031093,0.0,0.00011519850230983913,0.0001165629154470686
Luckyabundance7,0.00025075225677031093,0.0,0.00011519850230983913,0.0001165629154470686
AbbeyRoad610,0.00025075225677031093,0.0,0.00011519850230983913,0.0001165629154470686
festia10,0.00025075225677031093,0.0,0.00011519850230983913,0.0001165629154470686
ifgeorgecan,0.00025075225677031093,0.0,0.00011519850230983913,0.0001165629154470686
justmyname1234,0.00025075225677031093,0.0,0.00011480288153497647,0.00011646401025335294
realdarkromance,0.00025075225677031093,0.0,0.00011441844555797135,0.00011636790125910166
laylalokiodin,0.00025075225677031093,0.0,0.00011441844555797135,0.00011636790125910166
ClubRandom_,0.00025075225677031093,0.0,0.00011441844555797135,0.00011636790125910166
Bthorn511,0.00025075225677031093,0.0,0.00011441844555797135,0.00011636790125910166
MotorFuelGroup,0.00025075225677031093,0.0,0.0001137091549981231,0.00011619057861913959
TheRickWilson,0.00025075225677031093,0.0,0.0001137091549981231,0.00011619057861913959
FreudParallel,0.00025075225677031093,0.0,0.00011325191106579817,0.00011607626763605837
Jason_Oldham,0.00025075225677031093,0.0,0.00011325191106579817,0.00011607626763605837
amishsolanki,0.00025075225677031093,0.0,0.00011325191106579817,0.00011607626763605837
JeffBaums,0.00025075225677031093,0.0,0.00011325191106579817,0.00011607626763605837
OccamsComb,0.00025075225677031093,0.0,0.00011325191106579817,0.00011607626763605837
fullforcetrades,0.00025075225677031093,0.0,0.00011325191106579817,0.00011607626763605837
SBergsma,0.00025075225677031093,0.0,0.00011325191106579817,0.00011607626763605837
picnic,0.00025075225677031093,0.0,0.00011325191106579817,0.00011607626763605837
methylcytosine,0.00025075225677031093,0.0,0.00011325191106579817,0.00011607626763605837
TheDumpster1983,0.00025075225677031093,0.0,0.00011325191106579817,0.00011607626763605837
GNKclinkclunk,0.00025075225677031093,0.0,0.00011325191106579817,0.00011607626763605837
LudgerWess,0.00025075225677031093,0.0,0.00011325191106579817,0.00011607626763605837
muratpak,0.00025075225677031093,0.0,0.00011325191106579817,0.00011607626763605837
talkingtesla,0.00025075225677031093,0.0,0.00011325191106579817,0.00011607626763605837
TeslaOwnersDEU,0.00025075225677031093,0.0,0.00011325191106579817,0.00011607626763605837
schun001,0.00025075225677031093,0.0,0.00011325191106579817,0.00011607626763605837
augurkendraaier,0.00025075225677031093,0.0,0.00011325191106579817,0.00011607626763605837
Chargemap,0.00025075225677031093,0.0,0.00011227396871170582,0.00011583178204753527
SadiAriels,0.00025075225677031093,0.0,0.00011227396871170582,0.00011583178204753527
nitin_gadkari,0.00025075225677031093,0.0,0.00011045918953335834,0.0001153780872529484
ForwardFaith,0.00025075225677031093,0.0,0.00011040428443554004,0.00011536436097849383
hippieal,0.00025075225677031093,0.0,0.00010998578671883305,0.00011525973654931708
adoseofjohn,0.00025075225677031093,0.0,0.00010998578671883305,0.00011525973654931708
WhiteHouse,0.00025075225677031093,0.0,0.00010998578671883305,0.00011525973654931708
bzine,0.00025075225677031093,0.0,0.00010998578671883305,0.00011525973654931708
SquawkStreet,0.00025075225677031093,0.0,0.00010998578671883305,0.00011525973654931708
ZTPetrizzo,0.00025075225677031093,0.0,0.00010998578671883305,0.00011525973654931708
0liviajulianna,0.00025075225677031093,0.0,0.00010998578671883305,0.00011525973654931708
Bitter_Grizzly,0.00025075225677031093,0.0,0.00010998578671883305,0.00011525973654931708
JDCocchiarella,0.00025075225677031093,0.0,0.00010998578671883305,0.00011525973654931708
bitcoincorda,0.00025075225677031093,0.0,0.00010925501042244815,0.00011507704247522086
JaneLorelie,0.00025075225677031093,0.0,0.00010894458948192865,0.00011499943724009098
skorusARK,0.00025075225677031093,0.0,0.00010894324360063183,0.00011499910076976677
CrunchEV,0.00025075225677031093,0.0,0.00010824613499180944,0.00011482482361756118
masked_investor,0.00025075225677031093,0.0,0.00010685815736422941,0.00011447782921066618
TeslaAlien,0.00025075225677031093,0.0,0.00010685815736422941,0.00011447782921066618
LeilaniDowding,0.00025075225677031093,0.0,0.00010647551242470035,0.00011438216797578391
jedigardener,0.00025075225677031093,0.0,0.00010647551242470035,0.00011438216797578391
CTVNews,0.00025075225677031093,0.0,0.00010558674473956315,0.00011415997605449961
JustSchmeltzer,0.00025075225677031093,0.0,0.00010547854129614337,0.00011413292519364466
hugoraher,0.00025075225677031093,0.0,0.0001054479711576862,0.00011412528265903037
beatrriizz_7,0.00025075225677031093,0.0,0.0001054479711576862,0.00011412528265903037
DemLiiberials,0.00025075225677031093,3.45865181752153e-07,0.00010477307112782697,0.00011409490372426642
dogesuppporteam,0.00025075225677031093,1.4149030162588076e-07,0.00010477307112782697,0.0001140131537722159
ontherailaway,0.00025075225677031093,1.5721144625097863e-08,0.00010477307112782697,0.00011396284610941561
Trumpery45,0.00025075225677031093,1.5721144625097863e-08,0.00010477307112782697,0.00011396284610941561
SaarelaHeikki,0.00025075225677031093,0.0,0.00010477307112782697,0.00011395655765156557
esers,0.00025075225677031093,0.0,0.00010477307112782697,0.00011395655765156557
psalose,0.00025075225677031093,0.0,0.00010477307112782697,0.00011395655765156557
alasoyokimi,0.00025075225677031093,0.0,0.00010477307112782697,0.00011395655765156557
talexb,0.00025075225677031093,0.0,0.00010477307112782697,0.00011395655765156557
kalavir,0.00025075225677031093,0.0,0.00010477307112782697,0.00011395655765156557
Molson_Hart,0.00025075225677031093,0.0,0.00010477307112782697,0.00011395655765156557
_TheEngineer86_,0.00025075225677031093,0.0,0.00010477307112782697,0.00011395655765156557
moseskagan,0.00025075225677031093,0.0,0.00010477307112782697,0.00011395655765156557
ajjjmmed,0.00025075225677031093,0.0,0.00010477307112782697,0.00011395655765156557
Kklein91,0.00025075225677031093,0.0,0.00010477307112782697,0.00011395655765156557
zvvvvl,0.00025075225677031093,0.0,0.00010477307112782697,0.00011395655765156557
yargi_aparati,0.00025075225677031093,0.0,0.00010477307112782697,0.00011395655765156557
chevrolet,0.00025075225677031093,0.0,0.00010477307112782697,0.00011395655765156557
Denny4428,0.00025075225677031093,0.0,0.00010477307112782697,0.00011395655765156557
bab_102,0.00025075225677031093,0.0,0.00010477307112782697,0.00011395655765156557
ian_e_richards,0.00025075225677031093,0.0,0.00010477307112782697,0.00011395655765156557
Khortytsya_zp,0.00025075225677031093,0.0,0.00010477307112782697,0.00011395655765156557
turkishmaid,0.00025075225677031093,0.0,0.00010477307112782697,0.00011395655765156557
yearoxycontin,0.00025075225677031093,0.0,0.00010477307112782697,0.00011395655765156557
CryptoDiamonds,0.00025075225677031093,0.0,0.00010477307112782697,0.00011395655765156557
tylertringas,0.00025075225677031093,0.0,0.00010477307112782697,0.00011395655765156557
kollapsonlaine,0.00025075225677031093,0.0,0.00010477307112782697,0.00011395655765156557
CryptoDonAlt,0.00025075225677031093,0.0,0.00010477307112782697,0.00011395655765156557
btrotta,0.00025075225677031093,0.0,0.00010477307112782697,0.00011395655765156557
Amf187430,0.00025075225677031093,0.0,0.00010477307112782697,0.00011395655765156557
thiruverseII,0.00025075225677031093,0.0,0.00010477307112782697,0.00011395655765156557
gil4cosd9,0.00025075225677031093,0.0,0.00010477307112782697,0.00011395655765156557
CBUScub,0.00025075225677031093,0.0,0.0001043050370767063,0.0001138395491387854
andrewrsorkin,0.00025075225677031093,0.0,0.0001043050370767063,0.0001138395491387854
Kaleb4rest,0.00025075225677031093,0.0,0.0001043050370767063,0.0001138395491387854
JoeSquawk,0.00025075225677031093,0.0,0.0001043050370767063,0.0001138395491387854
ValidGarry,0.00025075225677031093,0.0,0.0001043050370767063,0.0001138395491387854
GuySmith365,0.00025075225677031093,0.0,0.0001043050370767063,0.0001138395491387854
tesla_blade,0.00025075225677031093,0.0,0.00010387406212108005,0.00011373180539987883
marpo29301014,0.00025075225677031093,0.0,0.00010379603297038702,0.00011371229811220557
gchahal,0.00025075225677031093,0.0,0.00010379272493977082,0.00011371147110455152
JuliaHB1,0.00025075225677031093,0.0,0.00010366398099923984,0.00011367928511941878
mattstocks71,0.00025075225677031093,0.0,0.00010366398099923984,0.00011367928511941878
Liosatos,0.00025075225677031093,0.0,0.00010366398099923984,0.00011367928511941878
keith39187181,0.00025075225677031093,0.0,0.00010366398099923984,0.00011367928511941878
namemeifucan,0.00025075225677031093,0.0,0.00010366398099923984,0.00011367928511941878
matt_greener,0.00025075225677031093,0.0,0.00010366398099923984,0.00011367928511941878
Speenuh,0.00025075225677031093,0.0,0.00010328372381611094,0.00011358422082363655
BurnerSowells,0.00025075225677031093,0.0,0.00010328372381611094,0.00011358422082363655
garyhgoodridge,0.00025075225677031093,0.0,0.00010320862277955242,0.00011356544556449692
WhamBaamYT,0.00025075225677031093,0.0,0.00010317618950357958,0.00011355733724550371
cb_doge,0.00025075225677031093,0.0,0.00010312751202288179,0.00011354516787532926
southbaytrading,0.00025075225677031093,0.0,0.0001030501499970012,0.00011352582736885912
itsonlymoney12,0.00025075225677031093,0.0,0.0001030501499970012,0.00011352582736885912
bgrahamdisciple,0.00025075225677031093,0.0,0.00010284341641049272,0.000113474143972232
Jane_Doe_Dead,0.00025075225677031093,0.0,0.0001026741790724966,0.00011343183463773297
tesla_3578,0.00025075225677031093,0.0,0.0001026194938172344,0.00011341816332391742
NHTSAgov,0.00025075225677031093,0.0,0.00010216671333232393,0.0001133049682026898
zomato,0.00025075225677031093,0.0,0.0001021001616422438,0.00011328833028016977
bigbasket_com,0.00025075225677031093,0.0,0.0001021001616422438,0.00011328833028016977
Swiggy,0.00025075225677031093,0.0,0.0001021001616422438,0.00011328833028016977
rarelyserious,0.00025075225677031093,0.0,0.00010164544177322333,0.00011317465031291465
ikleinit,0.00025075225677031093,0.0,0.00010164544177322333,0.00011317465031291465
VWGroup,0.00025075225677031093,0.0,0.00010164544177322333,0.00011317465031291465
Niklas_1E,0.00025075225677031093,0.0,0.00010164544177322333,0.00011317465031291465
VWnews,0.00025075225677031093,0.0,0.00010164544177322333,0.00011317465031291465
tammym6266,0.00025075225677031093,0.0,9.956035553682089e-05,0.00011265337875381405
226266bamboo,0.00025075225677031093,0.0,9.956035553682089e-05,0.00011265337875381405
SockeyeSalm0n,0.00025075225677031093,0.0,9.956035553682089e-05,0.00011265337875381405
munster_gene,0.00025075225677031093,0.0,9.891615623320222e-05,0.00011249232892790937
hosseeb,0.00025075225677031093,0.0,9.851781241861967e-05,0.00011239274297426374
PeercoinPPC,0.00025075225677031093,0.0,9.851781241861967e-05,0.00011239274297426374
TheSkelet0r,0.00025075225677031093,0.0,9.851781241861967e-05,0.00011239274297426374
Charles_Leclerc,0.00025075225677031093,0.0,9.851781241861967e-05,0.00011239274297426374
RealstacefaceM,0.00025075225677031093,0.0,9.780192191233782e-05,0.00011221377034769327
HarrietTugsmen,0.00025075225677031093,0.0,9.780192191233782e-05,0.00011221377034769327
ladyvthemama,0.00025075225677031093,0.0,9.780192191233782e-05,0.00011221377034769327
DerekLewis711,0.00025075225677031093,0.0,9.780192191233782e-05,0.00011221377034769327
Artorias_98,0.00025075225677031093,0.0,9.780192191233782e-05,0.00011221377034769327
FLastrade,0.00025075225677031093,0.0,9.716324659967134e-05,0.00011205410151952665
evansmp1,0.00025075225677031093,0.0,9.716324659967134e-05,0.00011205410151952665
JPoBTV,0.00025075225677031093,0.0,9.687334941415387e-05,0.00011198162722314729
latayprime,0.00025075225677031093,0.0,9.687334941415387e-05,0.00011198162722314729
PolestarCars,0.00025075225677031093,0.0,9.61957774106749e-05,0.00011181223422227754
volvocars,0.00025075225677031093,0.0,9.60852118094835e-05,0.0001117845928219797
aptera_motors,0.00025075225677031093,0.0,9.578384144995458e-05,0.00011170925023209746
teslacarsonly,0.00025075225677031093,0.0,9.578384144995458e-05,0.00011170925023209746
baisketball,0.00025075225677031093,0.0,9.494337887050122e-05,0.00011149913458723412
Carrie_Jeanne,0.00025075225677031093,0.0,9.494337887050122e-05,0.00011149913458723412
TheGOPisRacist,0.00025075225677031093,0.0,9.494337887050122e-05,0.00011149913458723412
brettpeirce,0.00025075225677031093,3.6158632637725086e-07,9.43476399458148e-05,0.00011149483438661342
theMelRandall,0.00025075225677031093,0.0,9.468088457710843e-05,0.00011143351101388593
elektrowoz_pl,0.00025075225677031093,1.5721144625097863e-08,9.43476399458148e-05,0.00011135648831391256
mohsincMD,0.00025075225677031093,0.0,9.43598460251381e-05,0.00011135325137589334
IIllIlIllIIIlll,0.00025075225677031093,0.0,9.43476399458148e-05,0.00011135019985606252
SSidespin,0.00025075225677031093,0.0,9.43476399458148e-05,0.00011135019985606252
pkentma,0.00025075225677031093,0.0,9.43476399458148e-05,0.00011135019985606252
SyncLt,0.00025075225677031093,0.0,9.43476399458148e-05,0.00011135019985606252
serfandvolley,0.00025075225677031093,0.0,9.43476399458148e-05,0.00011135019985606252
nycadvisory,0.00025075225677031093,0.0,9.43476399458148e-05,0.00011135019985606252
Lipawyd,0.00025075225677031093,0.0,9.43476399458148e-05,0.00011135019985606252
kaz69276221,0.00025075225677031093,0.0,9.43476399458148e-05,0.00011135019985606252
combatchris3,0.00025075225677031093,0.0,9.43476399458148e-05,0.00011135019985606252
NotATeslaApp,0.00025075225677031093,0.0,9.42794317403235e-05,0.0001113331478046897
luizfl,0.00025075225677031093,0.0,9.42794317403235e-05,0.0001113331478046897
CassandraHalli7,0.00025075225677031093,0.0,9.41247665881383e-05,0.0001112944815166434
StanSocdem,0.00025075225677031093,0.0,9.384748368384247e-05,0.00011122516079056944
Lisa1062,0.00025075225677031093,0.0,9.384748368384247e-05,0.00011122516079056944
Boeing,0.00025075225677031093,0.0,9.384748368384247e-05,0.00011122516079056944
NASA,0.00025075225677031093,0.0,9.384748368384247e-05,0.00011122516079056944
kchau,0.00025075225677031093,0.0,9.38263683867142e-05,0.00011121988196628738
A7imd,0.00025075225677031093,0.0,9.38263683867142e-05,0.00011121988196628738
SteveForgeron,0.00025075225677031093,0.0,9.38263683867142e-05,0.00011121988196628738
Watchmiker,0.00025075225677031093,0.0,9.38263683867142e-05,0.00011121988196628738
EvasTeslaSPlaid,0.00025075225677031093,0.0,9.370942664933081e-05,0.00011119064653194152
neuralink,0.00025075225677031093,0.0,9.295758245487986e-05,0.00011100268548332878
GinnyBuckley,0.00025075225677031093,0.0,9.285829263409878e-05,0.00011097786302813351
TomBarnardWords,0.00025075225677031093,0.0,9.285829263409878e-05,0.00011097786302813351
egg_rico,0.00025075225677031093,0.0,9.224308743542524e-05,0.00011082406172846512
Pyrontix,0.00025075225677031093,0.0,9.224308743542524e-05,0.00011082406172846512
KyleRobert,0.00025075225677031093,0.0,9.223118580725877e-05,0.00011082108632142351
OctopusEnergy,0.00025075225677031093,0.0,9.22247714507793e-05,0.00011081948273230364
Pod_Point,0.00025075225677031093,0.0,9.22247714507793e-05,0.00011081948273230364
Mancunia16,0.00025075225677031093,0.0,9.22247714507793e-05,0.00011081948273230364
ranguitar,0.00025075225677031093,0.0,9.218136008126166e-05,0.00011080862988992424
crush3ddd,0.00025075225677031093,0.0,9.218136008126166e-05,0.00011080862988992424
aasifferdous,0.00025075225677031093,0.0,9.218136008126166e-05,0.00011080862988992424
EforElectric,0.00025075225677031093,0.0,9.122001059121116e-05,0.00011056829251741161
GAdam89,0.00025075225677031093,0.0,9.099982220317864e-05,0.00011051324542040347
Palak29491336,0.00025075225677031093,0.0,9.099982220317864e-05,0.00011051324542040347
masharn_lewis,0.00025075225677031093,0.0,9.099982220317864e-05,0.00011051324542040347
sixtyninefyeah,0.00025075225677031093,0.0,9.099982220317864e-05,0.00011051324542040347
dhdbfie,0.00025075225677031093,0.0,9.099982220317864e-05,0.00011051324542040347
sayetaryor,0.00025075225677031093,0.0,9.099982220317864e-05,0.00011051324542040347
UnhingedCrones,0.00025075225677031093,0.0,9.099982220317864e-05,0.00011051324542040347
TruthRenegade1,0.00025075225677031093,0.0,9.099982220317864e-05,0.00011051324542040347
DaOGTriple,0.00025075225677031093,0.0,9.099982220317864e-05,0.00011051324542040347
NW_StayDet,0.00025075225677031093,0.0,9.099982220317864e-05,0.00011051324542040347
TrollHu17756443,0.00025075225677031093,0.0,9.099982220317864e-05,0.00011051324542040347
kriskaymc,0.00025075225677031093,0.0,9.099982220317864e-05,0.00011051324542040347
SizeMichael,0.00025075225677031093,0.0,9.05066916155998e-05,0.00011038996277350877
bloomer01,0.00025075225677031093,0.0,9.028743134960856e-05,0.00011033514770701096
marcusMarcboss6,0.00025075225677031093,0.0,9.028743134960856e-05,0.00011033514770701096
RyanZohoury,0.00025075225677031093,4.464805073527793e-06,8.23205011592648e-05,0.00011012933718883613
StarLost_1701,0.00025075225677031093,0.0,8.931558334514726e-05,0.00011009218570589564
eastiearchitect,0.00025075225677031093,0.0,8.913492435480872e-05,0.000110047020958311
gtk_0174,0.00025075225677031093,0.0,8.913492435480872e-05,0.000110047020958311
_cryptoHOV,0.00025075225677031093,0.0,8.885132012492747e-05,0.00010997611990084069
crypto_addicto7,0.00025075225677031093,0.0,8.885132012492747e-05,0.00010997611990084069
CryptoLucas27,0.00025075225677031093,0.0,8.885132012492747e-05,0.00010997611990084069
dro_eth,0.00025075225677031093,0.0,8.885132012492747e-05,0.00010997611990084069
LlegitB,0.00025075225677031093,0.0,8.885132012492747e-05,0.00010997611990084069
Tony765755561,0.00025075225677031093,0.0,8.885132012492747e-05,0.00010997611990084069
phaltron,0.00025075225677031093,0.0,8.885132012492747e-05,0.00010997611990084069
tequila_pete,0.00025075225677031093,0.0,8.885132012492747e-05,0.00010997611990084069
JezD7588,0.00025075225677031093,0.0,8.817419251899113e-05,0.0001098068379993566
VisitLakeGeneva,0.00025075225677031093,0.0,8.817419251899113e-05,0.0001098068379993566
mylakegeneva,0.00025075225677031093,0.0,8.817419251899113e-05,0.0001098068379993566
LibertarianPOC,0.00025075225677031093,0.0,8.789162855916979e-05,0.00010973619700940126
nobrainbrandon2,0.00025075225677031093,0.0,8.785349518873323e-05,0.00010972666366679212
RejaSachin,0.00025075225677031093,0.0,8.741152780003841e-05,0.00010961617181961842
jetsandlucid,0.00025075225677031093,0.0,8.660303392489148e-05,0.00010941404835083169
ParkerSalestrom,0.00025075225677031093,0.0,8.660303392489148e-05,0.00010941404835083169
n_perez2411,0.00025075225677031093,0.0,8.633267535349123e-05,0.00010934645870798163
moneytofreedom,0.00025075225677031093,6.288457850039145e-08,8.616108970515401e-05,0.00010932871612729748
bratanov,0.00025075225677031093,0.0,8.603848028455685e-05,0.00010927290994074803
EGrind26,0.00025075225677031093,0.0,8.600729500020508e-05,0.00010926511361966009
rivyali,0.00025075225677031093,0.0,8.580694956098512e-05,0.0001092150272598551
Keats67581,0.00025075225677031093,0.0,8.580694956098512e-05,0.0001092150272598551
TankyBashem,0.00025075225677031093,0.0,8.477801959495646e-05,0.00010895779476834793
zarkrates,0.00025075225677031093,0.0,8.355901043999211e-05,0.00010865304247960685
arkyhawg,0.00025075225677031093,0.0,8.355901043999211e-05,0.00010865304247960685
OBlessedSinner,0.00025075225677031093,0.0,8.355901043999211e-05,0.00010865304247960685
Icarus_Flies,0.00025075225677031093,0.0,8.355901043999211e-05,0.00010865304247960685
JankyJames92,0.00025075225677031093,0.0,8.355901043999211e-05,0.00010865304247960685
myobusa,0.00025075225677031093,0.0,8.355901043999211e-05,0.00010865304247960685
jblefevre60,0.00025075225677031093,0.0,8.343160023759031e-05,0.0001086211899290064
live_munro,0.00025075225677031093,0.0,8.337215767921386e-05,0.00010860632928941228
RenataKonkoly,0.00025075225677031093,0.0,8.247561783424115e-05,0.00010838219432816911
Melnyks_Liver,0.00025075225677031093,0.0,8.243539144365662e-05,0.00010837213773052298
Pankhuri_jain19,0.00025075225677031093,3.1442289250195726e-08,8.228368577509559e-05,0.0001083467882290828
Nishant_Bliss,0.00025075225677031093,0.0,8.142917087245193e-05,0.0001081205825877218
13ericralph31,0.00025075225677031093,0.0,8.128143669983486e-05,0.00010808364904456754
invest_answers,0.00025075225677031093,0.0,8.123540083751795e-05,0.0001080721400789883
Inelonwetrust__,0.00025075225677031093,0.0,8.069855570094363e-05,0.00010793792879484473
CountDankulaTV,0.00025075225677031093,0.0,8.011706769322774e-05,0.00010779255679291576
Model3Owners,0.00025075225677031093,0.0,7.998946774548438e-05,0.00010776065680597991
ElonsBrain,0.00025075225677031093,0.0,7.998946774548438e-05,0.00010776065680597991
OCTeslaClub,0.00025075225677031093,0.0,7.998946774548438e-05,0.00010776065680597991
elonmusknt,0.00025075225677031093,0.0,7.998946774548438e-05,0.00010776065680597991
mymodl3,0.00025075225677031093,0.0,7.998946774548438e-05,0.00010776065680597991
ray4tesla,0.00025075225677031093,0.0,7.998946774548438e-05,0.00010776065680597991
MemesOfMars,0.00025075225677031093,0.0,7.998946774548438e-05,0.00010776065680597991
KrestTest,0.00025075225677031093,1.3520184377584161e-06,7.717634152838303e-05,0.00010759818262680795
Jim19499911,0.00025075225677031093,9.432686775058718e-07,7.58531336881648e-05,0.00010710388076265237
PF_512_S_Modulo,0.00025075225677031093,0.0,7.697192130912787e-05,0.00010700627019689078
SardonicCanuck,0.00025075225677031093,1.8865373550117434e-07,7.58531336881648e-05,0.00010680203478585048
stillnef46,0.00025075225677031093,0.0,7.349677758179049e-05,0.00010613748426505644
melaniierios,0.00025075225677031093,0.0,7.349677758179049e-05,0.00010613748426505644
Anna936275,0.00025075225677031093,0.0,7.349677758179049e-05,0.00010613748426505644
stiffsthoughts,0.00025075225677031093,0.0,7.349677758179049e-05,0.00010613748426505644
melangeofvinta1,0.00025075225677031093,0.0,7.349677758179049e-05,0.00010613748426505644
AntMaking,0.00025075225677031093,0.0,7.349677758179049e-05,0.00010613748426505644
Antal09875762,0.00025075225677031093,0.0,7.349677758179049e-05,0.00010613748426505644
sucamypeen,0.00025075225677031093,0.0,7.349677758179049e-05,0.00010613748426505644
AnnLehtimaki,0.00025075225677031093,0.0,7.349677758179049e-05,0.00010613748426505644
crughy,0.00025075225677031093,0.0,7.349677758179049e-05,0.00010613748426505644
Gabri_Benci,0.00025075225677031093,0.0,7.349677758179049e-05,0.00010613748426505644
cliffmaier,0.00025075225677031093,0.0,7.349677758179049e-05,0.00010613748426505644
coach23life,0.00025075225677031093,0.0,7.349677758179049e-05,0.00010613748426505644
GeorgeKastriot,0.00025075225677031093,0.0,7.349677758179049e-05,0.00010613748426505644
coinLogixs,0.00025075225677031093,0.0,7.349677758179049e-05,0.00010613748426505644
ScottSeeger,0.00025075225677031093,0.0,7.349677758179049e-05,0.00010613748426505644
chucanoris,0.00025075225677031093,0.0,7.349677758179049e-05,0.00010613748426505644
chuckcardoza,0.00025075225677031093,0.0,7.349677758179049e-05,0.00010613748426505644
cohn_asher,0.00025075225677031093,0.0,7.349677758179049e-05,0.00010613748426505644
consultoracaro,0.00025075225677031093,0.0,7.349677758179049e-05,0.00010613748426505644
Moses40987588,0.00025075225677031093,0.0,7.349677758179049e-05,0.00010613748426505644
Motochen,0.00025075225677031093,0.0,7.349677758179049e-05,0.00010613748426505644
MrCSocStuRoom,0.00025075225677031093,0.0,7.349677758179049e-05,0.00010613748426505644
SeaNNNash,0.00025075225677031093,0.0,7.349677758179049e-05,0.00010613748426505644
mazizhere,0.00025075225677031093,0.0,7.349677758179049e-05,0.00010613748426505644
EmilioASG,0.00025075225677031093,0.0,7.349677758179049e-05,0.00010613748426505644
gabrielnocode,0.00025075225677031093,0.0,7.349677758179049e-05,0.00010613748426505644
futur3dystopia,0.00025075225677031093,0.0,7.349677758179049e-05,0.00010613748426505644
fromVeganning,0.00025075225677031093,0.0,7.349677758179049e-05,0.00010613748426505644
ftsocrypto,0.00025075225677031093,0.0,7.349677758179049e-05,0.00010613748426505644
AndiWAX83,0.00025075225677031093,0.0,7.349677758179049e-05,0.00010613748426505644
SafetyMentalst,0.00025075225677031093,0.0,7.349677758179049e-05,0.00010613748426505644
S_Beckman2,0.00025075225677031093,0.0,7.349677758179049e-05,0.00010613748426505644
Alsmithson2,0.00025075225677031093,0.0,7.349677758179049e-05,0.00010613748426505644
tamera,0.00025075225677031093,0.0,7.349677758179049e-05,0.00010613748426505644
khairat_yasser,0.00025075225677031093,0.0,7.349677758179049e-05,0.00010613748426505644
Elizabe16032179,0.00025075225677031093,0.0,7.349677758179049e-05,0.00010613748426505644
ElXoferDelPresi,0.00025075225677031093,0.0,7.349677758179049e-05,0.00010613748426505644
SFWaccountXD,0.00025075225677031093,0.0,7.349677758179049e-05,0.00010613748426505644
thepeacfulbully,0.00025075225677031093,0.0,7.349677758179049e-05,0.00010613748426505644
the_Alex_Murphy,0.00025075225677031093,0.0,7.349677758179049e-05,0.00010613748426505644
telefontelaviv,0.00025075225677031093,0.0,7.349677758179049e-05,0.00010613748426505644
tervavau,0.00025075225677031093,0.0,7.349677758179049e-05,0.00010613748426505644
AndrosRomo,0.00025075225677031093,0.0,7.349677758179049e-05,0.00010613748426505644
AndreaBraconi,0.00025075225677031093,0.0,7.349677758179049e-05,0.00010613748426505644
Amirza17,0.00025075225677031093,0.0,7.349677758179049e-05,0.00010613748426505644
tagalag_hermie,0.00025075225677031093,0.0,7.349677758179049e-05,0.00010613748426505644
Anonbotski5,0.00025075225677031093,0.0,7.349677758179049e-05,0.00010613748426505644
SandrLawsonInRI,0.00025075225677031093,0.0,7.349677758179049e-05,0.00010613748426505644
Sani007at,0.00025075225677031093,0.0,7.349677758179049e-05,0.00010613748426505644
Jab5GMetaverse,0.00025075225677031093,0.0,7.349677758179049e-05,0.00010613748426505644
JST_Politics,0.00025075225677031093,0.0,7.349677758179049e-05,0.00010613748426505644
JT38126415,0.00025075225677031093,0.0,7.349677758179049e-05,0.00010613748426505644
JTMarshIII,0.00025075225677031093,0.0,7.349677758179049e-05,0.00010613748426505644
JRunzddagger1,0.00025075225677031093,0.0,7.349677758179049e-05,0.00010613748426505644
WasimAl89064932,0.00025075225677031093,0.0,7.349677758179049e-05,0.00010613748426505644
Christ_Is_King7,0.00025075225677031093,0.0,7.349677758179049e-05,0.00010613748426505644
RyanG36,0.00025075225677031093,0.0,7.349677758179049e-05,0.00010613748426505644
Sebasti52377375,0.00025075225677031093,0.0,7.349677758179049e-05,0.00010613748426505644
aeroporto_cafe,0.00025075225677031093,0.0,7.349677758179049e-05,0.00010613748426505644
korbendallaz,0.00025075225677031093,0.0,7.349677758179049e-05,0.00010613748426505644
kitto_96,0.00025075225677031093,0.0,7.349677758179049e-05,0.00010613748426505644
kjviz7,0.00025075225677031093,0.0,7.349677758179049e-05,0.00010613748426505644
kingofuniversex,0.00025075225677031093,0.0,7.349677758179049e-05,0.00010613748426505644
kinetictz,0.00025075225677031093,0.0,7.349677758179049e-05,0.00010613748426505644
alen_dylan,0.00025075225677031093,0.0,7.349677758179049e-05,0.00010613748426505644
GabrielVaraljay,0.00025075225677031093,0.0,7.349677758179049e-05,0.00010613748426505644
Mukeshkp51,0.00025075225677031093,0.0,7.349677758179049e-05,0.00010613748426505644
mettle777,0.00025075225677031093,0.0,7.349677758179049e-05,0.00010613748426505644
AnishPandit34,0.00025075225677031093,0.0,7.349677758179049e-05,0.00010613748426505644
chilicon73,0.00025075225677031093,0.0,7.349677758179049e-05,0.00010613748426505644
hashcoll,0.00025075225677031093,0.0,7.349677758179049e-05,0.00010613748426505644
having_funNow,0.00025075225677031093,0.0,7.349677758179049e-05,0.00010613748426505644
haliamberine,0.00025075225677031093,0.0,7.349677758179049e-05,0.00010613748426505644
gruss_gott,0.00025075225677031093,0.0,7.349677758179049e-05,0.00010613748426505644
EV01174284,0.00025075225677031093,0.0,7.349677758179049e-05,0.00010613748426505644
AqueleCaraYT,0.00025075225677031093,0.0,7.349677758179049e-05,0.00010613748426505644
steaminbriefs,0.00025075225677031093,0.0,7.349677758179049e-05,0.00010613748426505644
stalker89628593,0.00025075225677031093,0.0,7.349677758179049e-05,0.00010613748426505644
AndreenPhotogr1,0.00025075225677031093,0.0,7.349677758179049e-05,0.00010613748426505644
ssnefru,0.00025075225677031093,0.0,7.349677758179049e-05,0.00010613748426505644
chirpydove,0.00025075225677031093,0.0,7.349677758179049e-05,0.00010613748426505644
cauez1n,0.00025075225677031093,0.0,7.349677758179049e-05,0.00010613748426505644
hellokittybebop,0.00025075225677031093,0.0,7.349677758179049e-05,0.00010613748426505644
DzokoslavVutric,0.00025075225677031093,0.0,7.349677758179049e-05,0.00010613748426505644
scidood,0.00025075225677031093,0.0,7.349677758179049e-05,0.00010613748426505644
Space_Randy69,0.00025075225677031093,0.0,7.349677758179049e-05,0.00010613748426505644
SnarkySpanky,0.00025075225677031093,0.0,7.349677758179049e-05,0.00010613748426505644
SndorSrkzi2,0.00025075225677031093,0.0,7.349677758179049e-05,0.00010613748426505644
MichaelHaege,0.00025075225677031093,0.0,7.349677758179049e-05,0.00010613748426505644
MichaelMythoug1,0.00025075225677031093,0.0,7.349677758179049e-05,0.00010613748426505644
ssmatthews83,0.00025075225677031093,0.0,7.349677758179049e-05,0.00010613748426505644
VanderwerkenJ,0.00025075225677031093,0.0,7.349677758179049e-05,0.00010613748426505644
Mezerati72,0.00025075225677031093,0.0,7.349677758179049e-05,0.00010613748426505644
AshleyySpicerr,0.00025075225677031093,0.0,7.349677758179049e-05,0.00010613748426505644
katronds,0.00025075225677031093,0.0,7.349677758179049e-05,0.00010613748426505644
al_levy,0.00025075225677031093,0.0,7.349677758179049e-05,0.00010613748426505644
akamaozu,0.00025075225677031093,0.0,7.349677758179049e-05,0.00010613748426505644
kelt,0.00025075225677031093,0.0,7.349677758179049e-05,0.00010613748426505644
kendyu1,0.00025075225677031093,0.0,7.349677758179049e-05,0.00010613748426505644
DanielDanielyes,0.00025075225677031093,0.0,7.349677758179049e-05,0.00010613748426505644
Shooter661,0.00025075225677031093,0.0,7.349677758179049e-05,0.00010613748426505644
Mike_Potaczala,0.00025075225677031093,0.0,7.349677758179049e-05,0.00010613748426505644
MistyAutumnJ,0.00025075225677031093,0.0,7.349677758179049e-05,0.00010613748426505644
MidThighShorts,0.00025075225677031093,0.0,7.349677758179049e-05,0.00010613748426505644
sn_kazakova11,0.00025075225677031093,0.0,7.349677758179049e-05,0.00010613748426505644
so_aquin,0.00025075225677031093,0.0,7.349677758179049e-05,0.00010613748426505644
Aturex420,0.00025075225677031093,0.0,7.349677758179049e-05,0.00010613748426505644
Atheodosus,0.00025075225677031093,0.0,7.349677758179049e-05,0.00010613748426505644
Ap0llor0x,0.00025075225677031093,0.0,7.349677758179049e-05,0.00010613748426505644
stewart_jeromy,0.00025075225677031093,0.0,7.349677758179049e-05,0.00010613748426505644
stevebloom55,0.00025075225677031093,0.0,7.349677758179049e-05,0.00010613748426505644
SeeTwoGaming,0.00025075225677031093,0.0,7.349677758179049e-05,0.00010613748426505644
SeenuSanjay1307,0.00025075225677031093,0.0,7.349677758179049e-05,0.00010613748426505644
MissAutobahn1,0.00025075225677031093,0.0,7.349677758179049e-05,0.00010613748426505644
Mikael_13_94,0.00025075225677031093,0.0,7.349677758179049e-05,0.00010613748426505644
AppalHeartwood,0.00025075225677031093,0.0,7.349677758179049e-05,0.00010613748426505644
JuniorCartxer,0.00025075225677031093,0.0,7.349677758179049e-05,0.00010613748426505644
Warlockyone,0.00025075225677031093,0.0,7.349677758179049e-05,0.00010613748426505644
CoderTrader008,0.00025075225677031093,0.0,7.349677758179049e-05,0.00010613748426505644
mark_malhiot,0.00025075225677031093,0.0,7.349677758179049e-05,0.00010613748426505644
maninashed3,0.00025075225677031093,0.0,7.349677758179049e-05,0.00010613748426505644
malm_magnus,0.00025075225677031093,0.0,7.349677758179049e-05,0.00010613748426505644
gopi_manne,0.00025075225677031093,0.0,7.349677758179049e-05,0.00010613748426505644
ghengisKahn3,0.00025075225677031093,0.0,7.349677758179049e-05,0.00010613748426505644
EconomicManBlog,0.00025075225677031093,0.0,7.349677758179049e-05,0.00010613748426505644
MichellePowel49,0.00025075225677031093,0.0,7.349677758179049e-05,0.00010613748426505644
DamorD62238041,0.00025075225677031093,0.0,7.349677758179049e-05,0.00010613748426505644
DX9772,0.00025075225677031093,0.0,7.349677758179049e-05,0.00010613748426505644
killvy9111,0.00025075225677031093,0.0,7.349677758179049e-05,0.00010613748426505644
kimble_lloyd,0.00025075225677031093,0.0,7.349677758179049e-05,0.00010613748426505644
gabrielanulak_,0.00025075225677031093,0.0,7.349677758179049e-05,0.00010613748426505644
cpugooroo,0.00025075225677031093,0.0,7.349677758179049e-05,0.00010613748426505644
courtesyc123,0.00025075225677031093,0.0,7.349677758179049e-05,0.00010613748426505644
coniglione,0.00025075225677031093,0.0,7.349677758179049e-05,0.00010613748426505644
MrMadis,0.00025075225677031093,0.0,7.349677758179049e-05,0.00010613748426505644
gogartyj,0.00025075225677031093,0.0,7.349677758179049e-05,0.00010613748426505644
circuit172,0.00025075225677031093,0.0,7.349677758179049e-05,0.00010613748426505644
DalmauParera,0.00025075225677031093,0.0,7.349677758179049e-05,0.00010613748426505644
ShellMithra,0.00025075225677031093,0.0,7.349677758179049e-05,0.00010613748426505644
SharathSubbu,0.00025075225677031093,0.0,7.349677758179049e-05,0.00010613748426505644
ShawnLynas,0.00025075225677031093,0.0,7.349677758179049e-05,0.00010613748426505644
Scott_bravens,0.00025075225677031093,0.0,7.349677758179049e-05,0.00010613748426505644
ScholzeyYT,0.00025075225677031093,0.0,7.349677758179049e-05,0.00010613748426505644
AnasHajmohamad2,0.00025075225677031093,0.0,7.349677758179049e-05,0.00010613748426505644
GlennPh23422523,0.00025075225677031093,0.0,7.349677758179049e-05,0.00010613748426505644
andy_jd3,0.00025075225677031093,0.0,7.349677758179049e-05,0.00010613748426505644
josemala9,0.00025075225677031093,0.0,7.349677758179049e-05,0.00010613748426505644
Shane_Partlow,0.00025075225677031093,0.0,7.349677758179049e-05,0.00010613748426505644
MohamedAbdulwa,0.00025075225677031093,0.0,7.349677758179049e-05,0.00010613748426505644
ArberTweets,0.00025075225677031093,0.0,7.349677758179049e-05,0.00010613748426505644
MoRijva32270260,0.00025075225677031093,0.0,7.349677758179049e-05,0.00010613748426505644
AsbestosFlake,0.00025075225677031093,0.0,7.349677758179049e-05,0.00010613748426505644
Art09967950,0.00025075225677031093,0.0,7.349677758179049e-05,0.00010613748426505644
jonah_wes,0.00025075225677031093,0.0,7.349677758179049e-05,0.00010613748426505644
joinman50,0.00025075225677031093,0.0,7.349677758179049e-05,0.00010613748426505644
Ivan_S3XY,0.00025075225677031093,0.0,7.349677758179049e-05,0.00010613748426505644
aliMMA,0.00025075225677031093,0.0,7.349677758179049e-05,0.00010613748426505644
alidocain,0.00025075225677031093,0.0,7.349677758179049e-05,0.00010613748426505644
Walter_Ratleigh,0.00025075225677031093,0.0,7.349677758179049e-05,0.00010613748426505644
Iomegaman,0.00025075225677031093,0.0,7.349677758179049e-05,0.00010613748426505644
angelscastle,0.00025075225677031093,0.0,7.349677758179049e-05,0.00010613748426505644
Model3_R,0.00025075225677031093,0.0,7.349677758179049e-05,0.00010613748426505644
Retired30S,0.00025075225677031093,0.0,7.349677758179049e-05,0.00010613748426505644
Openskies13,0.00025075225677031093,0.0,7.349677758179049e-05,0.00010613748426505644
Fullmag83,0.00025075225677031093,0.0,7.349677758179049e-05,0.00010613748426505644
fededambri,0.00025075225677031093,0.0,7.349677758179049e-05,0.00010613748426505644
unfoldedbeagle,0.00025075225677031093,0.0,7.349677758179049e-05,0.00010613748426505644
AbledPig,0.00025075225677031093,0.0,7.349677758179049e-05,0.00010613748426505644
AbsalomYoshi,0.00025075225677031093,0.0,7.349677758179049e-05,0.00010613748426505644
turtles_Roll,0.00025075225677031093,0.0,7.349677758179049e-05,0.00010613748426505644
weed10_weed,0.00025075225677031093,0.0,7.349677758179049e-05,0.00010613748426505644
w_mccan,0.00025075225677031093,0.0,7.349677758179049e-05,0.00010613748426505644
Ercanzm89220977,0.00025075225677031093,0.0,7.349677758179049e-05,0.00010613748426505644
zonagule,0.00025075225677031093,0.0,7.349677758179049e-05,0.00010613748426505644
40seven40town,0.00025075225677031093,0.0,7.349677758179049e-05,0.00010613748426505644
zmarijan,0.00025075225677031093,0.0,7.349677758179049e-05,0.00010613748426505644
Ponchan796,0.00025075225677031093,0.0,7.349677758179049e-05,0.00010613748426505644
1V4vendetta,0.00025075225677031093,0.0,7.349677758179049e-05,0.00010613748426505644
xegesis,0.00025075225677031093,0.0,7.349677758179049e-05,0.00010613748426505644
6_broj,0.00025075225677031093,0.0,7.349677758179049e-05,0.00010613748426505644
dopre,0.00025075225677031093,0.0,7.349677758179049e-05,0.00010613748426505644
21pinkthink,0.00025075225677031093,0.0,7.349677758179049e-05,0.00010613748426505644
1flyingknee,0.00025075225677031093,0.0,7.349677758179049e-05,0.00010613748426505644
0xBookmaker,0.00025075225677031093,0.0,7.349677758179049e-05,0.00010613748426505644
xK_e_v,0.00025075225677031093,0.0,7.349677758179049e-05,0.00010613748426505644
fa39918461,0.00025075225677031093,0.0,7.349677758179049e-05,0.00010613748426505644
fabalasays,0.00025075225677031093,0.0,7.349677758179049e-05,0.00010613748426505644
eric_getz,0.00025075225677031093,0.0,7.349677758179049e-05,0.00010613748426505644
erdemtufan,0.00025075225677031093,0.0,7.349677758179049e-05,0.00010613748426505644
EvButton,0.00025075225677031093,0.0,7.349677758179049e-05,0.00010613748426505644
EthanHu63649628,0.00025075225677031093,0.0,7.349677758179049e-05,0.00010613748426505644
Randalack,0.00025075225677031093,0.0,7.349677758179049e-05,0.00010613748426505644
Randohero2,0.00025075225677031093,0.0,7.349677758179049e-05,0.00010613748426505644
RandyEVOgaming,0.00025075225677031093,0.0,7.349677758179049e-05,0.00010613748426505644
Rakal71,0.00025075225677031093,0.0,7.349677758179049e-05,0.00010613748426505644
RdMilind,0.00025075225677031093,0.0,7.349677758179049e-05,0.00010613748426505644
616scarcat,0.00025075225677031093,0.0,7.349677758179049e-05,0.00010613748426505644
OrderVwo,0.00025075225677031093,0.0,7.349677758179049e-05,0.00010613748426505644
OlliAll,0.00025075225677031093,0.0,7.349677758179049e-05,0.00010613748426505644
AGoldsmithEsq,0.00025075225677031093,0.0,7.349677758179049e-05,0.00010613748426505644
NorthGAPine,0.00025075225677031093,0.0,7.349677758179049e-05,0.00010613748426505644
NotBenShapiro3,0.00025075225677031093,0.0,7.349677758179049e-05,0.00010613748426505644
RicoVld,0.00025075225677031093,0.0,7.349677758179049e-05,0.00010613748426505644
PMWinchester,0.00025075225677031093,0.0,7.349677758179049e-05,0.00010613748426505644
vll1ua,0.00025075225677031093,0.0,7.349677758179049e-05,0.00010613748426505644
RedIronRaven,0.00025075225677031093,0.0,7.349677758179049e-05,0.00010613748426505644
Redstoner2b2t,0.00025075225677031093,0.0,7.349677758179049e-05,0.00010613748426505644
AaronRojasSauc1,0.00025075225677031093,0.0,7.349677758179049e-05,0.00010613748426505644
RealBiglyTarif1,0.00025075225677031093,0.0,7.349677758179049e-05,0.00010613748426505644
91Tcc,0.00025075225677031093,0.0,7.349677758179049e-05,0.00010613748426505644
68_deep,0.00025075225677031093,0.0,7.349677758179049e-05,0.00010613748426505644
FraserMRASCIPO,0.00025075225677031093,0.0,7.349677758179049e-05,0.00010613748426505644
dvaraba36870731,0.00025075225677031093,0.0,7.349677758179049e-05,0.00010613748426505644
dubbleotrippleo,0.00025075225677031093,0.0,7.349677758179049e-05,0.00010613748426505644
dustinwhiteside,0.00025075225677031093,0.0,7.349677758179049e-05,0.00010613748426505644
duaneherring,0.00025075225677031093,0.0,7.349677758179049e-05,0.00010613748426505644
drpavail,0.00025075225677031093,0.0,7.349677758179049e-05,0.00010613748426505644
dracoandreu,0.00025075225677031093,0.0,7.349677758179049e-05,0.00010613748426505644
70Xaround_earth,0.00025075225677031093,0.0,7.349677758179049e-05,0.00010613748426505644
PeterPaska2,0.00025075225677031093,0.0,7.349677758179049e-05,0.00010613748426505644
PhilipT90410281,0.00025075225677031093,0.0,7.349677758179049e-05,0.00010613748426505644
FaustianSpirit2,0.00025075225677031093,0.0,7.349677758179049e-05,0.00010613748426505644
Faniapintoneves,0.00025075225677031093,0.0,7.349677758179049e-05,0.00010613748426505644
FareehaIrfanMD,0.00025075225677031093,0.0,7.349677758179049e-05,0.00010613748426505644
RVdkley,0.00025075225677031093,0.0,7.349677758179049e-05,0.00010613748426505644
RaGuSNY,0.00025075225677031093,0.0,7.349677758179049e-05,0.00010613748426505644
Quibbles57,0.00025075225677031093,0.0,7.349677758179049e-05,0.00010613748426505644
withoutadie,0.00025075225677031093,0.0,7.349677758179049e-05,0.00010613748426505644
PseudoLatek,0.00025075225677031093,0.0,7.349677758179049e-05,0.00010613748426505644
PsychedAF,0.00025075225677031093,0.0,7.349677758179049e-05,0.00010613748426505644
Proud2BFL,0.00025075225677031093,0.0,7.349677758179049e-05,0.00010613748426505644
Quantum105au,0.00025075225677031093,0.0,7.349677758179049e-05,0.00010613748426505644
0xfea,0.00025075225677031093,0.0,7.349677758179049e-05,0.00010613748426505644
JeralKirwan,0.00025075225677031093,0.0,7.349677758179049e-05,0.00010613748426505644
yourmanlebron,0.00025075225677031093,0.0,7.349677758179049e-05,0.00010613748426505644
PrismArt7,0.00025075225677031093,0.0,7.349677758179049e-05,0.00010613748426505644
zrgcsl,0.00025075225677031093,0.0,7.349677758179049e-05,0.00010613748426505644
PhenomenalPoto,0.00025075225677031093,0.0,7.349677758179049e-05,0.00010613748426505644
y_ev_,0.00025075225677031093,0.0,7.349677758179049e-05,0.00010613748426505644
Plzbanme,0.00025075225677031093,0.0,7.349677758179049e-05,0.00010613748426505644
Pjotromat,0.00025075225677031093,0.0,7.349677758179049e-05,0.00010613748426505644
Plotter_Depot,0.00025075225677031093,0.0,7.349677758179049e-05,0.00010613748426505644
Pitt1091,0.00025075225677031093,0.0,7.349677758179049e-05,0.00010613748426505644
wernerkeil,0.00025075225677031093,0.0,7.349677758179049e-05,0.00010613748426505644
FormerlyKaren,0.00025075225677031093,0.0,7.349677758179049e-05,0.00010613748426505644
FoxMainey,0.00025075225677031093,0.0,7.349677758179049e-05,0.00010613748426505644
Fradatama,0.00025075225677031093,0.0,7.349677758179049e-05,0.00010613748426505644
yoshichi0202,0.00025075225677031093,0.0,7.349677758179049e-05,0.00010613748426505644
0freetime,0.00025075225677031093,0.0,7.349677758179049e-05,0.00010613748426505644
0V1knB,0.00025075225677031093,0.0,7.349677758179049e-05,0.00010613748426505644
PhilXContreras,0.00025075225677031093,0.0,7.349677758179049e-05,0.00010613748426505644
wilfriedkaiser,0.00025075225677031093,0.0,7.349677758179049e-05,0.00010613748426505644
williamjhoffer2,0.00025075225677031093,0.0,7.349677758179049e-05,0.00010613748426505644
whobangmee,0.00025075225677031093,0.0,7.349677758179049e-05,0.00010613748426505644
werdnavortep,0.00025075225677031093,0.0,7.349677758179049e-05,0.00010613748426505644
Fraslin,0.00025075225677031093,0.0,7.349677758179049e-05,0.00010613748426505644
JohnRifle7,0.00025075225677031093,0.0,7.349677758179049e-05,0.00010613748426505644
JoeTurco,0.00025075225677031093,0.0,7.349677758179049e-05,0.00010613748426505644
Zachasbeenthere,0.00025075225677031093,0.0,7.349677758179049e-05,0.00010613748426505644
majorursa,0.00025075225677031093,0.0,7.349677758179049e-05,0.00010613748426505644
macijauskasm,0.00025075225677031093,0.0,7.349677758179049e-05,0.00010613748426505644
Conan68305J,0.00025075225677031093,0.0,7.349677758179049e-05,0.00010613748426505644
Elviratrades,0.00025075225677031093,0.0,7.349677758179049e-05,0.00010613748426505644
lux_claude,0.00025075225677031093,0.0,7.349677758179049e-05,0.00010613748426505644
lukesbacon,0.00025075225677031093,0.0,7.349677758179049e-05,0.00010613748426505644
lumineau_tom,0.00025075225677031093,0.0,7.349677758179049e-05,0.00010613748426505644
Rleslie33,0.00025075225677031093,0.0,7.349677758179049e-05,0.00010613748426505644
CraftSmerald,0.00025075225677031093,0.0,7.349677758179049e-05,0.00010613748426505644
CorunnaB_,0.00025075225677031093,0.0,7.349677758179049e-05,0.00010613748426505644
ZhiWeiiO,0.00025075225677031093,0.0,7.349677758179049e-05,0.00010613748426505644
Neilsimmo81,0.00025075225677031093,0.0,7.349677758179049e-05,0.00010613748426505644
NeninRallys,0.00025075225677031093,0.0,7.349677758179049e-05,0.00010613748426505644
RtisticFX,0.00025075225677031093,0.0,7.349677758179049e-05,0.00010613748426505644
Rosariolee2014,0.00025075225677031093,0.0,7.349677758179049e-05,0.00010613748426505644
FreedomSteve101,0.00025075225677031093,0.0,7.349677758179049e-05,0.00010613748426505644
Roildogsr_YT,0.00025075225677031093,0.0,7.349677758179049e-05,0.00010613748426505644
RobotZX57,0.00025075225677031093,0.0,7.349677758179049e-05,0.00010613748426505644
RobIsRandomAF_6,0.00025075225677031093,0.0,7.349677758179049e-05,0.00010613748426505644
lunanuovarossa,0.00025075225677031093,0.0,7.349677758179049e-05,0.00010613748426505644
tomic011,0.00025075225677031093,0.0,7.349677758179049e-05,0.00010613748426505644
tom_zeh,0.00025075225677031093,0.0,7.349677758179049e-05,0.00010613748426505644
tiptopstop,0.00025075225677031093,0.0,7.349677758179049e-05,0.00010613748426505644
theseoldhomes,0.00025075225677031093,0.0,7.349677758179049e-05,0.00010613748426505644
theshriphalle99,0.00025075225677031093,0.0,7.349677758179049e-05,0.00010613748426505644
SSSSSS204_,0.00025075225677031093,0.0,7.349677758179049e-05,0.00010613748426505644
SUPERO02,0.00025075225677031093,0.0,7.349677758179049e-05,0.00010613748426505644
flater831,0.00025075225677031093,0.0,7.349677758179049e-05,0.00010613748426505644
EricDuffin23,0.00025075225677031093,0.0,7.349677758179049e-05,0.00010613748426505644
Ericmem,0.00025075225677031093,0.0,7.349677758179049e-05,0.00010613748426505644
EnjoyTheDecline,0.00025075225677031093,0.0,7.349677758179049e-05,0.00010613748426505644
JohnForReals,0.00025075225677031093,0.0,7.349677758179049e-05,0.00010613748426505644
Alex26726249,0.00025075225677031093,0.0,7.349677758179049e-05,0.00010613748426505644
AlexMcmeeken,0.00025075225677031093,0.0,7.349677758179049e-05,0.00010613748426505644
danielw31241874,0.00025075225677031093,0.0,7.349677758179049e-05,0.00010613748426505644
Cocreator420,0.00025075225677031093,0.0,7.349677758179049e-05,0.00010613748426505644
aditya86c,0.00025075225677031093,0.0,7.349677758179049e-05,0.00010613748426505644
adamberaha,0.00025075225677031093,0.0,7.349677758179049e-05,0.00010613748426505644
adambigredad,0.00025075225677031093,0.0,7.349677758179049e-05,0.00010613748426505644
WtfWtf2020,0.00025075225677031093,0.0,7.349677758179049e-05,0.00010613748426505644
maguirrem3,0.00025075225677031093,0.0,7.349677758179049e-05,0.00010613748426505644
d_mccar,0.00025075225677031093,0.0,7.349677758179049e-05,0.00010613748426505644
ZariDancersA,0.00025075225677031093,0.0,7.349677758179049e-05,0.00010613748426505644
CeceDDario,0.00025075225677031093,0.0,7.349677758179049e-05,0.00010613748426505644
YogaManRay,0.00025075225677031093,0.0,7.349677758179049e-05,0.00010613748426505644
YoureAnIdiot404,0.00025075225677031093,0.0,7.349677758179049e-05,0.00010613748426505644
YasinYtbd,0.00025075225677031093,0.0,7.349677758179049e-05,0.00010613748426505644
Xcess29,0.00025075225677031093,0.0,7.349677758179049e-05,0.00010613748426505644
deadlightsout,0.00025075225677031093,0.0,7.349677758179049e-05,0.00010613748426505644
deanemitch,0.00025075225677031093,0.0,7.349677758179049e-05,0.00010613748426505644
aFordOwner,0.00025075225677031093,0.0,7.349677758179049e-05,0.00010613748426505644
abdiuzumaki60,0.00025075225677031093,0.0,7.349677758179049e-05,0.00010613748426505644
CyberCandide,0.00025075225677031093,0.0,7.349677758179049e-05,0.00010613748426505644
JoyBarbourscot1,0.00025075225677031093,0.0,7.349677758179049e-05,0.00010613748426505644
JohnstonFredJ,0.00025075225677031093,0.0,7.349677758179049e-05,0.00010613748426505644
Noisiiv,0.00025075225677031093,0.0,7.349677758179049e-05,0.00010613748426505644
Jackson35883938,0.00025075225677031093,0.0,7.349677758179049e-05,0.00010613748426505644
JacobRJones,0.00025075225677031093,0.0,7.349677758179049e-05,0.00010613748426505644
Ev92Revolution,0.00025075225677031093,0.0,7.349677758179049e-05,0.00010613748426505644
FuerstDustin,0.00025075225677031093,0.0,7.349677758179049e-05,0.00010613748426505644
DONDOGE5000,0.00025075225677031093,0.0,7.349677758179049e-05,0.00010613748426505644
DJSatane,0.00025075225677031093,0.0,7.349677758179049e-05,0.00010613748426505644
DKorsakovas,0.00025075225677031093,0.0,7.349677758179049e-05,0.00010613748426505644
_djavonosibradu,0.00025075225677031093,0.0,7.349677758179049e-05,0.00010613748426505644
JayRama17,0.00025075225677031093,0.0,7.349677758179049e-05,0.00010613748426505644
JasonHornbuckle,0.00025075225677031093,0.0,7.349677758179049e-05,0.00010613748426505644
RinconPractico,0.00025075225677031093,0.0,7.349677758179049e-05,0.00010613748426505644
JamesRaxz,0.00025075225677031093,0.0,7.349677758179049e-05,0.00010613748426505644
Noortje1986,0.00025075225677031093,0.0,7.349677758179049e-05,0.00010613748426505644
NkingStive,0.00025075225677031093,0.0,7.349677758179049e-05,0.00010613748426505644
NoBullet,0.00025075225677031093,0.0,7.349677758179049e-05,0.00010613748426505644
Niko_punktum,0.00025075225677031093,0.0,7.349677758179049e-05,0.00010613748426505644
tuarekpri33,0.00025075225677031093,0.0,7.349677758179049e-05,0.00010613748426505644
RyanWil62993886,0.00025075225677031093,0.0,7.349677758179049e-05,0.00010613748426505644
Nevash_Edelo,0.00025075225677031093,0.0,7.349677758179049e-05,0.00010613748426505644
ursusma54713279,0.00025075225677031093,0.0,7.349677758179049e-05,0.00010613748426505644
turbulentsci,0.00025075225677031093,0.0,7.349677758179049e-05,0.00010613748426505644
trioxic,0.00025075225677031093,0.0,7.349677758179049e-05,0.00010613748426505644
AlanLim74279317,0.00025075225677031093,0.0,7.349677758179049e-05,0.00010613748426505644
lokibearcookie,0.00025075225677031093,0.0,7.349677758179049e-05,0.00010613748426505644
AkoZnas_BiloSto,0.00025075225677031093,0.0,7.349677758179049e-05,0.00010613748426505644
RoseEdithOcto,0.00025075225677031093,0.0,7.349677758179049e-05,0.00010613748426505644
d_sharaschandra,0.00025075225677031093,0.0,7.349677758179049e-05,0.00010613748426505644
cyrillabehrndt,0.00025075225677031093,0.0,7.349677758179049e-05,0.00010613748426505644
AfowobiHardey,0.00025075225677031093,0.0,7.349677758179049e-05,0.00010613748426505644
AhmadJaafaru,0.00025075225677031093,0.0,7.349677758179049e-05,0.00010613748426505644
AfirasKip,0.00025075225677031093,0.0,7.349677758179049e-05,0.00010613748426505644
travishou713,0.00025075225677031093,0.0,7.349677758179049e-05,0.00010613748426505644
trains_choochoo,0.00025075225677031093,0.0,7.349677758179049e-05,0.00010613748426505644
unicornflyers,0.00025075225677031093,0.0,7.349677758179049e-05,0.00010613748426505644
Cornubot,0.00025075225677031093,0.0,7.349677758179049e-05,0.00010613748426505644
AirRocketGlider,0.00025075225677031093,0.0,7.349677758179049e-05,0.00010613748426505644
bartvdpoel3,0.00025075225677031093,0.0,7.349677758179049e-05,0.00010613748426505644
TheTechJet16,0.00025075225677031093,0.0,7.349677758179049e-05,0.00010613748426505644
mrsvdveen,0.00025075225677031093,0.0,7.349677758179049e-05,0.00010613748426505644
TinaHolmboe,0.00025075225677031093,0.0,7.349677758179049e-05,0.00010613748426505644
LabelleMercure,0.00025075225677031093,0.0,7.349677758179049e-05,0.00010613748426505644
LaCat1Masker,0.00025075225677031093,0.0,7.349677758179049e-05,0.00010613748426505644
nardzoa,0.00025075225677031093,0.0,7.349677758179049e-05,0.00010613748426505644
nate_nugent,0.00025075225677031093,0.0,7.349677758179049e-05,0.00010613748426505644
nathansnewman,0.00025075225677031093,0.0,7.349677758179049e-05,0.00010613748426505644
naanders,0.00025075225677031093,0.0,7.349677758179049e-05,0.00010613748426505644
minisculesbian,0.00025075225677031093,0.0,7.349677758179049e-05,0.00010613748426505644
LukaMilojevi1,0.00025075225677031093,0.0,7.349677758179049e-05,0.00010613748426505644
refwarnpeas,0.00025075225677031093,0.0,7.349677758179049e-05,0.00010613748426505644
billianton,0.00025075225677031093,0.0,7.349677758179049e-05,0.00010613748426505644
billybirry,0.00025075225677031093,0.0,7.349677758179049e-05,0.00010613748426505644
bitcoin_vitamin,0.00025075225677031093,0.0,7.349677758179049e-05,0.00010613748426505644
TechDoth,0.00025075225677031093,0.0,7.349677758179049e-05,0.00010613748426505644
jcarenas1977,0.00025075225677031093,0.0,7.349677758179049e-05,0.00010613748426505644
philipduggan11,0.00025075225677031093,0.0,7.349677758179049e-05,0.00010613748426505644
phoon_alex,0.00025075225677031093,0.0,7.349677758179049e-05,0.00010613748426505644
payton_bri,0.00025075225677031093,0.0,7.349677758179049e-05,0.00010613748426505644
pc5408,0.00025075225677031093,0.0,7.349677758179049e-05,0.00010613748426505644
Luminaria98,0.00025075225677031093,0.0,7.349677758179049e-05,0.00010613748426505644
onexsp,0.00025075225677031093,0.0,7.349677758179049e-05,0.00010613748426505644
Buingocha1986,0.00025075225677031093,0.0,7.349677758179049e-05,0.00010613748426505644
Dewi_Ioan,0.00025075225677031093,0.0,7.349677758179049e-05,0.00010613748426505644
DhawalAbhonkar,0.00025075225677031093,0.0,7.349677758179049e-05,0.00010613748426505644
ifeellikeibosov,0.00025075225677031093,0.0,7.349677758179049e-05,0.00010613748426505644
ifeelLikeshid,0.00025075225677031093,0.0,7.349677758179049e-05,0.00010613748426505644
DividendExcess,0.00025075225677031093,0.0,7.349677758179049e-05,0.00010613748426505644
LeafsOfTea,0.00025075225677031093,0.0,7.349677758179049e-05,0.00010613748426505644
TheBrownInv,0.00025075225677031093,0.0,7.349677758179049e-05,0.00010613748426505644
TheRealHinano,0.00025075225677031093,0.0,7.349677758179049e-05,0.00010613748426505644
bebi27,0.00025075225677031093,0.0,7.349677758179049e-05,0.00010613748426505644
TheMurr113,0.00025075225677031093,0.0,7.349677758179049e-05,0.00010613748426505644
TheOthe27567954,0.00025075225677031093,0.0,7.349677758179049e-05,0.00010613748426505644
TheInitiate2,0.00025075225677031093,0.0,7.349677758179049e-05,0.00010613748426505644
Li1990xu,0.00025075225677031093,0.0,7.349677758179049e-05,0.00010613748426505644
LibertarianSeth,0.00025075225677031093,0.0,7.349677758179049e-05,0.00010613748426505644
inandaway,0.00025075225677031093,0.0,7.349677758179049e-05,0.00010613748426505644
naptownlawyer,0.00025075225677031093,0.0,7.349677758179049e-05,0.00010613748426505644
Canillo66326660,0.00025075225677031093,0.0,7.349677758179049e-05,0.00010613748426505644
CanyonDriver,0.00025075225677031093,0.0,7.349677758179049e-05,0.00010613748426505644
becerratops,0.00025075225677031093,0.0,7.349677758179049e-05,0.00010613748426505644
bencord0,0.00025075225677031093,0.0,7.349677758179049e-05,0.00010613748426505644
TheRealCorey420,0.00025075225677031093,0.0,7.349677758179049e-05,0.00010613748426505644
iamER4SE,0.00025075225677031093,0.0,7.349677758179049e-05,0.00010613748426505644
ianlarkin,0.00025075225677031093,0.0,7.349677758179049e-05,0.00010613748426505644
MATHlILDA,0.00025075225677031093,0.0,7.349677758179049e-05,0.00010613748426505644
nyanotech,0.00025075225677031093,0.0,7.349677758179049e-05,0.00010613748426505644
LB64915140,0.00025075225677031093,0.0,7.349677758179049e-05,0.00010613748426505644
L0rdFrag,0.00025075225677031093,0.0,7.349677758179049e-05,0.00010613748426505644
L2P_Lust,0.00025075225677031093,0.0,7.349677758179049e-05,0.00010613748426505644
notley,0.00025075225677031093,0.0,7.349677758179049e-05,0.00010613748426505644
noor_khara9,0.00025075225677031093,0.0,7.349677758179049e-05,0.00010613748426505644
noootsab,0.00025075225677031093,0.0,7.349677758179049e-05,0.00010613748426505644
Bookish_Harmony,0.00025075225677031093,0.0,7.349677758179049e-05,0.00010613748426505644
CactusMetall,0.00025075225677031093,0.0,7.349677758179049e-05,0.00010613748426505644
Britt69318897,0.00025075225677031093,0.0,7.349677758179049e-05,0.00010613748426505644
nuribaaaolu,0.00025075225677031093,0.0,7.349677758179049e-05,0.00010613748426505644
nwocryptomoney,0.00025075225677031093,0.0,7.349677758179049e-05,0.00010613748426505644
jayanshub,0.00025075225677031093,0.0,7.349677758179049e-05,0.00010613748426505644
jaybirdsatx,0.00025075225677031093,0.0,7.349677758179049e-05,0.00010613748426505644
jasedabass,0.00025075225677031093,0.0,7.349677758179049e-05,0.00010613748426505644
jacobs_sethmj1,0.00025075225677031093,0.0,7.349677758179049e-05,0.00010613748426505644
Infinitynova131,0.00025075225677031093,0.0,7.349677758179049e-05,0.00010613748426505644
asH9C,0.00025075225677031093,0.0,7.349677758179049e-05,0.00010613748426505644
BigBiffIe,0.00025075225677031093,0.0,7.349677758179049e-05,0.00010613748426505644
iSpencer246,0.00025075225677031093,0.0,7.349677758179049e-05,0.00010613748426505644
Tashkenli,0.00025075225677031093,0.0,7.349677758179049e-05,0.00010613748426505644
TatjanaTanasko1,0.00025075225677031093,0.0,7.349677758179049e-05,0.00010613748426505644
Louis_at_acam,0.00025075225677031093,0.0,7.349677758179049e-05,0.00010613748426505644
LoriLightning,0.00025075225677031093,0.0,7.349677758179049e-05,0.00010613748426505644
puneetaggarwal,0.00025075225677031093,0.0,7.349677758179049e-05,0.00010613748426505644
proales,0.00025075225677031093,0.0,7.349677758179049e-05,0.00010613748426505644
Bobaritone,0.00025075225677031093,0.0,7.349677758179049e-05,0.00010613748426505644
BonBorius,0.00025075225677031093,0.0,7.349677758179049e-05,0.00010613748426505644
TeslaPhonatic,0.00025075225677031093,0.0,7.349677758179049e-05,0.00010613748426505644
pitmasterinca,0.00025075225677031093,0.0,7.349677758179049e-05,0.00010613748426505644
iTradeAIMS,0.00025075225677031093,0.0,7.349677758179049e-05,0.00010613748426505644
Hrezolitaz,0.00025075225677031093,0.0,7.349677758179049e-05,0.00010613748426505644
HromDrom,0.00025075225677031093,0.0,7.349677758179049e-05,0.00010613748426505644
BlueAI8866,0.00025075225677031093,0.0,7.349677758179049e-05,0.00010613748426505644
TechWorldInnov8,0.00025075225677031093,0.0,7.349677758179049e-05,0.00010613748426505644
TechnikKompakt,0.00025075225677031093,0.0,7.349677758179049e-05,0.00010613748426505644
TedTegridy,0.00025075225677031093,0.0,7.349677758179049e-05,0.00010613748426505644
LtdGnu,0.00025075225677031093,0.0,7.349677758179049e-05,0.00010613748426505644
DoSRa1n,0.00025075225677031093,0.0,7.349677758179049e-05,0.00010613748426505644
HiBob84,0.00025075225677031093,0.0,7.349677758179049e-05,0.00010613748426505644
HerrAgren,0.00025075225677031093,0.0,7.349677758179049e-05,0.00010613748426505644
Heisenberg0x,0.00025075225677031093,0.0,7.349677758179049e-05,0.00010613748426505644
HowzitUSA,0.00025075225677031093,0.0,7.349677758179049e-05,0.00010613748426505644
derekrogden,0.00025075225677031093,0.0,7.349677758179049e-05,0.00010613748426505644
lenhtvle,0.00025075225677031093,0.0,7.349677758179049e-05,0.00010613748426505644
leopardgrocery,0.00025075225677031093,0.0,7.349677758179049e-05,0.00010613748426505644
ParakeetPaul,0.00025075225677031093,0.0,7.349677758179049e-05,0.00010613748426505644
PartapRathor4,0.00025075225677031093,0.0,7.349677758179049e-05,0.00010613748426505644
Pablo4rmMarS,0.00025075225677031093,0.0,7.349677758179049e-05,0.00010613748426505644
demsctrywdloans,0.00025075225677031093,0.0,7.349677758179049e-05,0.00010613748426505644
derGerfried,0.00025075225677031093,0.0,7.349677758179049e-05,0.00010613748426505644
deganky,0.00025075225677031093,0.0,7.349677758179049e-05,0.00010613748426505644
Prinsu777,0.00025075225677031093,0.0,7.349677758179049e-05,0.00010613748426505644
omamode_orieno,0.00025075225677031093,0.0,7.349677758179049e-05,0.00010613748426505644
Bullsarein,0.00025075225677031093,0.0,7.349677758179049e-05,0.00010613748426505644
Bruno03284444,0.00025075225677031093,0.0,7.349677758179049e-05,0.00010613748426505644
BoloMan82881853,0.00025075225677031093,0.0,7.349677758179049e-05,0.00010613748426505644
passeggiata67,0.00025075225677031093,0.0,7.349677758179049e-05,0.00010613748426505644
papalikt00,0.00025075225677031093,0.0,7.349677758179049e-05,0.00010613748426505644
babylon4288,0.00025075225677031093,0.0,7.349677758179049e-05,0.00010613748426505644
paigerpenland,0.00025075225677031093,0.0,7.349677758179049e-05,0.00010613748426505644
TheodoreDenney,0.00025075225677031093,0.0,7.349677758179049e-05,0.00010613748426505644
Theredwolf66,0.00025075225677031093,0.0,7.349677758179049e-05,0.00010613748426505644
CBzh56,0.00025075225677031093,0.0,7.349677758179049e-05,0.00010613748426505644
CCofNavarro,0.00025075225677031093,0.0,7.349677758179049e-05,0.00010613748426505644
Thinklab1414,0.00025075225677031093,0.0,7.349677758179049e-05,0.00010613748426505644
djchinatown,0.00025075225677031093,0.0,7.349677758179049e-05,0.00010613748426505644
dlowther715,0.00025075225677031093,0.0,7.349677758179049e-05,0.00010613748426505644
disillusioned62,0.00025075225677031093,0.0,7.349677758179049e-05,0.00010613748426505644
Foresig65,0.00025075225677031093,0.0,7.349677758179049e-05,0.00010613748426505644
lilly_Michael,0.00025075225677031093,0.0,7.349677758179049e-05,0.00010613748426505644
eloz1,0.00025075225677031093,0.0,7.349677758179049e-05,0.00010613748426505644
eingrad50,0.00025075225677031093,0.0,7.349677758179049e-05,0.00010613748426505644
edmont888,0.00025075225677031093,0.0,7.349677758179049e-05,0.00010613748426505644
edmundk80,0.00025075225677031093,0.0,7.349677758179049e-05,0.00010613748426505644
Flashinski17,0.00025075225677031093,0.0,7.349677758179049e-05,0.00010613748426505644
PaulistaSuecia,0.00025075225677031093,0.0,7.349677758179049e-05,0.00010613748426505644
Potthoff,0.00025075225677031093,0.0,7.349677758179049e-05,0.00010613748426505644
leeyoun28183925,0.00025075225677031093,0.0,7.349677758179049e-05,0.00010613748426505644
legitshares,0.00025075225677031093,0.0,7.349677758179049e-05,0.00010613748426505644
legolas_83,0.00025075225677031093,0.0,7.349677758179049e-05,0.00010613748426505644
ZeroJour,0.00025075225677031093,0.0,7.349677758179049e-05,0.00010613748426505644
Jimmyzoupa,0.00025075225677031093,0.0,7.349677758179049e-05,0.00010613748426505644
Zuk_DC,0.00025075225677031093,0.0,7.349677758179049e-05,0.00010613748426505644
lifenotprofit,0.00025075225677031093,0.0,7.349677758179049e-05,0.00010613748426505644
FogelmanShawn,0.00025075225677031093,0.0,7.349677758179049e-05,0.00010613748426505644
Radudanciu1983,0.00025075225677031093,0.0,7.349677758179049e-05,0.00010613748426505644
Pedrosa77838685,0.00025075225677031093,0.0,7.349677758179049e-05,0.00010613748426505644
FrankGalban3,0.00025075225677031093,0.0,7.349677758179049e-05,0.00010613748426505644
Lonewol81489192,0.00025075225677031093,0.0,7.349677758179049e-05,0.00010613748426505644
CanE_Lab,0.00025075225677031093,0.0,7.349677758179049e-05,0.00010613748426505644
Candid74946934,0.00025075225677031093,0.0,7.349677758179049e-05,0.00010613748426505644
itzNotCisco,0.00025075225677031093,0.0,7.349677758179049e-05,0.00010613748426505644
isaylotsashit,0.00025075225677031093,0.0,7.349677758179049e-05,0.00010613748426505644
isilanka,0.00025075225677031093,0.0,7.349677758179049e-05,0.00010613748426505644
LordComander762,0.00025075225677031093,0.0,7.349677758179049e-05,0.00010613748426505644
LondonCampbel20,0.00025075225677031093,0.0,7.349677758179049e-05,0.00010613748426505644
Live_Laugh_Cum_,0.00025075225677031093,0.0,7.349677758179049e-05,0.00010613748426505644
LizCratty,0.00025075225677031093,0.0,7.349677758179049e-05,0.00010613748426505644
Buster_Junk,0.00025075225677031093,0.0,7.349677758179049e-05,0.00010613748426505644
DhieuAzuma,0.00025075225677031093,0.0,7.349677758179049e-05,0.00010613748426505644
DeusExMachina69,0.00025075225677031093,0.0,7.349677758179049e-05,0.00010613748426505644
indiryo,0.00025075225677031093,0.0,7.349677758179049e-05,0.00010613748426505644
bacon8tr,0.00025075225677031093,0.0,7.349677758179049e-05,0.00010613748426505644
DegenCrypto5,0.00025075225677031093,0.0,7.349677758179049e-05,0.00010613748426505644
DedRed18,0.00025075225677031093,0.0,7.349677758179049e-05,0.00010613748426505644
j_magnuson,0.00025075225677031093,0.0,7.349677758179049e-05,0.00010613748426505644
isujandhali,0.00025075225677031093,0.0,7.349677758179049e-05,0.00010613748426505644
overKINO,0.00025075225677031093,0.0,7.349677758179049e-05,0.00010613748426505644
ortodoxy,0.00025075225677031093,0.0,7.349677758179049e-05,0.00010613748426505644
organiceel,0.00025075225677031093,0.0,7.349677758179049e-05,0.00010613748426505644
LindaAma,0.00025075225677031093,0.0,7.349677758179049e-05,0.00010613748426505644
TianlinQiu,0.00025075225677031093,0.0,7.349677758179049e-05,0.00010613748426505644
TigerSachen,0.00025075225677031093,0.0,7.349677758179049e-05,0.00010613748426505644
Tijn24572196,0.00025075225677031093,0.0,7.349677758179049e-05,0.00010613748426505644
kutdownOngaming,0.00025075225677031093,0.0,7.349677758179049e-05,0.00010613748426505644
labradorite589,0.00025075225677031093,0.0,7.349677758179049e-05,0.00010613748426505644
kumarbswamy,0.00025075225677031093,0.0,7.349677758179049e-05,0.00010613748426505644
ThomasGloerfeld,0.00025075225677031093,0.0,7.349677758179049e-05,0.00010613748426505644
LarryGenovese1,0.00025075225677031093,0.0,7.349677758179049e-05,0.00010613748426505644
LaurLethPer,0.00025075225677031093,0.0,7.349677758179049e-05,0.00010613748426505644
LandSharkClark,0.00025075225677031093,0.0,7.349677758179049e-05,0.00010613748426505644
Ladyw_IronRing,0.00025075225677031093,0.0,7.349677758179049e-05,0.00010613748426505644
HoppityJohn,0.00025075225677031093,0.0,7.349677758179049e-05,0.00010613748426505644
_TheAncientOne_,0.00025075225677031093,0.0,7.349677758179049e-05,0.00010613748426505644
JoaoMarcolino84,0.00025075225677031093,0.0,7.349677758179049e-05,0.00010613748426505644
Jmerz551,0.00025075225677031093,0.0,7.349677758179049e-05,0.00010613748426505644
Jimmydean20211,0.00025075225677031093,0.0,7.349677758179049e-05,0.00010613748426505644
JayMMiah,0.00025075225677031093,0.0,7.349677758179049e-05,0.00010613748426505644
_We_Ivy,0.00025075225677031093,0.0,7.349677758179049e-05,0.00010613748426505644
leguilloux,0.00025075225677031093,0.0,7.349677758179049e-05,0.00010613748426505644
TexRob4,0.00025075225677031093,0.0,7.349677758179049e-05,0.00010613748426505644
DinelloLuc,0.00025075225677031093,0.0,7.349677758179049e-05,0.00010613748426505644
HokieMattJ,0.00025075225677031093,0.0,7.349677758179049e-05,0.00010613748426505644
HomerJFong5,0.00025075225677031093,0.0,7.349677758179049e-05,0.00010613748426505644
Cyrus_Alabel,0.00025075225677031093,0.0,7.349677758179049e-05,0.00010613748426505644
michaelsonnensc,0.00025075225677031093,0.0,7.349677758179049e-05,0.00010613748426505644
meminator42069,0.00025075225677031093,0.0,7.349677758179049e-05,0.00010613748426505644
BCamphorave,0.00025075225677031093,0.0,7.349677758179049e-05,0.00010613748426505644
BGspatch,0.00025075225677031093,0.0,7.349677758179049e-05,0.00010613748426505644
AzzaBotTV,0.00025075225677031093,0.0,7.349677758179049e-05,0.00010613748426505644
AyMeRiC_Btni,0.00025075225677031093,0.0,7.349677758179049e-05,0.00010613748426505644
shankynemesis,0.00025075225677031093,0.0,7.349677758179049e-05,0.00010613748426505644
camdenroad8,0.00025075225677031093,0.0,7.349677758179049e-05,0.00010613748426505644
MaxMoronovich,0.00025075225677031093,0.0,7.349677758179049e-05,0.00010613748426505644
sja1956,0.00025075225677031093,0.0,7.349677758179049e-05,0.00010613748426505644
rdeschain4,0.00025075225677031093,0.0,7.349677758179049e-05,0.00010613748426505644
MarieOfFatima,0.00025075225677031093,0.0,7.349677758179049e-05,0.00010613748426505644
MaryNhett,0.00025075225677031093,0.0,7.349677758179049e-05,0.00010613748426505644
MartinB49200842,0.00025075225677031093,0.0,7.349677758179049e-05,0.00010613748426505644
BarringtonBobb,0.00025075225677031093,0.0,7.349677758179049e-05,0.00010613748426505644
roundcatcrypto,0.00025075225677031093,0.0,7.349677758179049e-05,0.00010613748426505644
rogermill96,0.00025075225677031093,0.0,7.349677758179049e-05,0.00010613748426505644
shayes99,0.00025075225677031093,0.0,7.349677758179049e-05,0.00010613748426505644
StaceyRoy1973,0.00025075225677031093,0.0,7.349677758179049e-05,0.00010613748426505644
StangelandShawn,0.00025075225677031093,0.0,7.349677758179049e-05,0.00010613748426505644
MehNitesh2,0.00025075225677031093,0.0,7.349677758179049e-05,0.00010613748426505644
MeAndWhoElse,0.00025075225677031093,0.0,7.349677758179049e-05,0.00010613748426505644
MarieCharon4,0.00025075225677031093,0.0,7.349677758179049e-05,0.00010613748426505644
DrTulejko,0.00025075225677031093,0.0,7.349677758179049e-05,0.00010613748426505644
DowntroddenInDC,0.00025075225677031093,0.0,7.349677758179049e-05,0.00010613748426505644
DouglasRink3,0.00025075225677031093,0.0,7.349677758179049e-05,0.00010613748426505644
IrmaColin14,0.00025075225677031093,0.0,7.349677758179049e-05,0.00010613748426505644
jhalkias,0.00025075225677031093,0.0,7.349677758179049e-05,0.00010613748426505644
jimbugums,0.00025075225677031093,0.0,7.349677758179049e-05,0.00010613748426505644
KwnF,0.00025075225677031093,0.0,7.349677758179049e-05,0.00010613748426505644
IncJiday,0.00025075225677031093,0.0,7.349677758179049e-05,0.00010613748426505644
moniquefullmer7,0.00025075225677031093,0.0,7.349677758179049e-05,0.00010613748426505644
CardboardRevolt,0.00025075225677031093,0.0,7.349677758179049e-05,0.00010613748426505644
Charles56452776,0.00025075225677031093,0.0,7.349677758179049e-05,0.00010613748426505644
jeffld,0.00025075225677031093,0.0,7.349677758179049e-05,0.00010613748426505644
miriammramz,0.00025075225677031093,0.0,7.349677758179049e-05,0.00010613748426505644
asegpi,0.00025075225677031093,0.0,7.349677758179049e-05,0.00010613748426505644
ItBeCaleb,0.00025075225677031093,0.0,7.349677758179049e-05,0.00010613748426505644
ItssTshepiii,0.00025075225677031093,0.0,7.349677758179049e-05,0.00010613748426505644
IrshadS14541104,0.00025075225677031093,0.0,7.349677758179049e-05,0.00010613748426505644
skatetdieu,0.00025075225677031093,0.0,7.349677758179049e-05,0.00010613748426505644
shinsuke617,0.00025075225677031093,0.0,7.349677758179049e-05,0.00010613748426505644
shintsetsu,0.00025075225677031093,0.0,7.349677758179049e-05,0.00010613748426505644
shreyashkhole,0.00025075225677031093,0.0,7.349677758179049e-05,0.00010613748426505644
ChargeGoGroup,0.00025075225677031093,0.0,7.349677758179049e-05,0.00010613748426505644
jenskristianson,0.00025075225677031093,0.0,7.349677758179049e-05,0.00010613748426505644
UKtechie,0.00025075225677031093,0.0,7.349677758179049e-05,0.00010613748426505644
UKurbanite,0.00025075225677031093,0.0,7.349677758179049e-05,0.00010613748426505644
DayanandSriniv2,0.00025075225677031093,0.0,7.349677758179049e-05,0.00010613748426505644
Victor46146826,0.00025075225677031093,0.0,7.349677758179049e-05,0.00010613748426505644
WLRDtheBuzz,0.00025075225677031093,0.0,7.349677758179049e-05,0.00010613748426505644
KBaileyjr,0.00025075225677031093,0.0,7.349677758179049e-05,0.00010613748426505644
KGorobinska,0.00025075225677031093,0.0,7.349677758179049e-05,0.00010613748426505644
K3f1r1,0.00025075225677031093,0.0,7.349677758179049e-05,0.00010613748426505644
donnijean,0.00025075225677031093,0.0,7.349677758179049e-05,0.00010613748426505644
mino_compadre,0.00025075225677031093,0.0,7.349677758179049e-05,0.00010613748426505644
sarnchos,0.00025075225677031093,0.0,7.349677758179049e-05,0.00010613748426505644
MicAinMar,0.00025075225677031093,0.0,7.349677758179049e-05,0.00010613748426505644
Melody_Maker,0.00025075225677031093,0.0,7.349677758179049e-05,0.00010613748426505644
MeinPain,0.00025075225677031093,0.0,7.349677758179049e-05,0.00010613748426505644
Melahi_Ngaro,0.00025075225677031093,0.0,7.349677758179049e-05,0.00010613748426505644
ArmandVervaeck,0.00025075225677031093,0.0,7.349677758179049e-05,0.00010613748426505644
shawncarelli,0.00025075225677031093,0.0,7.349677758179049e-05,0.00010613748426505644
seltzergenius,0.00025075225677031093,0.0,7.349677758179049e-05,0.00010613748426505644
Dan_A_Gillies,0.00025075225677031093,0.0,7.349677758179049e-05,0.00010613748426505644
mjgn92,0.00025075225677031093,0.0,7.349677758179049e-05,0.00010613748426505644
mkmg76,0.00025075225677031093,0.0,7.349677758179049e-05,0.00010613748426505644
CesareMontanari,0.00025075225677031093,0.0,7.349677758179049e-05,0.00010613748426505644
mileslaw2,0.00025075225677031093,0.0,7.349677758179049e-05,0.00010613748426505644
samhuppert,0.00025075225677031093,0.0,7.349677758179049e-05,0.00010613748426505644
salvatore514193,0.00025075225677031093,0.0,7.349677758179049e-05,0.00010613748426505644
BMdeezone,0.00025075225677031093,0.0,7.349677758179049e-05,0.00010613748426505644
heiyo_xx,0.00025075225677031093,0.0,7.349677758179049e-05,0.00010613748426505644
helloitstanya98,0.00025075225677031093,0.0,7.349677758179049e-05,0.00010613748426505644
hcf64,0.00025075225677031093,0.0,7.349677758179049e-05,0.00010613748426505644
hdjsimonet,0.00025075225677031093,0.0,7.349677758179049e-05,0.00010613748426505644
slaba_martin,0.00025075225677031093,0.0,7.349677758179049e-05,0.00010613748426505644
SirToivonen,0.00025075225677031093,0.0,7.349677758179049e-05,0.00010613748426505644
Shirley11200,0.00025075225677031093,0.0,7.349677758179049e-05,0.00010613748426505644
Tytalus7,0.00025075225677031093,0.0,7.349677758179049e-05,0.00010613748426505644
UpupupEth,0.00025075225677031093,0.0,7.349677758179049e-05,0.00010613748426505644
DrevetCyril,0.00025075225677031093,0.0,7.349677758179049e-05,0.00010613748426505644
Drew29844265,0.00025075225677031093,0.0,7.349677758179049e-05,0.00010613748426505644
GregHowell1,0.00025075225677031093,0.0,7.349677758179049e-05,0.00010613748426505644
captcryptofella,0.00025075225677031093,0.0,7.349677758179049e-05,0.00010613748426505644
cameracoz,0.00025075225677031093,0.0,7.349677758179049e-05,0.00010613748426505644
hengchiu,0.00025075225677031093,0.0,7.349677758179049e-05,0.00010613748426505644
CharlieBankens,0.00025075225677031093,0.0,7.349677758179049e-05,0.00010613748426505644
Kenneth_Thomsen,0.00025075225677031093,0.0,7.349677758179049e-05,0.00010613748426505644
Karthik48966191,0.00025075225677031093,0.0,7.349677758179049e-05,0.00010613748426505644
KathleenComas,0.00025075225677031093,0.0,7.349677758179049e-05,0.00010613748426505644
IronMan198XAD,0.00025075225677031093,0.0,7.349677758179049e-05,0.00010613748426505644
TReviewr,0.00025075225677031093,0.0,7.349677758179049e-05,0.00010613748426505644
TJIRISH53,0.00025075225677031093,0.0,7.349677758179049e-05,0.00010613748426505644
LynnE08249713,0.00025075225677031093,0.0,7.349677758179049e-05,0.00010613748426505644
Kikarasu,0.00025075225677031093,0.0,7.349677758179049e-05,0.00010613748426505644
TEE90525016,0.00025075225677031093,0.0,7.349677758179049e-05,0.00010613748426505644
Bauchnabelzwerg,0.00025075225677031093,0.0,7.349677758179049e-05,0.00010613748426505644
rizwansheikh83,0.00025075225677031093,0.0,7.349677758179049e-05,0.00010613748426505644
retrofitlife21,0.00025075225677031093,0.0,7.349677758179049e-05,0.00010613748426505644
rick1276zep,0.00025075225677031093,0.0,7.349677758179049e-05,0.00010613748426505644
rickcatino,0.00025075225677031093,0.0,7.349677758179049e-05,0.00010613748426505644
DrPrade92714565,0.00025075225677031093,0.0,7.349677758179049e-05,0.00010613748426505644
MaasdamNoel,0.00025075225677031093,0.0,7.349677758179049e-05,0.00010613748426505644
MJ88576770,0.00025075225677031093,0.0,7.349677758179049e-05,0.00010613748426505644
MJH_triathlon,0.00025075225677031093,0.0,7.349677758179049e-05,0.00010613748426505644
budoong2papa,0.00025075225677031093,0.0,7.349677758179049e-05,0.00010613748426505644
brunosilva,0.00025075225677031093,0.0,7.349677758179049e-05,0.00010613748426505644
BerndxMay,0.00025075225677031093,0.0,7.349677758179049e-05,0.00010613748426505644
BenjaminWMitch,0.00025075225677031093,0.0,7.349677758179049e-05,0.00010613748426505644
Swissiws1,0.00025075225677031093,0.0,7.349677758179049e-05,0.00010613748426505644
Syzrgy101,0.00025075225677031093,0.0,7.349677758179049e-05,0.00010613748426505644
SweeperSolana,0.00025075225677031093,0.0,7.349677758179049e-05,0.00010613748426505644
riobadar,0.00025075225677031093,0.0,7.349677758179049e-05,0.00010613748426505644
reichfrancois,0.00025075225677031093,0.0,7.349677758179049e-05,0.00010613748426505644
re11ddy,0.00025075225677031093,0.0,7.349677758179049e-05,0.00010613748426505644
rashidmalic,0.00025075225677031093,0.0,7.349677758179049e-05,0.00010613748426505644
rasputin_LG2,0.00025075225677031093,0.0,7.349677758179049e-05,0.00010613748426505644
Luckyman_1108,0.00025075225677031093,0.0,7.349677758179049e-05,0.00010613748426505644
redjokerzero,0.00025075225677031093,0.0,7.349677758179049e-05,0.00010613748426505644
KorayOztumer,0.00025075225677031093,0.0,7.349677758179049e-05,0.00010613748426505644
KosareIndia,0.00025075225677031093,0.0,7.349677758179049e-05,0.00010613748426505644
TomTalksCars,0.00025075225677031093,0.0,7.349677758179049e-05,0.00010613748426505644
Tom_Kuster,0.00025075225677031093,0.0,7.349677758179049e-05,0.00010613748426505644
nfrydenholm,0.00025075225677031093,0.0,7.349677758179049e-05,0.00010613748426505644
TXTweat,0.00025075225677031093,0.0,7.349677758179049e-05,0.00010613748426505644
as38263772,0.00025075225677031093,0.0,7.349677758179049e-05,0.00010613748426505644
mudalyfx,0.00025075225677031093,0.0,7.349677758179049e-05,0.00010613748426505644
mr_merm,0.00025075225677031093,0.0,7.349677758179049e-05,0.00010613748426505644
mordent,0.00025075225677031093,0.0,7.349677758179049e-05,0.00010613748426505644
mondestereo,0.00025075225677031093,0.0,7.349677758179049e-05,0.00010613748426505644
TweetOfSteiner,0.00025075225677031093,0.0,7.349677758179049e-05,0.00010613748426505644
TutwilersR,0.00025075225677031093,0.0,7.349677758179049e-05,0.00010613748426505644
KimCJorgensen,0.00025075225677031093,0.0,7.349677758179049e-05,0.00010613748426505644
TackyKakiSan,0.00025075225677031093,0.0,7.349677758179049e-05,0.00010613748426505644
TactiCoolMemes,0.00025075225677031093,0.0,7.349677758179049e-05,0.00010613748426505644
TS_model3_RWD,0.00025075225677031093,0.0,7.349677758179049e-05,0.00010613748426505644
Deepakn29115178,0.00025075225677031093,0.0,7.349677758179049e-05,0.00010613748426505644
bobbypanos,0.00025075225677031093,0.0,7.349677758179049e-05,0.00010613748426505644
bonoda,0.00025075225677031093,0.0,7.349677758179049e-05,0.00010613748426505644
huffypufy,0.00025075225677031093,0.0,7.349677758179049e-05,0.00010613748426505644
hsrgood,0.00025075225677031093,0.0,7.349677758179049e-05,0.00010613748426505644
hoofhrtd1254,0.00025075225677031093,0.0,7.349677758179049e-05,0.00010613748426505644
Hodlep,0.00025075225677031093,0.0,7.349677758179049e-05,0.00010613748426505644
Hexpressor,0.00025075225677031093,0.0,7.349677758179049e-05,0.00010613748426505644
MamieSelman,0.00025075225677031093,0.0,7.349677758179049e-05,0.00010613748426505644
Suedous,0.00025075225677031093,0.0,7.349677758179049e-05,0.00010613748426505644
rocketlaunch997,0.00025075225677031093,0.0,7.349677758179049e-05,0.00010613748426505644
realrandingo,0.00025075225677031093,0.0,7.349677758179049e-05,0.00010613748426505644
DonnaVeVa,0.00025075225677031093,0.0,7.349677758179049e-05,0.00010613748426505644
SteveTa10934199,0.00025075225677031093,0.0,7.349677758179049e-05,0.00010613748426505644
StephenGBucketz,0.00025075225677031093,0.0,7.349677758179049e-05,0.00010613748426505644
StealthyG,0.00025075225677031093,0.0,7.349677758179049e-05,0.00010613748426505644
StefanieKannen2,0.00025075225677031093,0.0,7.349677758179049e-05,0.00010613748426505644
HakeemA59823457,0.00025075225677031093,0.0,7.349677758179049e-05,0.00010613748426505644
rusty787711,0.00025075225677031093,0.0,7.349677758179049e-05,0.00010613748426505644
CapsuleCorp86,0.00025075225677031093,0.0,7.349677758179049e-05,0.00010613748426505644
CaptainKangaJew,0.00025075225677031093,0.0,7.349677758179049e-05,0.00010613748426505644
mohd_famy,0.00025075225677031093,0.0,7.349677758179049e-05,0.00010613748426505644
DogeNobody,0.00025075225677031093,0.0,7.349677758179049e-05,0.00010613748426505644
rocknrollrik_,0.00025075225677031093,0.0,7.349677758179049e-05,0.00010613748426505644
realchipman,0.00025075225677031093,0.0,7.349677758179049e-05,0.00010613748426505644
realcompi,0.00025075225677031093,0.0,7.349677758179049e-05,0.00010613748426505644
realemcdaniels,0.00025075225677031093,0.0,7.349677758179049e-05,0.00010613748426505644
realnametaken32,0.00025075225677031093,0.0,7.349677758179049e-05,0.00010613748426505644
ManiishankarJha,0.00025075225677031093,0.0,7.349677758179049e-05,0.00010613748426505644
Maliya_9,0.00025075225677031093,0.0,7.349677758179049e-05,0.00010613748426505644
bubak01,0.00025075225677031093,0.0,7.349677758179049e-05,0.00010613748426505644
Mark_Young05,0.00025075225677031093,0.0,7.349677758179049e-05,0.00010613748426505644
Donny_jhay,0.00025075225677031093,0.0,7.349677758179049e-05,0.00010613748426505644
hipcat5,0.00025075225677031093,0.0,7.349677758179049e-05,0.00010613748426505644
hgoldenberg1911,0.00025075225677031093,0.0,7.349677758179049e-05,0.00010613748426505644
brotonbp,0.00025075225677031093,0.0,7.349677758179049e-05,0.00010613748426505644
bunningtimothy,0.00025075225677031093,0.0,7.349677758179049e-05,0.00010613748426505644
burhansam,0.00025075225677031093,0.0,7.349677758179049e-05,0.00010613748426505644
jeffryhouse,0.00025075225677031093,0.0,7.349677758179049e-05,0.00010613748426505644
historyKehoe,0.00025075225677031093,0.0,7.349677758179049e-05,0.00010613748426505644
Donald75402899,0.00025075225677031093,0.0,7.349677758179049e-05,0.00010613748426505644
Donatweetme,0.00025075225677031093,0.0,7.349677758179049e-05,0.00010613748426505644
DonkeyJulio,0.00025075225677031093,0.0,7.349677758179049e-05,0.00010613748426505644
Hayford64065087,0.00025075225677031093,0.0,7.349677758179049e-05,0.00010613748426505644
StatumTransitur,0.00025075225677031093,0.0,7.349677758179049e-05,0.00010613748426505644
StartAInfecti0n,0.00025075225677031093,0.0,7.349677758179049e-05,0.00010613748426505644
Mark_Allen_P56,0.00025075225677031093,0.0,7.349677758179049e-05,0.00010613748426505644
himawa_9,0.00025075225677031093,0.0,7.349677758179049e-05,0.00010613748426505644
akaetorres2001,0.00012537612838515547,0.0,0.00022470254145662958,0.0001000572802989618
BrankaStajner,0.00012537612838515547,0.0,0.00018924127074352313,9.119196262068519e-05
caronazo,0.00012537612838515547,0.0,0.00018924127074352313,9.119196262068519e-05
yonkykong,0.00012537612838515547,0.0,0.00018597569140365723,9.037556778571871e-05
HermanToothr0t,0.00012537612838515547,0.0,0.00018597569140365723,9.037556778571871e-05
armandanox,0.00012537612838515547,0.0,0.00016264531770869328,8.454297436197773e-05
NihilistaH,0.00012537612838515547,0.0,0.00015819559384215337,8.343054339534275e-05
SimsBSims,0.00012537612838515547,0.0,0.00015796497719748666,8.337288923417608e-05
NebtuneFGC,0.00012537612838515547,0.0,0.00015635712372357325,8.297092586569772e-05
Pawel___K,0.00012537612838515547,0.0,0.00015378000003041665,8.232664494240857e-05
Bolt_Up_LA,0.00012537612838515547,0.0,0.0001454429698914417,8.024238740766484e-05
MichelleBrione7,0.00012537612838515547,0.0,0.0001454429698914417,8.024238740766484e-05
akshitsoni_,0.00012537612838515547,0.0,0.0001435502622577423,7.976921049923999e-05
SteelNicho,0.00012537612838515547,0.0,0.00013803346853170903,7.839001206773167e-05
mohittomar2008,0.00012537612838515547,0.0,0.00013604936467386344,7.789398610327027e-05
NikkiCatania,0.00012537612838515547,0.0,0.00013604936467386344,7.789398610327027e-05
freedomclub_tk,0.00012537612838515547,0.0,0.00013604936467386344,7.789398610327027e-05
driverminnie,0.00012537612838515547,0.0,0.00013604936467386344,7.789398610327027e-05
eallenderil,0.00012537612838515547,0.0,0.00013604936467386344,7.789398610327027e-05
simoneland69,0.00012537612838515547,0.0,0.00013604936467386344,7.789398610327027e-05
TESLA_ROBOTICS,0.00012537612838515547,0.0,0.00013604936467386344,7.789398610327027e-05
UltraXBT,0.00012537612838515547,0.0,0.00013604936467386344,7.789398610327027e-05
MonikaHerrmann1,0.00012537612838515547,0.0,0.00013604936467386344,7.789398610327027e-05
YaOnlyLivvOnce,0.00012537612838515547,0.0,0.00013604936467386344,7.789398610327027e-05
Shaykay1717,0.00012537612838515547,0.0,0.00013604936467386344,7.789398610327027e-05
SharePickers,0.00012537612838515547,0.0,0.00013604936467386344,7.789398610327027e-05
_donalphonso,0.00012537612838515547,0.0,0.00013604936467386344,7.789398610327027e-05
DanRather,0.00012537612838515547,0.0,0.00013604936467386344,7.789398610327027e-05
yummiehere,0.00012537612838515547,0.0,0.00013604936467386344,7.789398610327027e-05
shitpostverdade,0.00012537612838515547,0.0,0.00013604936467386344,7.789398610327027e-05
salegen,0.00012537612838515547,0.0,0.00013604936467386344,7.789398610327027e-05
eu_pedro_lucas_,0.00012537612838515547,0.0,0.00013604936467386344,7.789398610327027e-05
lindyli,0.00012537612838515547,0.0,0.00013604936467386344,7.789398610327027e-05
KiwiEV,0.00012537612838515547,0.0,0.00013604936467386344,7.789398610327027e-05
IamSaketJha,0.00012537612838515547,0.0,0.00013604936467386344,7.789398610327027e-05
ewarren,0.00012537612838515547,0.0,0.00013604936467386344,7.789398610327027e-05
siIIymonkey,0.00012537612838515547,0.0,0.00013604936467386344,7.789398610327027e-05
periclesukraine,0.00012537612838515547,0.0,0.00013604936467386344,7.789398610327027e-05
tass_agency,0.00012537612838515547,0.0,0.00013604936467386344,7.789398610327027e-05
level09,0.00012537612838515547,0.0,0.00013604936467386344,7.789398610327027e-05
Big_Buddy_Jape,0.00012537612838515547,0.0,0.00013604936467386344,7.789398610327027e-05
DismalGaming,0.00012537612838515547,0.0,0.00013604936467386344,7.789398610327027e-05
StanleyRoberts,0.00012537612838515547,0.0,0.00013604936467386344,7.789398610327027e-05
pedroluisflores,0.00012537612838515547,0.0,0.00013604936467386344,7.789398610327027e-05
euroyonetim,0.00012537612838515547,0.0,0.00013604936467386344,7.789398610327027e-05
BusinessmanLego,0.00012537612838515547,0.0,0.00013604936467386344,7.789398610327027e-05
olive_sleepy,0.00012537612838515547,0.0,0.00013604936467386344,7.789398610327027e-05
CBSNews,0.00012537612838515547,0.0,0.00013604936467386344,7.789398610327027e-05
tanyakanrl,0.00012537612838515547,0.0,0.00013604936467386344,7.789398610327027e-05
Elastic_minds,0.00012537612838515547,0.0,0.00013604936467386344,7.789398610327027e-05
SlawomiraR,0.00012537612838515547,0.0,0.00013604936467386344,7.789398610327027e-05
KantHolzKontor,0.00012537612838515547,0.0,0.00013604936467386344,7.789398610327027e-05
Bable321,0.00012537612838515547,0.0,0.00013604936467386344,7.789398610327027e-05
DanMilmo,0.00012537612838515547,0.0,0.00013604936467386344,7.789398610327027e-05
VoltInuOfficial,0.00012537612838515547,0.0,0.00013604936467386344,7.789398610327027e-05
aion_tesla,0.00012537612838515547,0.0,0.00013604936467386344,7.789398610327027e-05
HoeyberghsJeff,0.00012537612838515547,0.0,0.00013604936467386344,7.789398610327027e-05
KTRTRS,0.00012537612838515547,0.0,0.00013604936467386344,7.789398610327027e-05
Kpop_ctzen,0.00012537612838515547,0.0,0.00013604936467386344,7.789398610327027e-05
Phameland,0.00012537612838515547,0.0,0.00013604936467386344,7.789398610327027e-05
JfkQ17,0.00012537612838515547,0.0,0.00013604936467386344,7.789398610327027e-05
stoxo_official,0.00012537612838515547,0.0,0.00013604936467386344,7.789398610327027e-05
mmeganford,0.00012537612838515547,0.0,0.00013604936467386344,7.789398610327027e-05
Ouudiee,0.00012537612838515547,0.0,0.00013604936467386344,7.789398610327027e-05
rohanrgupta,0.00012537612838515547,0.0,0.00013604936467386344,7.789398610327027e-05
lorelostit,0.00012537612838515547,0.0,0.00013604936467386344,7.789398610327027e-05
awstar11,0.00012537612838515547,0.0,0.00013604936467386344,7.789398610327027e-05
BlackberryXRP,0.00012537612838515547,0.0,0.00013604936467386344,7.789398610327027e-05
StocksToTrade,0.00012537612838515547,0.0,0.00013604936467386344,7.789398610327027e-05
inkedtater,0.00012537612838515547,0.0,0.00013604936467386344,7.789398610327027e-05
v4mpself,0.00012537612838515547,0.0,0.00013604936467386344,7.789398610327027e-05
slideawcy,0.00012537612838515547,0.0,0.00013604936467386344,7.789398610327027e-05
3Stocksaday,0.00012537612838515547,0.0,0.00013604936467386344,7.789398610327027e-05
doehlerd85,0.00012537612838515547,0.0,0.00013604936467386344,7.789398610327027e-05
MoS_Investing,0.00012537612838515547,0.0,0.00013604936467386344,7.789398610327027e-05
OOCorreismo,0.00012537612838515547,0.0,0.00013604936467386344,7.789398610327027e-05
bits2read,0.00012537612838515547,0.0,0.00013604936467386344,7.789398610327027e-05
LeitoraCompuls2,0.00012537612838515547,0.0,0.00013604936467386344,7.789398610327027e-05
LincolnsBible,0.00012537612838515547,0.0,0.00013604936467386344,7.789398610327027e-05
Mollyjake3,0.00012537612838515547,0.0,0.00013604936467386344,7.789398610327027e-05
starsetsociety,0.00012537612838515547,0.0,0.00013604936467386344,7.789398610327027e-05
dokrugadvojke,0.00012537612838515547,0.0,0.00013604936467386344,7.789398610327027e-05
david_perell,0.00012537612838515547,0.0,0.00013604936467386344,7.789398610327027e-05
mattyglesias,0.00012537612838515547,0.0,0.00013604936467386344,7.789398610327027e-05
CheddarFlow,0.00012537612838515547,0.0,0.00013604936467386344,7.789398610327027e-05
thehalfmann,0.00012537612838515547,0.0,0.00013604936467386344,7.789398610327027e-05
Nighthawks37,0.00012537612838515547,0.0,0.00013604936467386344,7.789398610327027e-05
louv3nar,0.00012537612838515547,0.0,0.00013604936467386344,7.789398610327027e-05
GordonFong,0.00012537612838515547,0.0,0.00013604936467386344,7.789398610327027e-05
rogguronium,0.00012537612838515547,0.0,0.00013604936467386344,7.789398610327027e-05
FinFreeWizard,0.00012537612838515547,0.0,0.00013604936467386344,7.789398610327027e-05
get_innocuous,0.00012537612838515547,0.0,0.00013604936467386344,7.789398610327027e-05
XRP_Productions,0.00012537612838515547,0.0,0.00013604936467386344,7.789398610327027e-05
Giulia_B,0.00012537612838515547,0.0,0.00013604936467386344,7.789398610327027e-05
slashdot,0.00012537612838515547,0.0,0.00013604936467386344,7.789398610327027e-05
ElectriveNet,0.00012537612838515547,0.0,0.00013604936467386344,7.789398610327027e-05
JerryzVAL,0.00012537612838515547,0.0,0.00013604936467386344,7.789398610327027e-05
LeoniqueUnique,0.00012537612838515547,0.0,0.00013604936467386344,7.789398610327027e-05
Paracelsus1092,0.00012537612838515547,0.0,0.00013604936467386344,7.789398610327027e-05
ScottNations,0.00012537612838515547,0.0,0.00013604936467386344,7.789398610327027e-05
OttMBJ,0.00012537612838515547,0.0,0.00013604936467386344,7.789398610327027e-05
SueMassa256,0.00012537612838515547,0.0,0.00013604936467386344,7.789398610327027e-05
DayoAmusa,0.00012537612838515547,0.0,0.00013604936467386344,7.789398610327027e-05
Tim_Oldland,0.00012537612838515547,0.0,0.00013604936467386344,7.789398610327027e-05
notmrmanziel,0.00012537612838515547,0.0,0.00013604936467386344,7.789398610327027e-05
JimmyRock1978,0.00012537612838515547,0.0,0.00013604936467386344,7.789398610327027e-05
BBCWorld,0.00012537612838515547,0.0,0.00013604936467386344,7.789398610327027e-05
gancille,0.00012537612838515547,0.0,0.00013604936467386344,7.789398610327027e-05
siIicide,0.00012537612838515547,0.0,0.00013604936467386344,7.789398610327027e-05
StaffSausage,0.00012537612838515547,0.0,0.00013604936467386344,7.789398610327027e-05
ipoochai,0.00012537612838515547,0.0,0.00013604936467386344,7.789398610327027e-05
P0W3R_P0T4T0,0.00012537612838515547,0.0,0.00013604936467386344,7.789398610327027e-05
soypandoracr,0.00012537612838515547,0.0,0.00013604936467386344,7.789398610327027e-05
benitanov,0.00012537612838515547,0.0,0.00013604936467386344,7.789398610327027e-05
amahnke,0.00012537612838515547,0.0,0.00013604936467386344,7.789398610327027e-05
sarasahrah,0.00012537612838515547,0.0,0.00013604936467386344,7.789398610327027e-05
coal69420,0.00012537612838515547,0.0,0.00013604936467386344,7.789398610327027e-05
FrankLuntz,0.00012537612838515547,0.0,0.00013604936467386344,7.789398610327027e-05
Mov5Stelle,0.00012537612838515547,0.0,0.00013604936467386344,7.789398610327027e-05
IOL,0.00012537612838515547,0.0,0.00013604936467386344,7.789398610327027e-05
_Tesla_X,0.00012537612838515547,0.0,0.00013604936467386344,7.789398610327027e-05
TarheelKrystle,0.00012537612838515547,0.0,0.00013604936467386344,7.789398610327027e-05
mpoxDE,0.00012537612838515547,0.0,0.00013604936467386344,7.789398610327027e-05
UniversTesla,0.00012537612838515547,0.0,0.00013604936467386344,7.789398610327027e-05
juanbiter,0.00012537612838515547,0.0,0.00013604936467386344,7.789398610327027e-05
vrenxre,0.00012537612838515547,0.0,0.00013604936467386344,7.789398610327027e-05
Invesquotes,0.00012537612838515547,0.0,0.00013604936467386344,7.789398610327027e-05
GBNEWS,0.00012537612838515547,0.0,0.00013604936467386344,7.789398610327027e-05
RamzDizzle,0.00012537612838515547,0.0,0.00013604936467386344,7.789398610327027e-05
TontonRheddy,0.00012537612838515547,0.0,0.00013604936467386344,7.789398610327027e-05
aleynatilki,0.00012537612838515547,0.0,0.00013604936467386344,7.789398610327027e-05
kellyohgee,0.00012537612838515547,0.0,0.00013604936467386344,7.789398610327027e-05
raphschoen,0.00012537612838515547,0.0,0.00013604936467386344,7.789398610327027e-05
ThrashpandaAD,0.00012537612838515547,0.0,0.00013604936467386344,7.789398610327027e-05
KennethDredd,0.00012537612838515547,0.0,0.00013604936467386344,7.789398610327027e-05
Crypto_McKenna,0.00012537612838515547,0.0,0.00013604936467386344,7.789398610327027e-05
onlyvansz,0.00012537612838515547,0.0,0.00013604936467386344,7.789398610327027e-05
neontaster,0.00012537612838515547,0.0,0.00013604936467386344,7.789398610327027e-05
abhiandniyu,0.00012537612838515547,0.0,0.00013604936467386344,7.789398610327027e-05
stevanzetti,0.00012537612838515547,0.0,0.00013604936467386344,7.789398610327027e-05
BradMossEsq,0.00012537612838515547,0.0,0.00013604936467386344,7.789398610327027e-05
DrutangAtHome,0.00012537612838515547,0.0,0.00013604936467386344,7.789398610327027e-05
SteveVanBallz,0.00012537612838515547,0.0,0.00013604936467386344,7.789398610327027e-05
Viktorteslafan,0.00012537612838515547,0.0,0.00013604936467386344,7.789398610327027e-05
donmoyn,0.00012537612838515547,0.0,0.00013604936467386344,7.789398610327027e-05
WhaleCoinTalk,0.00012537612838515547,0.0,0.00013604936467386344,7.789398610327027e-05
montana_skeptic,0.00012537612838515547,0.0,0.00013604936467386344,7.789398610327027e-05
kpellegr,0.00012537612838515547,0.0,0.00013604936467386344,7.789398610327027e-05
sashayanshin,0.00012537612838515547,0.0,0.00013604936467386344,7.789398610327027e-05
twomegapixels,0.00012537612838515547,0.0,0.00013604936467386344,7.789398610327027e-05
anthagas,0.00012537612838515547,0.0,0.00013604936467386344,7.789398610327027e-05
FinitePhysicist,0.00012537612838515547,0.0,0.00013604936467386344,7.789398610327027e-05
SZ_Wirtschaft,0.00012537612838515547,0.0,0.00013604936467386344,7.789398610327027e-05
Simon4NDorset,0.00012537612838515547,0.0,0.00013604936467386344,7.789398610327027e-05
PoderJudicialEs,0.00012537612838515547,0.0,0.00013604936467386344,7.789398610327027e-05
KeiraSoleore,0.00012537612838515547,0.0,0.00013604936467386344,7.789398610327027e-05
gotymusic,0.00012537612838515547,0.0,0.00013604936467386344,7.789398610327027e-05
IncognitoTelugu,0.00012537612838515547,0.0,0.00013604936467386344,7.789398610327027e-05
espiers,0.00012537612838515547,0.0,0.00013604936467386344,7.789398610327027e-05
Retrogamebrews,0.00012537612838515547,0.0,0.00013604936467386344,7.789398610327027e-05
JJ_McCullough,0.00012537612838515547,0.0,0.00013604936467386344,7.789398610327027e-05
TheDogeOfSwabia,0.00012537612838515547,0.0,0.00013604936467386344,7.789398610327027e-05
Srnunez1023,0.00012537612838515547,0.0,0.00013604936467386344,7.789398610327027e-05
mikuroQ,0.00012537612838515547,0.0,0.00013604936467386344,7.789398610327027e-05
truthpluslogic,0.00012537612838515547,0.0,0.00013604936467386344,7.789398610327027e-05
lucolinga,0.00012537612838515547,0.0,0.00013604936467386344,7.789398610327027e-05
fallinlovia,0.00012537612838515547,0.0,0.00013604936467386344,7.789398610327027e-05
terskaplumbaa,0.00012537612838515547,0.0,0.00013604936467386344,7.789398610327027e-05
CNBCtech,0.00012537612838515547,0.0,0.00013604936467386344,7.789398610327027e-05
quineatal,0.00012537612838515547,0.0,0.00013604936467386344,7.789398610327027e-05
toshiki_tesla,0.00012537612838515547,0.0,0.00013604936467386344,7.789398610327027e-05
Investeraren,0.00012537612838515547,0.0,0.00013604936467386344,7.789398610327027e-05
CastleLiteTz,0.00012537612838515547,0.0,0.00013604936467386344,7.789398610327027e-05
SoozUK,0.00012537612838515547,0.0,0.00013604936467386344,7.789398610327027e-05
DeMonReymon,0.00012537612838515547,0.0,0.00013604936467386344,7.789398610327027e-05
lfguerreiro,0.00012537612838515547,0.0,0.00013604936467386344,7.789398610327027e-05
TIME,0.00012537612838515547,0.0,0.00013604936467386344,7.789398610327027e-05
tradebani,0.00012537612838515547,0.0,0.00013604936467386344,7.789398610327027e-05
BZ_NachtFloh,0.00012537612838515547,0.0,0.00013604936467386344,7.789398610327027e-05
Hammy_VII,0.00012537612838515547,0.0,0.00013604936467386344,7.789398610327027e-05
skeletired,0.00012537612838515547,0.0,0.00013604936467386344,7.789398610327027e-05
stilgherrian,0.00012537612838515547,0.0,0.00013604936467386344,7.789398610327027e-05
jungleincxrp,0.00012537612838515547,0.0,0.00013604936467386344,7.789398610327027e-05
Kanya51437164,0.00012537612838515547,0.0,0.00013604936467386344,7.789398610327027e-05
AmeerHussainn,0.00012537612838515547,0.0,0.00013604936467386344,7.789398610327027e-05
FEMarkets,0.00012537612838515547,0.0,0.00013604936467386344,7.789398610327027e-05
farzyness,0.00012537612838515547,0.0,0.00013604936467386344,7.789398610327027e-05
AfarWatch,0.00012537612838515547,0.0,0.00013604936467386344,7.789398610327027e-05
JenBridgesRD,0.00012537612838515547,0.0,0.00013604936467386344,7.789398610327027e-05
Rosa_Torrens2,0.00012537612838515547,0.0,0.00013604936467386344,7.789398610327027e-05
CelticNotorious,0.00012537612838515547,0.0,0.00013604936467386344,7.789398610327027e-05
patentjt,0.00012537612838515547,0.0,0.00013604936467386344,7.789398610327027e-05
ThePapageorgio,0.00012537612838515547,0.0,0.00013604936467386344,7.789398610327027e-05
hamandcheese,0.00012537612838515547,0.0,0.00013604936467386344,7.789398610327027e-05
EuromaidanPress,0.00012537612838515547,0.0,0.00013604936467386344,7.789398610327027e-05
stelarosa555555,0.00012537612838515547,0.0,0.00013604936467386344,7.789398610327027e-05
putey_pute,0.00012537612838515547,0.0,0.00013604936467386344,7.789398610327027e-05
LeaBlackMiami,0.00012537612838515547,0.0,0.00013604936467386344,7.789398610327027e-05
AntiCyclingFB,0.00012537612838515547,0.0,0.00013604936467386344,7.789398610327027e-05
krizdabz,0.00012537612838515547,0.0,0.00013604936467386344,7.789398610327027e-05
TheInsiderPaper,0.00012537612838515547,0.0,0.00013604936467386344,7.789398610327027e-05
NASASpaceflight,0.00012537612838515547,0.0,0.00013604936467386344,7.789398610327027e-05
Philly4x4,0.00012537612838515547,0.0,0.00013604936467386344,7.789398610327027e-05
garrytan,0.00012537612838515547,0.0,0.00013604936467386344,7.789398610327027e-05
Schellevis,0.00012537612838515547,0.0,0.00013604936467386344,7.789398610327027e-05
Ronniemarkets,0.00012537612838515547,0.0,0.00013604936467386344,7.789398610327027e-05
David_Tracey,0.00012537612838515547,0.0,0.00013604936467386344,7.789398610327027e-05
AuteroMiia,0.00012537612838515547,0.0,0.00013604936467386344,7.789398610327027e-05
BapsiBoban,0.00012537612838515547,0.0,0.00013604936467386344,7.789398610327027e-05
nitropolit,0.00012537612838515547,0.0,0.00013604936467386344,7.789398610327027e-05
OASCIG,0.00012537612838515547,0.0,0.00013604936467386344,7.789398610327027e-05
EnergyOfOz,0.00012537612838515547,0.0,0.00013604936467386344,7.789398610327027e-05
SBoramie,0.00012537612838515547,0.0,0.00013604936467386344,7.789398610327027e-05
mattysino,0.00012537612838515547,0.0,0.00013604936467386344,7.789398610327027e-05
SmokingWolfiez,0.00012537612838515547,0.0,0.00013604936467386344,7.789398610327027e-05
DoganinPesinde,0.00012537612838515547,0.0,0.00013604936467386344,7.789398610327027e-05
suphannahrucker,0.00012537612838515547,0.0,0.00013604936467386344,7.789398610327027e-05
ShibPuppy,0.00012537612838515547,0.0,0.00013604936467386344,7.789398610327027e-05
violet__punk,0.00012537612838515547,0.0,0.00013604936467386344,7.789398610327027e-05
porqueTTLiberal,0.00012537612838515547,0.0,0.00013604936467386344,7.789398610327027e-05
TracyTTID1882,0.00012537612838515547,0.0,0.00013604936467386344,7.789398610327027e-05
AKurkov,0.00012537612838515547,0.0,0.00013604936467386344,7.789398610327027e-05
DIEZEIT,0.00012537612838515547,0.0,0.00013604936467386344,7.789398610327027e-05
WalterJLindner,0.00012537612838515547,0.0,0.00013604936467386344,7.789398610327027e-05
InertialObservr,0.00012537612838515547,0.0,0.00013604936467386344,7.789398610327027e-05
LetsRockDD,0.00012537612838515547,0.0,0.00013604936467386344,7.789398610327027e-05
ludenbercg,0.00012537612838515547,0.0,0.00013604936467386344,7.789398610327027e-05
marijuannya,0.00012537612838515547,0.0,0.00013604936467386344,7.789398610327027e-05
SaysPhilippe,0.00012537612838515547,0.0,0.00013604936467386344,7.789398610327027e-05
spurs_four,0.00012537612838515547,0.0,0.00013604936467386344,7.789398610327027e-05
IGFrance,0.00012537612838515547,0.0,0.00013604936467386344,7.789398610327027e-05
Olumide_Gbenro,0.00012537612838515547,0.0,0.00013604936467386344,7.789398610327027e-05
ai__TESLA,0.00012537612838515547,0.0,0.00013604936467386344,7.789398610327027e-05
ianbremmer,0.00012537612838515547,0.0,0.00013604936467386344,7.789398610327027e-05
LauraKaupas,0.00012537612838515547,0.0,0.00013604936467386344,7.789398610327027e-05
jordancicchelli,0.00012537612838515547,0.0,0.00013604936467386344,7.789398610327027e-05
buzzatc,0.00012537612838515547,0.0,0.00013604936467386344,7.789398610327027e-05
OG3Wayne,0.00012537612838515547,0.0,0.00013604936467386344,7.789398610327027e-05
oojiojiooo,0.00012537612838515547,0.0,0.00013604936467386344,7.789398610327027e-05
RitaPanahi,0.00012537612838515547,0.0,0.00013604936467386344,7.789398610327027e-05
B_helpdesk,0.00012537612838515547,0.0,0.00013604936467386344,7.789398610327027e-05
goonmindset,0.00012537612838515547,0.0,0.00013604936467386344,7.789398610327027e-05
Seigi_IcorEos,0.00012537612838515547,0.0,0.00013604936467386344,7.789398610327027e-05
BusinessFamous,0.00012537612838515547,0.0,0.00013604936467386344,7.789398610327027e-05
michaelianblack,0.00012537612838515547,0.0,0.00013604936467386344,7.789398610327027e-05
fesshole,0.00012537612838515547,0.0,0.00013604936467386344,7.789398610327027e-05
bitcoinagile,0.00012537612838515547,0.0,0.00013604936467386344,7.789398610327027e-05
yoloption,0.00012537612838515547,0.0,0.00013604936467386344,7.789398610327027e-05
disaacarmen,0.00012537612838515547,0.0,0.00013604936467386344,7.789398610327027e-05
MDXcrypto,0.00012537612838515547,0.0,0.00013604936467386344,7.789398610327027e-05
AVONBRANDT,0.00012537612838515547,0.0,0.00013604936467386344,7.789398610327027e-05
222corn,0.00012537612838515547,0.0,0.00013604936467386344,7.789398610327027e-05
ohshidt,0.00012537612838515547,0.0,0.00013604936467386344,7.789398610327027e-05
newscentermaine,0.00012537612838515547,0.0,0.00013604936467386344,7.789398610327027e-05
BoraKonj,0.00012537612838515547,0.0,0.00013604936467386344,7.789398610327027e-05
ISQUEEN__,0.00012537612838515547,0.0,0.00013604936467386344,7.789398610327027e-05
AmaioAlfred,0.00012537612838515547,0.0,0.00013604936467386344,7.789398610327027e-05
FVDamsterdam,0.00012537612838515547,0.0,0.00013604936467386344,7.789398610327027e-05
Klingebeil,0.00012537612838515547,0.0,0.00013604936467386344,7.789398610327027e-05
MariahScientist,0.00012537612838515547,0.0,0.00013604936467386344,7.789398610327027e-05
SenStabenow,0.00012537612838515547,0.0,0.00013604936467386344,7.789398610327027e-05
Franktheshank88,0.00012537612838515547,0.0,0.00013604936467386344,7.789398610327027e-05
molsjames,0.00012537612838515547,0.0,0.00013604936467386344,7.789398610327027e-05
maumo_emmanuel,0.00012537612838515547,0.0,0.00013604936467386344,7.789398610327027e-05
GaloLaraY,0.00012537612838515547,0.0,0.00013604936467386344,7.789398610327027e-05
TheTurksNFT,0.00012537612838515547,0.0,0.00013604936467386344,7.789398610327027e-05
davidhazony,0.00012537612838515547,0.0,0.00013604936467386344,7.789398610327027e-05
UberAbdul,0.00012537612838515547,0.0,0.00013604936467386344,7.789398610327027e-05
Cointelegraph,0.00012537612838515547,0.0,0.00013604936467386344,7.789398610327027e-05
barnapkins,0.00012537612838515547,0.0,0.00013604936467386344,7.789398610327027e-05
CNNIndonesia,0.00012537612838515547,0.0,0.00013604936467386344,7.789398610327027e-05
SeaRaptor,0.00012537612838515547,0.0,0.00013604936467386344,7.789398610327027e-05
yianderm,0.00012537612838515547,0.0,0.00013604936467386344,7.789398610327027e-05
EnronChairman,0.00012537612838515547,0.0,0.00013604936467386344,7.789398610327027e-05
GAZILLl0N_EAR,0.00012537612838515547,0.0,0.00013604936467386344,7.789398610327027e-05
RabbitThoughts,0.00012537612838515547,0.0,0.00013604936467386344,7.789398610327027e-05
timmyotoole23,0.00012537612838515547,0.0,0.00013604936467386344,7.789398610327027e-05
Miss_U_Gram,0.00012537612838515547,0.0,0.00013604936467386344,7.789398610327027e-05
thefancyhatlady,0.00012537612838515547,0.0,0.00013604936467386344,7.789398610327027e-05
buccocapital,0.00012537612838515547,0.0,0.00013604936467386344,7.789398610327027e-05
frautaufenbach,0.00012537612838515547,0.0,0.00013604936467386344,7.789398610327027e-05
TulsiGabbard,0.00012537612838515547,0.0,0.00013604936467386344,7.789398610327027e-05
BCBrownell,0.00012537612838515547,0.0,0.00013604936467386344,7.789398610327027e-05
liputan6dotcom,0.00012537612838515547,0.0,0.00013604936467386344,7.789398610327027e-05
jenkellyjen,0.00012537612838515547,0.0,0.00013604936467386344,7.789398610327027e-05
ufob0t,0.00012537612838515547,0.0,0.00013604936467386344,7.789398610327027e-05
Astronomiaum,0.00012537612838515547,0.0,0.00013604936467386344,7.789398610327027e-05
juleafrustrada,0.00012537612838515547,0.0,0.00013604936467386344,7.789398610327027e-05
Pat77432407,0.00012537612838515547,0.0,0.00013604936467386344,7.789398610327027e-05
justinbaragona,0.00012537612838515547,0.0,0.00013604936467386344,7.789398610327027e-05
notaxyy,0.00012537612838515547,0.0,0.00013604936467386344,7.789398610327027e-05
roxyy603,0.00012537612838515547,0.0,0.00013604936467386344,7.789398610327027e-05
JoyAnnReid,0.00012537612838515547,0.0,0.00013604936467386344,7.789398610327027e-05
Tesla_Tec,0.00012537612838515547,0.0,0.00013604936467386344,7.789398610327027e-05
opinion_left,0.00012537612838515547,0.0,0.00013604936467386344,7.789398610327027e-05
DonaldGoldKY,0.00012537612838515547,0.0,0.00013604936467386344,7.789398610327027e-05
MusingsEv,0.00012537612838515547,0.0,0.00013604936467386344,7.789398610327027e-05
GoldenerAluhut,0.00012537612838515547,0.0,0.00013604936467386344,7.789398610327027e-05
Ushimimi,0.00012537612838515547,0.0,0.00013604936467386344,7.789398610327027e-05
HarmlessYardDog,0.00012537612838515547,0.0,0.00013604936467386344,7.789398610327027e-05
tesla_community,0.00012537612838515547,0.0,0.00013604936467386344,7.789398610327027e-05
ravjoeI,0.00012537612838515547,0.0,0.00013604936467386344,7.789398610327027e-05
funwithnumberz,0.00012537612838515547,0.0,0.00013604936467386344,7.789398610327027e-05
derspiegel,0.00012537612838515547,0.0,0.00013604936467386344,7.789398610327027e-05
GustavoBolsa,0.00012537612838515547,0.0,0.00013604936467386344,7.789398610327027e-05
AnteKova7,0.00012537612838515547,0.0,0.00013604936467386344,7.789398610327027e-05
Mseelah1,0.00012537612838515547,0.0,0.00013604936467386344,7.789398610327027e-05
caseofdees,0.00012537612838515547,0.0,0.00013604936467386344,7.789398610327027e-05
Minami_mata,0.00012537612838515547,0.0,0.00013604936467386344,7.789398610327027e-05
JhinSpace,0.00012537612838515547,0.0,0.00013604936467386344,7.789398610327027e-05
younesbelfellah,0.00012537612838515547,0.0,0.00013604936467386344,7.789398610327027e-05
dmrdntrk,0.00012537612838515547,0.0,0.00013604936467386344,7.789398610327027e-05
AlertaNews24,0.00012537612838515547,0.0,0.00013604936467386344,7.789398610327027e-05
VedaPrime,0.00012537612838515547,0.0,0.00013604936467386344,7.789398610327027e-05
dorcolsamodorco,0.00012537612838515547,0.0,0.00013604936467386344,7.789398610327027e-05
BlackLabelAdvsr,0.00012537612838515547,0.0,0.00013604936467386344,7.789398610327027e-05
NicktheGatorfin,0.00012537612838515547,0.0,0.00013604936467386344,7.789398610327027e-05
kamkar7,0.00012537612838515547,0.0,0.00013604936467386344,7.789398610327027e-05
zerrin_nergis,0.00012537612838515547,0.0,0.00013604936467386344,7.789398610327027e-05
abeerong,0.00012537612838515547,0.0,0.00013604936467386344,7.789398610327027e-05
TheLilyCroft,0.00012537612838515547,0.0,0.00013604936467386344,7.789398610327027e-05
JohnEDeaton1,0.00012537612838515547,0.0,0.00013604936467386344,7.789398610327027e-05
schlxmazel,0.00012537612838515547,0.0,0.00013604936467386344,7.789398610327027e-05
Maks_Tesla,0.00012537612838515547,0.0,0.00013604936467386344,7.789398610327027e-05
themodernnmom,0.00012537612838515547,0.0,0.00013604936467386344,7.789398610327027e-05
Jinbei_inu,0.00012537612838515547,0.0,0.00013604936467386344,7.789398610327027e-05
papa4c_tesla,0.00012537612838515547,0.0,0.00013604936467386344,7.789398610327027e-05
stephagida,0.00012537612838515547,0.0,0.00013604936467386344,7.789398610327027e-05
TruthRaider1,0.00012537612838515547,0.0,0.00013604936467386344,7.789398610327027e-05
Morcia,0.00012537612838515547,0.0,0.00013604936467386344,7.789398610327027e-05
backtolife_2023,0.00012537612838515547,0.0,0.00013604936467386344,7.789398610327027e-05
sachinvats,0.00012537612838515547,0.0,0.00013604936467386344,7.789398610327027e-05
museumofscience,0.00012537612838515547,0.0,0.00013604936467386344,7.789398610327027e-05
tesla_alien,0.00012537612838515547,0.0,0.00013604936467386344,7.789398610327027e-05
jimmyrunsmoney,0.00012537612838515547,0.0,0.00013604936467386344,7.789398610327027e-05
mishika_chamria,0.00012537612838515547,0.0,0.00013604936467386344,7.789398610327027e-05
MarketWatch,0.00012537612838515547,0.0,0.00013604936467386344,7.789398610327027e-05
Slaba_Vajda,0.00012537612838515547,0.0,0.00013604936467386344,7.789398610327027e-05
TheRealWillBoss,0.00012537612838515547,0.0,0.00013604936467386344,7.789398610327027e-05
RichardHeartWin,0.00012537612838515547,0.0,0.00013604936467386344,7.789398610327027e-05
edithbrou,0.00012537612838515547,0.0,0.00013604936467386344,7.789398610327027e-05
Karl_Lauterbach,0.00012537612838515547,0.0,0.00013604936467386344,7.789398610327027e-05
TxFreedomCaucus,0.00012537612838515547,0.0,0.00013604936467386344,7.789398610327027e-05
AndresChiriEC,0.00012537612838515547,0.0,0.00013604936467386344,7.789398610327027e-05
BigCheds,0.00012537612838515547,0.0,0.00013604936467386344,7.789398610327027e-05
lemondefr,0.00012537612838515547,0.0,0.00013604936467386344,7.789398610327027e-05
wd_taha2,0.00012537612838515547,0.0,0.00013604936467386344,7.789398610327027e-05
ExoAcademian,0.00012537612838515547,0.0,0.00013604936467386344,7.789398610327027e-05
weirddalle,0.00012537612838515547,0.0,0.00013604936467386344,7.789398610327027e-05
drizzy0_0,0.00012537612838515547,0.0,0.00013604936467386344,7.789398610327027e-05
Matchbox3a,0.00012537612838515547,0.0,0.00013604936467386344,7.789398610327027e-05
Dennis_be_here,0.00012537612838515547,0.0,0.00013604936467386344,7.789398610327027e-05
LDDLP_Podcast,0.00012537612838515547,0.0,0.00013604936467386344,7.789398610327027e-05
RodriguezManuel,0.00012537612838515547,0.0,0.00013604936467386344,7.789398610327027e-05
amoyiesailo,0.00012537612838515547,0.0,0.00013604936467386344,7.789398610327027e-05
Relly_95,0.00012537612838515547,0.0,0.00013604936467386344,7.789398610327027e-05
tomfgoodwin,0.00012537612838515547,0.0,0.00013604936467386344,7.789398610327027e-05
TheGrefg,0.00012537612838515547,0.0,0.00013604936467386344,7.789398610327027e-05
bozu_108,0.00012537612838515547,0.0,0.00013604936467386344,7.789398610327027e-05
TheDadAbides420,0.00012537612838515547,0.0,0.00013604936467386344,7.789398610327027e-05
story_journal,0.00012537612838515547,0.0,0.00013604936467386344,7.789398610327027e-05
DavidCo64134059,0.00012537612838515547,0.0,0.00013604936467386344,7.789398610327027e-05
cathsbruv,0.00012537612838515547,0.0,0.00013604936467386344,7.789398610327027e-05
HatoETH,0.00012537612838515547,0.0,0.00013604936467386344,7.789398610327027e-05
BriefcaseMike,0.00012537612838515547,0.0,0.00013604936467386344,7.789398610327027e-05
podsmokvom,0.00012537612838515547,0.0,0.00013604936467386344,7.789398610327027e-05
convomfs,0.00012537612838515547,0.0,0.00013604936467386344,7.789398610327027e-05
BobLaxative,0.00012537612838515547,0.0,0.00013604936467386344,7.789398610327027e-05
Investingcom,0.00012537612838515547,0.0,0.00013604936467386344,7.789398610327027e-05
saeedasgharkha0,0.00012537612838515547,0.0,0.00013604936467386344,7.789398610327027e-05
shivon,0.00012537612838515547,0.0,0.00013604936467386344,7.789398610327027e-05
DarthInvestor1,0.00012537612838515547,0.0,0.00013604936467386344,7.789398610327027e-05
gunsnrosesgirl3,0.00012537612838515547,0.0,0.00013604936467386344,7.789398610327027e-05
skovmand,0.00012537612838515547,0.0,0.00013604936467386344,7.789398610327027e-05
jadedcreative,0.00012537612838515547,0.0,0.00013604936467386344,7.789398610327027e-05
Martin_H22,0.00012537612838515547,0.0,0.00013604936467386344,7.789398610327027e-05
microcerotis,0.00012537612838515547,0.0,0.00013604936467386344,7.789398610327027e-05
T0d_it,0.00012537612838515547,0.0,0.00013604936467386344,7.789398610327027e-05
IndiHomeCare,0.00012537612838515547,0.0,0.00013604936467386344,7.789398610327027e-05
SrdjanPrekovic3,0.00012537612838515547,0.0,0.00013604936467386344,7.789398610327027e-05
yanafqxh,0.00012537612838515547,0.0,0.00013604936467386344,7.789398610327027e-05
ClioBiblioteca,0.00012537612838515547,0.0,0.00013604936467386344,7.789398610327027e-05
TheMoonNaty,0.00012537612838515547,0.0,0.00013604936467386344,7.789398610327027e-05
moshabella,0.00012537612838515547,0.0,0.00013604936467386344,7.789398610327027e-05
gutyggs,0.00012537612838515547,0.0,0.00013604936467386344,7.789398610327027e-05
brawngpf1team,0.00012537612838515547,0.0,0.00013604936467386344,7.789398610327027e-05
tec_world_,0.00012537612838515547,0.0,0.00013604936467386344,7.789398610327027e-05
TXMichelle_Cruz,0.00012537612838515547,0.0,0.00013604936467386344,7.789398610327027e-05
thuhkang,0.00012537612838515547,0.0,0.00013604936467386344,7.789398610327027e-05
nastrondscourge,0.00012537612838515547,0.0,0.00013604936467386344,7.789398610327027e-05
spermifex,0.00012537612838515547,0.0,0.00013604936467386344,7.789398610327027e-05
Gucho_milz,0.00012537612838515547,0.0,0.00013604936467386344,7.789398610327027e-05
elix007,0.00012537612838515547,0.0,0.00013604936467386344,7.789398610327027e-05
alexeheath,0.00012537612838515547,0.0,0.00013604936467386344,7.789398610327027e-05
TheEmoDragon,0.00012537612838515547,0.0,0.00013604936467386344,7.789398610327027e-05
yqmino,0.00012537612838515547,0.0,0.00013604936467386344,7.789398610327027e-05
Kid_Sandens,0.00012537612838515547,0.0,0.00013604936467386344,7.789398610327027e-05
LaurentBibas,0.00012537612838515547,0.0,0.00013604936467386344,7.789398610327027e-05
JensZSPD,0.00012537612838515547,0.0,0.00013604936467386344,7.789398610327027e-05
realTuckFrumper,0.00012537612838515547,0.0,0.00013604936467386344,7.789398610327027e-05
drishtiispeaks,0.00012537612838515547,0.0,0.00013604936467386344,7.789398610327027e-05
jenigg4,0.00012537612838515547,0.0,0.00013604936467386344,7.789398610327027e-05
momtina8888,0.00012537612838515547,0.0,0.00013604936467386344,7.789398610327027e-05
williedontmiss,0.00012537612838515547,0.0,0.00013604936467386344,7.789398610327027e-05
Davidovskij,0.00012537612838515547,0.0,0.00013604936467386344,7.789398610327027e-05
JustinScerini,0.00012537612838515547,0.0,0.00013604936467386344,7.789398610327027e-05
mdbell79,0.00012537612838515547,0.0,0.00013604936467386344,7.789398610327027e-05
mikegapinski,0.00012537612838515547,0.0,0.00013604936467386344,7.789398610327027e-05
eIomumsk,0.00012537612838515547,0.0,0.00013604936467386344,7.789398610327027e-05
TheCryptoLark,0.00012537612838515547,0.0,0.00013604936467386344,7.789398610327027e-05
madiator,0.00012537612838515547,0.0,0.00013604936467386344,7.789398610327027e-05
VolatilityTrad1,0.00012537612838515547,0.0,0.00013604936467386344,7.789398610327027e-05
ArmandoNDK,0.00012537612838515547,0.0,0.00013604936467386344,7.789398610327027e-05
mdianesmitten,0.00012537612838515547,0.0,0.00013604936467386344,7.789398610327027e-05
wutever___,0.00012537612838515547,0.0,0.00013604936467386344,7.789398610327027e-05
hhensell,0.00012537612838515547,0.0,0.00013604936467386344,7.789398610327027e-05
HerrFekken,0.00012537612838515547,0.0,0.00013604936467386344,7.789398610327027e-05
CurrentRevolt,0.00012537612838515547,0.0,0.00013604936467386344,7.789398610327027e-05
BM_Visser,0.00012537612838515547,0.0,0.00013604936467386344,7.789398610327027e-05
SMTuffy,0.00012537612838515547,0.0,0.00013604936467386344,7.789398610327027e-05
BostonEnginerd,0.00012537612838515547,0.0,0.00013604936467386344,7.789398610327027e-05
AfterDondaHours,0.00012537612838515547,0.0,0.00013604936467386344,7.789398610327027e-05
Prophitcy,0.00012537612838515547,0.0,0.00013604936467386344,7.789398610327027e-05
Copper1692,0.00012537612838515547,0.0,0.00013604936467386344,7.789398610327027e-05
DavidPenneyPRW,0.00012537612838515547,0.0,0.00013604936467386344,7.789398610327027e-05
Levijameshere,0.00012537612838515547,0.0,0.00013604936467386344,7.789398610327027e-05
jilevin,0.00012537612838515547,0.0,0.00013604936467386344,7.789398610327027e-05
geckoo66,0.00012537612838515547,0.0,0.00013604936467386344,7.789398610327027e-05
inmortalcrypto,0.00012537612838515547,0.0,0.00013604936467386344,7.789398610327027e-05
LloydSchutz4,0.00012537612838515547,0.0,0.00013604936467386344,7.789398610327027e-05
texasdemocrats,0.00012537612838515547,0.0,0.00013604936467386344,7.789398610327027e-05
iamkendall29,0.00012537612838515547,0.0,0.00013604936467386344,7.789398610327027e-05
HTDSpod,0.00012537612838515547,0.0,0.00013604936467386344,7.789398610327027e-05
Marston4ca42,0.00012537612838515547,0.0,0.00013604936467386344,7.789398610327027e-05
chibleee,0.00012537612838515547,0.0,0.00013604936467386344,7.789398610327027e-05
vicious696,0.00012537612838515547,0.0,0.00013604936467386344,7.789398610327027e-05
Elies13700,0.00012537612838515547,0.0,0.00013604936467386344,7.789398610327027e-05
HasbullaHive,0.00012537612838515547,0.0,0.00013604936467386344,7.789398610327027e-05
le_tavernier1,0.00012537612838515547,0.0,0.00013604936467386344,7.789398610327027e-05
cdntradegrljenn,0.00012537612838515547,0.0,0.00013604936467386344,7.789398610327027e-05
Cunningham_UK,0.00012537612838515547,0.0,0.00013604936467386344,7.789398610327027e-05
krone_at,0.00012537612838515547,0.0,0.00013604936467386344,7.789398610327027e-05
noblefeu,0.00012537612838515547,0.0,0.00013604936467386344,7.789398610327027e-05
XVG_Alchemist,0.00012537612838515547,0.0,0.00013604936467386344,7.789398610327027e-05
wapodavenport,0.00012537612838515547,0.0,0.00013604936467386344,7.789398610327027e-05
vkrs008k,0.00012537612838515547,0.0,0.00013604936467386344,7.789398610327027e-05
dorothrryishome,0.00012537612838515547,0.0,0.00013604936467386344,7.789398610327027e-05
sjaffegold,0.00012537612838515547,0.0,0.00013604936467386344,7.789398610327027e-05
amdilley,0.00012537612838515547,0.0,0.00013604936467386344,7.789398610327027e-05
Triumph6Capital,0.00012537612838515547,0.0,0.00013604936467386344,7.789398610327027e-05
ayi_______,0.00012537612838515547,0.0,0.00013604936467386344,7.789398610327027e-05
Botafogo,0.00012537612838515547,0.0,0.00013604936467386344,7.789398610327027e-05
GonzalesKristie,0.00012537612838515547,0.0,0.00013604936467386344,7.789398610327027e-05
AlexxxCoal,0.00012537612838515547,0.0,0.00013604936467386344,7.789398610327027e-05
rrreshma_raj,0.00012537612838515547,0.0,0.00013604936467386344,7.789398610327027e-05
SIMONCRYPTO52,0.00012537612838515547,0.0,0.00013604936467386344,7.789398610327027e-05
Chaskanaui1,0.00012537612838515547,0.0,0.00013604936467386344,7.789398610327027e-05
BuckleUpBrandon,0.00012537612838515547,0.0,0.00013604936467386344,7.789398610327027e-05
CocheGlobal,0.00012537612838515547,0.0,0.00013604936467386344,7.789398610327027e-05
sergiooliveiram,0.00012537612838515547,0.0,0.00013604936467386344,7.789398610327027e-05
davidpareja,0.00012537612838515547,0.0,0.00013604936467386344,7.789398610327027e-05
bbcmundo,0.00012537612838515547,0.0,0.00013604936467386344,7.789398610327027e-05
ahmarbang,0.00012537612838515547,0.0,0.00013604936467386344,7.789398610327027e-05
virgilzer,0.00012537612838515547,0.0,0.00013604936467386344,7.789398610327027e-05
FroggiesToken,0.00012537612838515547,0.0,0.00013604936467386344,7.789398610327027e-05
ICS_AG,0.00012537612838515547,0.0,0.00013604936467386344,7.789398610327027e-05
meimei1935,0.00012537612838515547,0.0,0.00013604936467386344,7.789398610327027e-05
WIHXJOON,0.00012537612838515547,0.0,0.00013604936467386344,7.789398610327027e-05
RivianNewsUS,0.00012537612838515547,0.0,0.00013604936467386344,7.789398610327027e-05
ArgoBlockchain,0.00012537612838515547,0.0,0.00013604936467386344,7.789398610327027e-05
JamesGRickards,0.00012537612838515547,0.0,0.00013604936467386344,7.789398610327027e-05
iraqidrphil,0.00012537612838515547,0.0,0.00013604936467386344,7.789398610327027e-05
ahmetyesiltepe,0.00012537612838515547,0.0,0.00013604936467386344,7.789398610327027e-05
MochiTraveller,0.00012537612838515547,0.0,0.00013604936467386344,7.789398610327027e-05
ccntdwn,0.00012537612838515547,0.0,0.00013604936467386344,7.789398610327027e-05
jonasali,0.00012537612838515547,0.0,0.00013604936467386344,7.789398610327027e-05
escoupsssi,0.00012537612838515547,0.0,0.00013604936467386344,7.789398610327027e-05
kamrynryanne,0.00012537612838515547,0.0,0.00013604936467386344,7.789398610327027e-05
_aligolab,0.00012537612838515547,0.0,0.00013604936467386344,7.789398610327027e-05
unidentifiedta1,0.00012537612838515547,0.0,0.00013604936467386344,7.789398610327027e-05
Filip_Ceglowski,0.00012537612838515547,0.0,0.00013604936467386344,7.789398610327027e-05
RocMegamanX,0.00012537612838515547,0.0,0.00013604936467386344,7.789398610327027e-05
GingerRoomta,0.00012537612838515547,0.0,0.00013604936467386344,7.789398610327027e-05
folha,0.00012537612838515547,0.0,0.00013604936467386344,7.789398610327027e-05
passthebeano,0.00012537612838515547,0.0,0.00013604936467386344,7.789398610327027e-05
RND_de,0.00012537612838515547,0.0,0.00013604936467386344,7.789398610327027e-05
StockMKTNewz,0.00012537612838515547,0.0,0.00013604936467386344,7.789398610327027e-05
GrootmanTebza,0.00012537612838515547,0.0,0.00013604936467386344,7.789398610327027e-05
divinegrackle,0.00012537612838515547,0.0,0.00013604936467386344,7.789398610327027e-05
LukmaanSattar,0.00012537612838515547,0.0,0.00013604936467386344,7.789398610327027e-05
DelphineIweins,0.00012537612838515547,0.0,0.00013604936467386344,7.789398610327027e-05
AmadoIsMartinez,0.00012537612838515547,0.0,0.00013604936467386344,7.789398610327027e-05
lofkeya,0.00012537612838515547,0.0,0.00013604936467386344,7.789398610327027e-05
remiadevan,0.00012537612838515547,0.0,0.00013604936467386344,7.789398610327027e-05
scottjtepper,0.00012537612838515547,0.0,0.00013604936467386344,7.789398610327027e-05
LoconLuis,0.00012537612838515547,0.0,0.00013604936467386344,7.789398610327027e-05
FrancoEspejo23,0.00012537612838515547,0.0,0.00013604936467386344,7.789398610327027e-05
Uttupaaji,0.00012537612838515547,0.0,0.00013604936467386344,7.789398610327027e-05
bbcdoctorwho,0.00012537612838515547,0.0,0.00013604936467386344,7.789398610327027e-05
zulnajmiii,0.00012537612838515547,0.0,0.00013604936467386344,7.789398610327027e-05
manjusrii,0.00012537612838515547,0.0,0.00013604936467386344,7.789398610327027e-05
74ai6,0.00012537612838515547,0.0,0.00013604936467386344,7.789398610327027e-05
FelineFiendz,0.00012537612838515547,0.0,0.00013604936467386344,7.789398610327027e-05
YaGirlSakiB,0.00012537612838515547,0.0,0.00013604936467386344,7.789398610327027e-05
dissectmarkets,0.00012537612838515547,0.0,0.00013604936467386344,7.789398610327027e-05
ThisMeepRoars,0.00012537612838515547,0.0,0.00013604936467386344,7.789398610327027e-05
wrzl,0.00012537612838515547,0.0,0.00013604936467386344,7.789398610327027e-05
HaloandYGO,0.00012537612838515547,0.0,0.00013604936467386344,7.789398610327027e-05
ChrisSeason,0.00012537612838515547,0.0,0.00013604936467386344,7.789398610327027e-05
FPWellman,0.00012537612838515547,0.0,0.00013604936467386344,7.789398610327027e-05
mysticryuujin,0.00012537612838515547,0.0,0.00013604936467386344,7.789398610327027e-05
PaikCapital,0.00012537612838515547,0.0,0.00013604936467386344,7.789398610327027e-05
Erebos68957327,0.00012537612838515547,0.0,0.00013604936467386344,7.789398610327027e-05
CryptoLandWhale,0.00012537612838515547,0.0,0.00013604936467386344,7.789398610327027e-05
0x748a,0.00012537612838515547,0.0,0.00013604936467386344,7.789398610327027e-05
IvanTheK,0.00012537612838515547,0.0,0.00013604936467386344,7.789398610327027e-05
smbspencer,0.00012537612838515547,0.0,0.00013604936467386344,7.789398610327027e-05
BoxeoBourne,0.00012537612838515547,0.0,0.00013604936467386344,7.789398610327027e-05
OliverSild,0.00012537612838515547,0.0,0.00013604936467386344,7.789398610327027e-05
alfonslopeztena,0.00012537612838515547,0.0,0.00013604936467386344,7.789398610327027e-05
investmattallen,0.00012537612838515547,0.0,0.00013604936467386344,7.789398610327027e-05
ludwikburbon,0.00012537612838515547,0.0,0.00013604936467386344,7.789398610327027e-05
pedja_supurovic,0.00012537612838515547,0.0,0.00013604936467386344,7.789398610327027e-05
Christi18834355,0.00012537612838515547,0.0,0.00013604936467386344,7.789398610327027e-05
LFCCapital7,0.00012537612838515547,0.0,0.00013604936467386344,7.789398610327027e-05
ArkadiuszKula,0.00012537612838515547,0.0,0.00013604936467386344,7.789398610327027e-05
histories_arch,0.00012537612838515547,0.0,0.00013604936467386344,7.789398610327027e-05
EMUjiadughele,0.00012537612838515547,0.0,0.00013604936467386344,7.789398610327027e-05
MsEmilyEdwards,0.00012537612838515547,0.0,0.00013604936467386344,7.789398610327027e-05
Jam79922967,0.00012537612838515547,0.0,0.00013604936467386344,7.789398610327027e-05
SQLInterstellar,0.00012537612838515547,0.0,0.00013604936467386344,7.789398610327027e-05
raowl7,0.00012537612838515547,0.0,0.00013604936467386344,7.789398610327027e-05
metincamdibi,0.00012537612838515547,0.0,0.00013604936467386344,7.789398610327027e-05
mitchlafon,0.00012537612838515547,0.0,0.00013604936467386344,7.789398610327027e-05
GrosCerveau,0.00012537612838515547,0.0,0.00013604936467386344,7.789398610327027e-05
AJRFan11,0.00012537612838515547,0.0,0.00013604936467386344,7.789398610327027e-05
Eti_aka_tesla,0.00012537612838515547,0.0,0.00013604936467386344,7.789398610327027e-05
Jumolaxx,0.00012537612838515547,0.0,0.00013604936467386344,7.789398610327027e-05
aktien22,0.00012537612838515547,0.0,0.00013604936467386344,7.789398610327027e-05
AtomicSynthesis,0.00012537612838515547,0.0,0.00013604936467386344,7.789398610327027e-05
Frandroid,0.00012537612838515547,0.0,0.00013604936467386344,7.789398610327027e-05
HukAleksandra,0.00012537612838515547,0.0,0.00013604936467386344,7.789398610327027e-05
graforiks,0.00012537612838515547,0.0,0.00013604936467386344,7.789398610327027e-05
JoTrader4,0.00012537612838515547,0.0,0.00013604936467386344,7.789398610327027e-05
Picketer,0.00012537612838515547,0.0,0.00013604936467386344,7.789398610327027e-05
kagis8,0.00012537612838515547,0.0,0.00013604936467386344,7.789398610327027e-05
_snpy__,0.00012537612838515547,0.0,0.00013604936467386344,7.789398610327027e-05
PopSci,0.00012537612838515547,0.0,0.00013604936467386344,7.789398610327027e-05
superphiz,0.00012537612838515547,0.0,0.00013604936467386344,7.789398610327027e-05
stillgray,0.00012537612838515547,0.0,0.00013604936467386344,7.789398610327027e-05
ughramik,0.00012537612838515547,0.0,0.00013604936467386344,7.789398610327027e-05
KOKONOlS,0.00012537612838515547,0.0,0.00013604936467386344,7.789398610327027e-05
TaterWDE,0.00012537612838515547,0.0,0.00013604936467386344,7.789398610327027e-05
aleksandraopal2,0.00012537612838515547,0.0,0.00013604936467386344,7.789398610327027e-05
aejeanxxd,0.00012537612838515547,0.0,0.00013604936467386344,7.789398610327027e-05
lacasadelphysio,0.00012537612838515547,0.0,0.00013604936467386344,7.789398610327027e-05
BTW0205,0.00012537612838515547,0.0,0.00013604936467386344,7.789398610327027e-05
dapprbot,0.00012537612838515547,0.0,0.00013604936467386344,7.789398610327027e-05
Santi_nya,0.00012537612838515547,0.0,0.00013604936467386344,7.789398610327027e-05
jjkmuggle,0.00012537612838515547,0.0,0.00013604936467386344,7.789398610327027e-05
Tellythecairn,0.00012537612838515547,0.0,0.00013604936467386344,7.789398610327027e-05
DavidOtte9,0.00012537612838515547,0.0,0.00013604936467386344,7.789398610327027e-05
cepcam,0.00012537612838515547,0.0,0.00013604936467386344,7.789398610327027e-05
realbackinstyIe,0.00012537612838515547,0.0,0.00013604936467386344,7.789398610327027e-05
Teslanews10,0.00012537612838515547,0.0,0.00013604936467386344,7.789398610327027e-05
carlquintanilla,0.00012537612838515547,0.0,0.00013604936467386344,7.789398610327027e-05
Xole_25,0.00012537612838515547,0.0,0.00013604936467386344,7.789398610327027e-05
AgainstStan,0.00012537612838515547,0.0,0.00013604936467386344,7.789398610327027e-05
EveryRightTo,0.00012537612838515547,0.0,0.00013604936467386344,7.789398610327027e-05
Labonitamascota,0.00012537612838515547,0.0,0.00013604936467386344,7.789398610327027e-05
joao_ferreira33,0.00012537612838515547,0.0,0.00013604936467386344,7.789398610327027e-05
overROJE,0.00012537612838515547,0.0,0.00013604936467386344,7.789398610327027e-05
johnredwood,0.00012537612838515547,0.0,0.00013604936467386344,7.789398610327027e-05
lila94520,0.00012537612838515547,0.0,0.00013604936467386344,7.789398610327027e-05
ParkerMolloy,0.00012537612838515547,0.0,0.00013604936467386344,7.789398610327027e-05
JaneKn0wsBest,0.00012537612838515547,0.0,0.00013604936467386344,7.789398610327027e-05
TheGruvfyllo,0.00012537612838515547,0.0,0.00013604936467386344,7.789398610327027e-05
Barley_Mash,0.00012537612838515547,0.0,0.00013604936467386344,7.789398610327027e-05
DxMiLLAA,0.00012537612838515547,0.0,0.00013604936467386344,7.789398610327027e-05
delta_chain_,0.00012537612838515547,0.0,0.00013604936467386344,7.789398610327027e-05
SteeIerNation,0.00012537612838515547,0.0,0.00013604936467386344,7.789398610327027e-05
PetrNov95968147,0.00012537612838515547,0.0,0.00013604936467386344,7.789398610327027e-05
doctecazoid,0.00012537612838515547,0.0,0.00013604936467386344,7.789398610327027e-05
_opAs_na,0.00012537612838515547,0.0,0.00013604936467386344,7.789398610327027e-05
tesla_coil1911,0.00012537612838515547,0.0,0.00013604936467386344,7.789398610327027e-05
NaWodzie,0.00012537612838515547,0.0,0.00013604936467386344,7.789398610327027e-05
JTenpennyy,0.00012537612838515547,0.0,0.00013604936467386344,7.789398610327027e-05
Badflower,0.00012537612838515547,0.0,0.00013604936467386344,7.789398610327027e-05
bratNvet,0.00012537612838515547,0.0,0.00013604936467386344,7.789398610327027e-05
mahmoud_tesla,0.00012537612838515547,0.0,0.00013604936467386344,7.789398610327027e-05
IFM4real,0.00012537612838515547,0.0,0.00013604936467386344,7.789398610327027e-05
Karinica_,0.00012537612838515547,0.0,0.00013604936467386344,7.789398610327027e-05
evanalist,0.00012537612838515547,0.0,0.00013604936467386344,7.789398610327027e-05
ZackKlapman,0.00012537612838515547,0.0,0.00013604936467386344,7.789398610327027e-05
arianastam,0.00012537612838515547,0.0,0.00013604936467386344,7.789398610327027e-05
Robotbeat,0.00012537612838515547,0.0,0.00013604936467386344,7.789398610327027e-05
morateur,0.00012537612838515547,0.0,0.00013604936467386344,7.789398610327027e-05
GuyDealership,0.00012537612838515547,0.0,0.00013604936467386344,7.789398610327027e-05
VVVStockAnalyst,0.00012537612838515547,0.0,0.00013604936467386344,7.789398610327027e-05
jacopo_iacoboni,0.00012537612838515547,0.0,0.00013604936467386344,7.789398610327027e-05
Schnabelobst,0.00012537612838515547,0.0,0.00013604936467386344,7.789398610327027e-05
AnitaKuipers5,0.00012537612838515547,0.0,0.00013604936467386344,7.789398610327027e-05
DesmondSwayne,0.00012537612838515547,0.0,0.00013604936467386344,7.789398610327027e-05
Belatoshi,0.00012537612838515547,0.0,0.00013604936467386344,7.789398610327027e-05
HeavenScent88,0.00012537612838515547,0.0,0.00013604936467386344,7.789398610327027e-05
TravelTeslaDad,0.00012537612838515547,0.0,0.00013604936467386344,7.789398610327027e-05
WilliamAEden,0.00012537612838515547,0.0,0.00013604936467386344,7.789398610327027e-05
minionIuvrr,0.00012537612838515547,0.0,0.00013604936467386344,7.789398610327027e-05
juanrallo,0.00012537612838515547,0.0,0.00013604936467386344,7.789398610327027e-05
Less_HumbleTeej,0.00012537612838515547,0.0,0.00013604936467386344,7.789398610327027e-05
NeilJacobs,0.00012537612838515547,0.0,0.00013604936467386344,7.789398610327027e-05
watch_union,0.00012537612838515547,0.0,0.00013604936467386344,7.789398610327027e-05
telmudic,0.00012537612838515547,0.0,0.00013604936467386344,7.789398610327027e-05
CaseyNewton,0.00012537612838515547,0.0,0.00013604936467386344,7.789398610327027e-05
razvratna,0.00012537612838515547,0.0,0.00013604936467386344,7.789398610327027e-05
benoftheweek,0.00012537612838515547,0.0,0.00013604936467386344,7.789398610327027e-05
SunGlazer,0.00012537612838515547,0.0,0.00013604936467386344,7.789398610327027e-05
SirHayreddin,0.00012537612838515547,0.0,0.00013604936467386344,7.789398610327027e-05
xuzhe,0.00012537612838515547,0.0,0.00013604936467386344,7.789398610327027e-05
AnilSinghvi_,0.00012537612838515547,0.0,0.00013604936467386344,7.789398610327027e-05
ParikPatelCFA,0.00012537612838515547,0.0,0.00013604936467386344,7.789398610327027e-05
BabyTheCat1,0.00012537612838515547,0.0,0.00013604936467386344,7.789398610327027e-05
Moofness,0.00012537612838515547,0.0,0.00013604936467386344,7.789398610327027e-05
ChelseaLewinski,0.00012537612838515547,0.0,0.00013604936467386344,7.789398610327027e-05
Keyztothecity93,0.00012537612838515547,0.0,0.00013604936467386344,7.789398610327027e-05
Aloha79000,0.00012537612838515547,0.0,0.00013604936467386344,7.789398610327027e-05
MURAMASAFAN2001,0.00012537612838515547,0.0,0.00013604936467386344,7.789398610327027e-05
EisOnMN,0.00012537612838515547,0.0,0.00013604936467386344,7.789398610327027e-05
mmeeuw,0.00012537612838515547,0.0,0.00013604936467386344,7.789398610327027e-05
hunt4change,0.00012537612838515547,0.0,0.00013604936467386344,7.789398610327027e-05
rschmied,0.00012537612838515547,0.0,0.00013604936467386344,7.789398610327027e-05
AP,0.00012537612838515547,0.0,0.00013604936467386344,7.789398610327027e-05
TonoSVJ,0.00012537612838515547,0.0,0.00013604936467386344,7.789398610327027e-05
ChrisSuchanWOAI,0.00012537612838515547,0.0,0.00013604936467386344,7.789398610327027e-05
panca66,0.00012537612838515547,0.0,0.00013604936467386344,7.789398610327027e-05
tenshiJJBA,0.00012537612838515547,0.0,0.00013604936467386344,7.789398610327027e-05
AKA_AII,0.00012537612838515547,0.0,0.00013604936467386344,7.789398610327027e-05
fishbrainLtd,0.00012537612838515547,0.0,0.00013604936467386344,7.789398610327027e-05
TheRynheart,0.00012537612838515547,0.0,0.00013604936467386344,7.789398610327027e-05
digitalnimbus_,0.00012537612838515547,0.0,0.00013604936467386344,7.789398610327027e-05
ReneJanV,0.00012537612838515547,0.0,0.00013604936467386344,7.789398610327027e-05
jessicasorn,0.00012537612838515547,0.0,0.00013604936467386344,7.789398610327027e-05
RadtkeMdEP,0.00012537612838515547,0.0,0.00013604936467386344,7.789398610327027e-05
http_tesla,0.00012537612838515547,0.0,0.00013604936467386344,7.789398610327027e-05
lathoifulkamal,0.00012537612838515547,0.0,0.00013604936467386344,7.789398610327027e-05
apmacho,0.00012537612838515547,0.0,0.00013604936467386344,7.789398610327027e-05
Ryan_Browne_,0.00012537612838515547,0.0,0.00013604936467386344,7.789398610327027e-05
handelsblatt,0.00012537612838515547,0.0,0.00013604936467386344,7.789398610327027e-05
ordurebizarree,0.00012537612838515547,0.0,0.00013604936467386344,7.789398610327027e-05
KronosHaber,0.00012537612838515547,0.0,0.00013604936467386344,7.789398610327027e-05
Cyberfleet_NFT,0.00012537612838515547,0.0,0.00013240480234953778,7.698284552218885e-05
NeilBoltonRSPL,0.00012537612838515547,0.0,0.00013179675291863965,7.683083316446432e-05
iZVqxmDrTd2fBh9,0.00012537612838515547,0.0,0.00013136902416265684,7.672390097546862e-05
ReinerKurzmann,0.00012537612838515547,0.0,0.00012960818833896958,7.62836920195468e-05
thirteendonuts,0.00012537612838515547,0.0,0.0001269363653235185,7.561573626568404e-05
TesLatino,0.00012537612838515547,0.0,0.00012331079554488814,7.470934382102645e-05
the_manuel,0.00012537612838515547,0.0,0.00012305087895928555,7.46443646746258e-05
defichain,0.00012537612838515547,0.0,0.00012305087895928555,7.46443646746258e-05
MFASerbia,0.00012537612838515547,0.0,0.0001192269059247967,7.368837141600359e-05
TrumpFarker,0.00012537612838515547,0.0,0.00011807104764524189,7.339940684611488e-05
flemsha,0.00012537612838515547,0.0,0.00011807104764524189,7.339940684611488e-05
kylaschwaberow,0.00012537612838515547,0.0,0.00011807104764524189,7.339940684611488e-05
Jofishdesign,0.00012537612838515547,0.0,0.00011559190584502857,7.277962139606155e-05
newsmax,0.00012537612838515547,0.0,0.00011519850230983913,7.268127051226419e-05
MikeDrucker,0.00012537612838515547,0.0,0.00011519850230983913,7.268127051226419e-05
TTichelofen,0.00012537612838515547,0.0,0.00011363838880610358,7.22912421363303e-05
ElectrekCo,0.00012537612838515547,0.0,0.00011363838880610358,7.22912421363303e-05
FredericLambert,0.00012537612838515547,0.0,0.00011363838880610358,7.22912421363303e-05
NorthmanTrader,0.00012537612838515547,0.0,0.00011325807937074325,7.219616477749022e-05
dieselducky,0.00012537612838515547,0.0,0.00011325807937074325,7.219616477749022e-05
slcuervo,0.00012537612838515547,0.0,0.00011240638326028484,7.198324074987562e-05
JaimePozas,0.00012537612838515547,0.0,0.00011240638326028484,7.198324074987562e-05
Backnine59,0.00012537612838515547,0.0,0.00011207827530236804,7.190121376039642e-05
KathiePasta,0.00012537612838515547,0.0,0.00011207827530236804,7.190121376039642e-05
Jersey2361,0.00012537612838515547,0.0,0.00011207827530236804,7.190121376039642e-05
teslaeconomist,0.00012537612838515547,0.0,0.00011142205938653443,7.173715978143802e-05
MichaelG_MI,0.00012537612838515547,0.0,0.00011142205938653443,7.173715978143802e-05
BurrneshMalsore,0.00012537612838515547,0.0,0.00010724006690443453,7.069166166091305e-05
qaza62,0.00012537612838515547,0.0,0.00010724006690443453,7.069166166091305e-05
Harmsy87,0.00012537612838515547,0.0,0.00010721117837857214,7.068443952944744e-05
GuideTolnvest,0.00012537612838515547,0.0,0.00010566024987474675,7.02967074034911e-05
HellishQurve,0.00012537612838515547,0.0,0.00010477307112782697,7.007491271676116e-05
glenntongue,0.00012537612838515547,0.0,0.00010477307112782697,7.007491271676116e-05
mask_bastard,0.00012537612838515547,0.0,0.00010477307112782697,7.007491271676116e-05
VeroWendland,0.00012537612838515547,0.0,0.00010477307112782697,7.007491271676116e-05
LeonLush,0.00012537612838515547,0.0,0.00010477307112782697,7.007491271676116e-05
amilye6,0.00012537612838515547,0.0,0.00010477307112782697,7.007491271676116e-05
jerrehtan,0.00012537612838515547,0.0,0.00010477307112782697,7.007491271676116e-05
PhileasF0gg,0.00012537612838515547,0.0,0.00010477307112782697,7.007491271676116e-05
mmasnick,0.00012537612838515547,0.0,0.00010477307112782697,7.007491271676116e-05
bennetkrause,0.00012537612838515547,0.0,0.00010477307112782697,7.007491271676116e-05
Webbyinvests,0.00012537612838515547,0.0,0.00010477307112782697,7.007491271676116e-05
nori_norinor,0.00012537612838515547,0.0,0.00010477307112782697,7.007491271676116e-05
omerf17_,0.00012537612838515547,0.0,0.00010477307112782697,7.007491271676116e-05
Energia__Pura,0.00012537612838515547,0.0,0.00010477307112782697,7.007491271676116e-05
lkhtmn,0.00012537612838515547,0.0,0.00010477307112782697,7.007491271676116e-05
georgehahn,0.00012537612838515547,0.0,0.00010477307112782697,7.007491271676116e-05
benminerva,0.00012537612838515547,0.0,0.00010477307112782697,7.007491271676116e-05
katmlslg,0.00012537612838515547,0.0,0.00010477307112782697,7.007491271676116e-05
Hycarius,0.00012537612838515547,0.0,0.00010477307112782697,7.007491271676116e-05
DevinsOtherCow2,0.00012537612838515547,0.0,0.00010477307112782697,7.007491271676116e-05
bit_pixie,0.00012537612838515547,0.0,0.00010477307112782697,7.007491271676116e-05
the_onyx_effect,0.00012537612838515547,0.0,0.00010477307112782697,7.007491271676116e-05
jayblackisfunny,0.00012537612838515547,0.0,0.00010477307112782697,7.007491271676116e-05
unsettledSky,0.00012537612838515547,0.0,0.00010477307112782697,7.007491271676116e-05
namme127,0.00012537612838515547,0.0,0.00010477307112782697,7.007491271676116e-05
eugenegu,0.00012537612838515547,0.0,0.00010477307112782697,7.007491271676116e-05
aunt_teefa,0.00012537612838515547,0.0,0.00010477307112782697,7.007491271676116e-05
pisorgpl,0.00012537612838515547,0.0,0.00010477307112782697,7.007491271676116e-05
madforfree,0.00012537612838515547,0.0,0.00010477307112782697,7.007491271676116e-05
BingBongLLC,0.00012537612838515547,0.0,0.00010477307112782697,7.007491271676116e-05
JCOviedo6,0.00012537612838515547,0.0,0.00010477307112782697,7.007491271676116e-05
larsloekke,0.00012537612838515547,0.0,0.00010477307112782697,7.007491271676116e-05
PeachyAzu,0.00012537612838515547,0.0,0.00010477307112782697,7.007491271676116e-05
FedMusk,0.00012537612838515547,0.0,0.00010477307112782697,7.007491271676116e-05
KukiShinobuCBT,0.00012537612838515547,0.0,0.00010477307112782697,7.007491271676116e-05
stocksinplay_,0.00012537612838515547,0.0,0.00010477307112782697,7.007491271676116e-05
TeslaSg,0.00012537612838515547,0.0,0.00010477307112782697,7.007491271676116e-05
Eve_Barlow,0.00012537612838515547,0.0,0.00010477307112782697,7.007491271676116e-05
overJIHEON,0.00012537612838515547,0.0,0.00010477307112782697,7.007491271676116e-05
googlemexico,0.00012537612838515547,0.0,0.00010477307112782697,7.007491271676116e-05
skyguoCypherium,0.00012537612838515547,0.0,0.00010477307112782697,7.007491271676116e-05
_RomaniIteDomum,0.00012537612838515547,0.0,0.00010477307112782697,7.007491271676116e-05
overHAECHAN,0.00012537612838515547,0.0,0.00010477307112782697,7.007491271676116e-05
sanchezcastejon,0.00012537612838515547,0.0,0.00010477307112782697,7.007491271676116e-05
CiudadanosCs,0.00012537612838515547,0.0,0.00010477307112782697,7.007491271676116e-05
BalEdmundo,0.00012537612838515547,0.0,0.00010477307112782697,7.007491271676116e-05
lasara_h,0.00012537612838515547,0.0,0.00010477307112782697,7.007491271676116e-05
rameenhoss,0.00012537612838515547,0.0,0.00010477307112782697,7.007491271676116e-05
_Rewhan,0.00012537612838515547,0.0,0.00010477307112782697,7.007491271676116e-05
duh_man,0.00012537612838515547,0.0,0.00010477307112782697,7.007491271676116e-05
TierOnePoster,0.00012537612838515547,0.0,0.00010477307112782697,7.007491271676116e-05
Lootster,0.00012537612838515547,0.0,0.00010477307112782697,7.007491271676116e-05
Tehmas7,0.00012537612838515547,0.0,0.00010477307112782697,7.007491271676116e-05
fantasysalary,0.00012537612838515547,0.0,0.00010477307112782697,7.007491271676116e-05
KnowingBetterYT,0.00012537612838515547,0.0,0.00010477307112782697,7.007491271676116e-05
la_cambicha,0.00012537612838515547,0.0,0.00010477307112782697,7.007491271676116e-05
Felicitas73_,0.00012537612838515547,0.0,0.00010477307112782697,7.007491271676116e-05
AliNotAlli,0.00012537612838515547,0.0,0.00010477307112782697,7.007491271676116e-05
geeljellie,0.00012537612838515547,0.0,0.00010477307112782697,7.007491271676116e-05
Breaking911,0.00012537612838515547,0.0,0.00010477307112782697,7.007491271676116e-05
AFP,0.00012537612838515547,0.0,0.00010477307112782697,7.007491271676116e-05
JamesMarsh1974,0.00012537612838515547,0.0,0.00010477307112782697,7.007491271676116e-05
MarcoRizzoPC,0.00012537612838515547,0.0,0.00010477307112782697,7.007491271676116e-05
GiuseppeFavuzza,0.00012537612838515547,0.0,0.00010477307112782697,7.007491271676116e-05
DrEliDavid,0.00012537612838515547,0.0,0.00010477307112782697,7.007491271676116e-05
MA_Iliasu,0.00012537612838515547,0.0,0.00010477307112782697,7.007491271676116e-05
Bexibecks_,0.00012537612838515547,0.0,0.00010477307112782697,7.007491271676116e-05
IAmJohnAles,0.00012537612838515547,0.0,0.00010477307112782697,7.007491271676116e-05
Traktion100,0.00012537612838515547,0.0,0.00010477307112782697,7.007491271676116e-05
freddier,0.00012537612838515547,0.0,0.00010477307112782697,7.007491271676116e-05
SebRoss4,0.00012537612838515547,0.0,0.00010477307112782697,7.007491271676116e-05
_marcinja,0.00012537612838515547,0.0,0.00010477307112782697,7.007491271676116e-05
ZiyyigoTipyigo,0.00012537612838515547,0.0,0.00010477307112782697,7.007491271676116e-05
kamilkazani,0.00012537612838515547,0.0,0.00010477307112782697,7.007491271676116e-05
KathleenBaggio1,0.00012537612838515547,0.0,0.00010477307112782697,7.007491271676116e-05
savannah_ldgg,0.00012537612838515547,0.0,0.00010477307112782697,7.007491271676116e-05
darthbob88,0.00012537612838515547,0.0,0.00010477307112782697,7.007491271676116e-05
prageru,0.00012537612838515547,0.0,0.00010477307112782697,7.007491271676116e-05
buschi180,0.00012537612838515547,0.0,0.00010477307112782697,7.007491271676116e-05
lovebscott,0.00012537612838515547,0.0,0.00010477307112782697,7.007491271676116e-05
Rick64112778,0.00012537612838515547,0.0,0.00010477307112782697,7.007491271676116e-05
aintscarylarry,0.00012537612838515547,0.0,0.00010477307112782697,7.007491271676116e-05
SaintHoax,0.00012537612838515547,0.0,0.00010477307112782697,7.007491271676116e-05
ZazOrange,0.00012537612838515547,0.0,0.00010477307112782697,7.007491271676116e-05
Branislav1978,0.00012537612838515547,0.0,0.00010477307112782697,7.007491271676116e-05
Tesla_M_Verse,0.00012537612838515547,0.0,0.00010477307112782697,7.007491271676116e-05
anasalhajji,0.00012537612838515547,0.0,0.00010477307112782697,7.007491271676116e-05
svc_coin,0.00012537612838515547,0.0,0.00010477307112782697,7.007491271676116e-05
SharkJeev,0.00012537612838515547,0.0,0.00010477307112782697,7.007491271676116e-05
MechaJayZilla,0.00012537612838515547,0.0,0.00010477307112782697,7.007491271676116e-05
tier10k,0.00012537612838515547,0.0,0.00010477307112782697,7.007491271676116e-05
Flyhaikuckoo,0.00012537612838515547,0.0,0.00010477307112782697,7.007491271676116e-05
max_arbitrage,0.00012537612838515547,0.0,0.00010477307112782697,7.007491271676116e-05
Cryp43,0.00012537612838515547,0.0,0.00010477307112782697,7.007491271676116e-05
TripkovicMilena,0.00012537612838515547,0.0,0.00010477307112782697,7.007491271676116e-05
cstross,0.00012537612838515547,0.0,0.00010477307112782697,7.007491271676116e-05
Asphaltech,0.00012537612838515547,0.0,0.00010477307112782697,7.007491271676116e-05
Andy8chi,0.00012537612838515547,0.0,0.00010477307112782697,7.007491271676116e-05
thgirWnosaJ,0.00012537612838515547,0.0,0.00010477307112782697,7.007491271676116e-05
MichaelGemar,0.00012537612838515547,0.0,0.00010477307112782697,7.007491271676116e-05
Leo_mineur75,0.00012537612838515547,0.0,0.00010477307112782697,7.007491271676116e-05
ModernDayGhost,0.00012537612838515547,0.0,0.00010477307112782697,7.007491271676116e-05
damjanosat,0.00012537612838515547,0.0,0.00010477307112782697,7.007491271676116e-05
thehowie,0.00012537612838515547,0.0,0.00010477307112782697,7.007491271676116e-05
SkyNewsAust,0.00012537612838515547,0.0,0.00010477307112782697,7.007491271676116e-05
codecarbon3,0.00012537612838515547,0.0,0.00010477307112782697,7.007491271676116e-05
lor1961,0.00012537612838515547,0.0,0.00010477307112782697,7.007491271676116e-05
WifeyAlpha,0.00012537612838515547,0.0,0.00010477307112782697,7.007491271676116e-05
slobodangrubisa,0.00012537612838515547,0.0,0.00010477307112782697,7.007491271676116e-05
LegolasPeter,0.00012537612838515547,0.0,0.00010477307112782697,7.007491271676116e-05
halomancer1,0.00012537612838515547,0.0,0.00010477307112782697,7.007491271676116e-05
big_business_,0.00012537612838515547,0.0,0.00010477307112782697,7.007491271676116e-05
PA_Daddoo,0.00012537612838515547,0.0,0.00010477307112782697,7.007491271676116e-05
Strandjunker,0.00012537612838515547,0.0,0.00010477307112782697,7.007491271676116e-05
Lee_in_Iowa,0.00012537612838515547,0.0,0.00010477307112782697,7.007491271676116e-05
Sneydertv,0.00012537612838515547,0.0,0.00010477307112782697,7.007491271676116e-05
genuine_m_,0.00012537612838515547,0.0,0.00010477307112782697,7.007491271676116e-05
alCamel77,0.00012537612838515547,0.0,0.00010477307112782697,7.007491271676116e-05
DamienGranz,0.00012537612838515547,0.0,0.00010477307112782697,7.007491271676116e-05
GeorgesGilkinet,0.00012537612838515547,0.0,0.00010477307112782697,7.007491271676116e-05
Tweet_Removed,0.00012537612838515547,0.0,0.00010477307112782697,7.007491271676116e-05
elibo_17,0.00012537612838515547,0.0,0.00010477307112782697,7.007491271676116e-05
onefiftyfivemm,0.00012537612838515547,0.0,0.00010477307112782697,7.007491271676116e-05
arachnocapital2,0.00012537612838515547,0.0,0.00010477307112782697,7.007491271676116e-05
JonBryant421,0.00012537612838515547,0.0,0.00010477307112782697,7.007491271676116e-05
KT_So_It_Goes,0.00012537612838515547,0.0,0.00010477307112782697,7.007491271676116e-05
LCI,0.00012537612838515547,0.0,0.00010477307112782697,7.007491271676116e-05
Perpetualmaniac,0.00012537612838515547,0.0,0.00010477307112782697,7.007491271676116e-05
RealScottWolter,0.00012537612838515547,0.0,0.00010477307112782697,7.007491271676116e-05
turbofr,0.00012537612838515547,0.0,0.00010477307112782697,7.007491271676116e-05
Erijk_lcz,0.00012537612838515547,0.0,0.00010477307112782697,7.007491271676116e-05
ovdecamil,0.00012537612838515547,0.0,0.00010477307112782697,7.007491271676116e-05
Sinagogili,0.00012537612838515547,0.0,0.00010477307112782697,7.007491271676116e-05
MMcCarter1,0.00012537612838515547,0.0,0.00010477307112782697,7.007491271676116e-05
grumpy_copilot,0.00012537612838515547,0.0,0.00010477307112782697,7.007491271676116e-05
lonesometoast,0.00012537612838515547,0.0,0.00010477307112782697,7.007491271676116e-05
ianfroeb,0.00012537612838515547,0.0,0.00010477307112782697,7.007491271676116e-05
micolay_,0.00012537612838515547,0.0,0.00010477307112782697,7.007491271676116e-05
dedreviil,0.00012537612838515547,0.0,0.00010477307112782697,7.007491271676116e-05
bunniemma,0.00012537612838515547,0.0,0.00010477307112782697,7.007491271676116e-05
sentihoney,0.00012537612838515547,0.0,0.00010477307112782697,7.007491271676116e-05
faintlamps,0.00012537612838515547,0.0,0.00010477307112782697,7.007491271676116e-05
DO2SI_m_p,0.00012537612838515547,0.0,0.00010477307112782697,7.007491271676116e-05
clatac,0.00012537612838515547,0.0,0.00010477307112782697,7.007491271676116e-05
Cambiacasacca,0.00012537612838515547,0.0,0.00010477307112782697,7.007491271676116e-05
colinknife21,0.00012537612838515547,0.0,0.00010477307112782697,7.007491271676116e-05
lao_erik,0.00012537612838515547,0.0,0.00010477307112782697,7.007491271676116e-05
WhiteBoardFin,0.00012537612838515547,0.0,0.00010477307112782697,7.007491271676116e-05
catincoggnito,0.00012537612838515547,0.0,0.00010477307112782697,7.007491271676116e-05
sam_d_1995,0.00012537612838515547,0.0,0.00010477307112782697,7.007491271676116e-05
TheRealGVG,0.00012537612838515547,0.0,0.00010477307112782697,7.007491271676116e-05
FaaipMusic,0.00012537612838515547,0.0,0.00010477307112782697,7.007491271676116e-05
eshmeeeesh,0.00012537612838515547,0.0,0.00010477307112782697,7.007491271676116e-05
Branche_SC,0.00012537612838515547,0.0,0.00010477307112782697,7.007491271676116e-05
YellowLabLife,0.00012537612838515547,0.0,0.00010477307112782697,7.007491271676116e-05
fried_jogurt,0.00012537612838515547,0.0,0.00010477307112782697,7.007491271676116e-05
BookStoreStan,0.00012537612838515547,0.0,0.00010477307112782697,7.007491271676116e-05
Chad_Hurley,0.00012537612838515547,0.0,0.00010477307112782697,7.007491271676116e-05
ontheslabs,0.00012537612838515547,0.0,0.00010477307112782697,7.007491271676116e-05
RubeeRuby_,0.00012537612838515547,0.0,0.00010477307112782697,7.007491271676116e-05
siracusa,0.00012537612838515547,0.0,0.00010477307112782697,7.007491271676116e-05
WickedGood,0.00012537612838515547,0.0,0.00010477307112782697,7.007491271676116e-05
SirDretheGreat,0.00012537612838515547,0.0,0.00010477307112782697,7.007491271676116e-05
balajis,0.00012537612838515547,0.0,0.00010477307112782697,7.007491271676116e-05
APompliano,0.00012537612838515547,0.0,0.00010477307112782697,7.007491271676116e-05
BMW,0.00012537612838515547,0.0,0.00010477307112782697,7.007491271676116e-05
Infrabel_FR,0.00012537612838515547,0.0,0.00010477307112782697,7.007491271676116e-05
OakCityCRE,0.00012537612838515547,0.0,0.00010477307112782697,7.007491271676116e-05
Fidelity,0.00012537612838515547,0.0,0.00010477307112782697,7.007491271676116e-05
beaztbeatz,0.00012537612838515547,0.0,0.00010477307112782697,7.007491271676116e-05
Tesla_GTownTX,0.00012537612838515547,0.0,0.00010477307112782697,7.007491271676116e-05
Samoskal,0.00012537612838515547,0.0,0.00010477307112782697,7.007491271676116e-05
KyivIndependent,0.00012537612838515547,0.0,0.00010477307112782697,7.007491271676116e-05
SAbethankful,0.00012537612838515547,0.0,0.00010477307112782697,7.007491271676116e-05
Kfschuppo1,0.00012537612838515547,0.0,0.00010477307112782697,7.007491271676116e-05
kosrx,0.00012537612838515547,0.0,0.00010477307112782697,7.007491271676116e-05
convomf,0.00012537612838515547,0.0,0.00010477307112782697,7.007491271676116e-05
adhoc_yt,0.00012537612838515547,0.0,0.00010477307112782697,7.007491271676116e-05
IfNotPike,0.00012537612838515547,0.0,0.00010477307112782697,7.007491271676116e-05
peddletofloor,0.00012537612838515547,0.0,0.00010477307112782697,7.007491271676116e-05
Baeumleschule,0.00012537612838515547,0.0,0.00010477307112782697,7.007491271676116e-05
Bitcoin4India,0.00012537612838515547,0.0,0.00010477307112782697,7.007491271676116e-05
laylo_anvarovna,0.00012537612838515547,0.0,0.00010477307112782697,7.007491271676116e-05
TMaugier,0.00012537612838515547,0.0,0.00010477307112782697,7.007491271676116e-05
SrkiBoy74,0.00012537612838515547,0.0,0.00010477307112782697,7.007491271676116e-05
Iyervval,0.00012537612838515547,0.0,0.00010477307112782697,7.007491271676116e-05
ureverypie,0.00012537612838515547,0.0,0.00010477307112782697,7.007491271676116e-05
Vocento,0.00012537612838515547,0.0,0.00010477307112782697,7.007491271676116e-05
lenzvisions,0.00012537612838515547,0.0,0.00010477307112782697,7.007491271676116e-05
Juror691,0.00012537612838515547,0.0,0.00010477307112782697,7.007491271676116e-05
FDRLST,0.00012537612838515547,0.0,0.00010477307112782697,7.007491271676116e-05
Dragance22,0.00012537612838515547,0.0,0.00010477307112782697,7.007491271676116e-05
TaeDaReBirPH,0.00012537612838515547,0.0,0.00010477307112782697,7.007491271676116e-05
BlaccMosesX,0.00012537612838515547,0.0,0.00010477307112782697,7.007491271676116e-05
Messier_87_,0.00012537612838515547,0.0,0.00010477307112782697,7.007491271676116e-05
slbrazz,0.00012537612838515547,0.0,0.00010477307112782697,7.007491271676116e-05
shelbywebb,0.00012537612838515547,0.0,0.00010477307112782697,7.007491271676116e-05
PrazskaCukrarna,0.00012537612838515547,0.0,0.00010477307112782697,7.007491271676116e-05
Lae_Adalid,0.00012537612838515547,0.0,0.00010477307112782697,7.007491271676116e-05
josepmas8,0.00012537612838515547,0.0,0.00010477307112782697,7.007491271676116e-05
FNCatalunya,0.00012537612838515547,0.0,0.00010477307112782697,7.007491271676116e-05
EricaGrieder,0.00012537612838515547,0.0,0.00010477307112782697,7.007491271676116e-05
denuchterebrabo,0.00012537612838515547,0.0,0.00010477307112782697,7.007491271676116e-05
JustSonic7,0.00012537612838515547,0.0,0.00010477307112782697,7.007491271676116e-05
jets10is,0.00012537612838515547,0.0,0.00010477307112782697,7.007491271676116e-05
TheShovel,0.00012537612838515547,0.0,0.00010477307112782697,7.007491271676116e-05
utbytteprinsen,0.00012537612838515547,0.0,0.00010477307112782697,7.007491271676116e-05
ViktorTveit,0.00012537612838515547,0.0,0.00010477307112782697,7.007491271676116e-05
HeadLenn,0.00012537612838515547,0.0,0.00010477307112782697,7.007491271676116e-05
judietallman,0.00012537612838515547,0.0,0.00010477307112782697,7.007491271676116e-05
Steven85215668,0.00012537612838515547,0.0,0.00010477307112782697,7.007491271676116e-05
ozany,0.00012537612838515547,0.0,0.00010477307112782697,7.007491271676116e-05
piotr_makowiec,0.00012537612838515547,0.0,0.00010477307112782697,7.007491271676116e-05
joejoeblogs11,0.00012537612838515547,0.0,0.00010477307112782697,7.007491271676116e-05
billtheking165,0.00012537612838515547,0.0,0.00010477307112782697,7.007491271676116e-05
lexhoogduin,0.00012537612838515547,0.0,0.00010477307112782697,7.007491271676116e-05
EddyRingstate,0.00012537612838515547,0.0,0.00010477307112782697,7.007491271676116e-05
DudCanoe58,0.00012537612838515547,0.0,0.00010477307112782697,7.007491271676116e-05
yossarian56,0.00012537612838515547,0.0,0.00010477307112782697,7.007491271676116e-05
Arthur_van_Pelt,0.00012537612838515547,0.0,0.00010477307112782697,7.007491271676116e-05
elmachuca,0.00012537612838515547,0.0,0.00010477307112782697,7.007491271676116e-05
CostaMascher,0.00012537612838515547,0.0,0.00010477307112782697,7.007491271676116e-05
novak_andrij,0.00012537612838515547,0.0,0.00010477307112782697,7.007491271676116e-05
wadhwa,0.00012537612838515547,0.0,0.00010477307112782697,7.007491271676116e-05
faradion_uk,0.00012537612838515547,0.0,0.00010477307112782697,7.007491271676116e-05
ChristoSilvia,0.00012537612838515547,0.0,0.00010477307112782697,7.007491271676116e-05
netflix,0.00012537612838515547,0.0,0.00010477307112782697,7.007491271676116e-05
leiatheinvestor,0.00012537612838515547,0.0,0.00010477307112782697,7.007491271676116e-05
StonkSleeper,0.00012537612838515547,0.0,0.00010477307112782697,7.007491271676116e-05
alexburnsNYT,0.00012537612838515547,0.0,0.00010477307112782697,7.007491271676116e-05
ooonana12,0.00012537612838515547,0.0,0.00010477307112782697,7.007491271676116e-05
DRIVETRIBE,0.00012537612838515547,0.0,0.00010477307112782697,7.007491271676116e-05
HeuristicLineup,0.00012537612838515547,0.0,0.00010477307112782697,7.007491271676116e-05
MyeongKim6,0.00012537612838515547,0.0,0.00010477307112782697,7.007491271676116e-05
MarcusWadsak,0.00012537612838515547,0.0,0.00010477307112782697,7.007491271676116e-05
kwnet_at,0.00012537612838515547,0.0,0.00010477307112782697,7.007491271676116e-05
CrazyLadyTrader,0.00012537612838515547,0.0,0.00010477307112782697,7.007491271676116e-05
TobiGbemisola,0.00012537612838515547,0.0,0.00010477307112782697,7.007491271676116e-05
SecRaimondo,0.00012537612838515547,0.0,0.00010477307112782697,7.007491271676116e-05
NischalShetty,0.00012537612838515547,0.0,0.00010477307112782697,7.007491271676116e-05
eurovermeer,0.00012537612838515547,0.0,0.00010477307112782697,7.007491271676116e-05
krim237,0.00012537612838515547,0.0,0.00010477307112782697,7.007491271676116e-05
McGooserJr,0.00012537612838515547,0.0,0.00010477307112782697,7.007491271676116e-05
bmrafrika,0.00012537612838515547,0.0,0.00010477307112782697,7.007491271676116e-05
tesla_kenya,0.00012537612838515547,0.0,0.00010477307112782697,7.007491271676116e-05
ThFerrier,0.00012537612838515547,0.0,0.00010477307112782697,7.007491271676116e-05
altcoin_bets,0.00012537612838515547,0.0,0.00010477307112782697,7.007491271676116e-05
EconDegensClub,0.00012537612838515547,0.0,0.00010477307112782697,7.007491271676116e-05
RubanDePapier,0.00012537612838515547,0.0,0.00010477307112782697,7.007491271676116e-05
Arzigman,0.00012537612838515547,0.0,0.00010477307112782697,7.007491271676116e-05
TSLAgang,0.00012537612838515547,0.0,0.00010477307112782697,7.007491271676116e-05
au_tom_otive,0.00012537612838515547,0.0,0.00010477307112782697,7.007491271676116e-05
soph_rainbow1,0.00012537612838515547,0.0,0.00010477307112782697,7.007491271676116e-05
MattLebb,0.00012537612838515547,0.0,0.00010477307112782697,7.007491271676116e-05
invierte_joven,0.00012537612838515547,0.0,0.00010477307112782697,7.007491271676116e-05
Xeritomad,0.00012537612838515547,0.0,0.00010477307112782697,7.007491271676116e-05
hronir,0.00012537612838515547,0.0,0.00010477307112782697,7.007491271676116e-05
kaeont,0.00012537612838515547,0.0,0.00010477307112782697,7.007491271676116e-05
HurricaneIker,0.00012537612838515547,0.0,0.00010477307112782697,7.007491271676116e-05
tesla_pici,0.00012537612838515547,0.0,0.00010477307112782697,7.007491271676116e-05
tentionmisleads,0.00012537612838515547,0.0,0.00010477307112782697,7.007491271676116e-05
Komanch,0.00012537612838515547,0.0,0.00010477307112782697,7.007491271676116e-05
Trading212,0.00012537612838515547,0.0,0.00010477307112782697,7.007491271676116e-05
LaQueenJ,0.00012537612838515547,0.0,0.00010477307112782697,7.007491271676116e-05
truth_tesla,0.00012537612838515547,0.0,0.00010477307112782697,7.007491271676116e-05
nexta_tv,0.00012537612838515547,0.0,0.00010477307112782697,7.007491271676116e-05
SubNat69,0.00012537612838515547,0.0,0.00010477307112782697,7.007491271676116e-05
ersoyakif1,0.00012537612838515547,0.0,0.00010477307112782697,7.007491271676116e-05
thehuffdoback,0.00012537612838515547,0.0,0.00010477307112782697,7.007491271676116e-05
ChapeauClaqu3,0.00012537612838515547,0.0,0.00010477307112782697,7.007491271676116e-05
opinion,0.00012537612838515547,0.0,0.00010477307112782697,7.007491271676116e-05
badgercop,0.00012537612838515547,0.0,0.00010477307112782697,7.007491271676116e-05
dailyherald,0.00012537612838515547,0.0,0.00010477307112782697,7.007491271676116e-05
argonne,0.00012537612838515547,0.0,0.00010477307112782697,7.007491271676116e-05
cosivee,0.00012537612838515547,0.0,0.00010477307112782697,7.007491271676116e-05
ProblemSniper,0.00012537612838515547,0.0,0.00010477307112782697,7.007491271676116e-05
AndyWallsQ,0.00012537612838515547,0.0,0.00010477307112782697,7.007491271676116e-05
LudekStanek,0.00012537612838515547,0.0,0.00010477307112782697,7.007491271676116e-05
Bigby_Grimes,0.00012537612838515547,0.0,0.00010477307112782697,7.007491271676116e-05
NL_Wetenschap,0.00012537612838515547,0.0,0.00010477307112782697,7.007491271676116e-05
rocandia10,0.00012537612838515547,0.0,0.00010477307112782697,7.007491271676116e-05
FacundoLotfe,0.00012537612838515547,0.0,0.00010477307112782697,7.007491271676116e-05
nomanautomata,0.00012537612838515547,0.0,0.00010477307112782697,7.007491271676116e-05
vhb1978,0.00012537612838515547,0.0,0.00010477307112782697,7.007491271676116e-05
ninokarotta,0.00012537612838515547,0.0,0.00010477307112782697,7.007491271676116e-05
Pi314159265351,0.00012537612838515547,0.0,0.00010477307112782697,7.007491271676116e-05
Loumerlum,0.00012537612838515547,0.0,0.00010477307112782697,7.007491271676116e-05
boldmovess,0.00012537612838515547,0.0,0.00010477307112782697,7.007491271676116e-05
LucWaterlot,0.00012537612838515547,0.0,0.00010477307112782697,7.007491271676116e-05
marcinger,0.00012537612838515547,0.0,0.00010477307112782697,7.007491271676116e-05
hron84,0.00012537612838515547,0.0,0.00010477307112782697,7.007491271676116e-05
jaginger,0.00012537612838515547,0.0,0.00010477307112782697,7.007491271676116e-05
nyugrad1,0.00012537612838515547,0.0,0.00010477307112782697,7.007491271676116e-05
DaveLougee,0.00012537612838515547,0.0,0.00010477307112782697,7.007491271676116e-05
Rob_GenX66,0.00012537612838515547,0.0,0.00010477307112782697,7.007491271676116e-05
PolinaPomorenko,0.00012537612838515547,0.0,0.00010477307112782697,7.007491271676116e-05
SugusSusanaTW,0.00012537612838515547,0.0,0.00010477307112782697,7.007491271676116e-05
JoshSeefried,0.00012537612838515547,0.0,0.00010477307112782697,7.007491271676116e-05
a_nogrady,0.00012537612838515547,0.0,0.00010477307112782697,7.007491271676116e-05
CapFuture_,0.00012537612838515547,0.0,0.00010477307112782697,7.007491271676116e-05
IBDinvestors,0.00012537612838515547,0.0,0.00010477307112782697,7.007491271676116e-05
ElonMuskFr,0.00012537612838515547,0.0,0.00010477307112782697,7.007491271676116e-05
ErikSTownsend,0.00012537612838515547,0.0,0.00010477307112782697,7.007491271676116e-05
MotorCityDolls,0.00012537612838515547,0.0,0.00010477307112782697,7.007491271676116e-05
btshobisprite,0.00012537612838515547,0.0,0.00010477307112782697,7.007491271676116e-05
youtube_bad,0.00012537612838515547,0.0,0.00010477307112782697,7.007491271676116e-05
kolkmvd,0.00012537612838515547,0.0,0.00010477307112782697,7.007491271676116e-05
SpavaZlo,0.00012537612838515547,0.0,0.00010477307112782697,7.007491271676116e-05
WatchingNFTS,0.00012537612838515547,0.0,0.00010477307112782697,7.007491271676116e-05
RedHatNoShirt,0.00012537612838515547,0.0,0.00010477307112782697,7.007491271676116e-05
VictorTsang19,0.00012537612838515547,0.0,0.00010477307112782697,7.007491271676116e-05
tom_wellborn3,0.00012537612838515547,0.0,0.00010477307112782697,7.007491271676116e-05
DarkNig87642995,0.00012537612838515547,0.0,0.00010477307112782697,7.007491271676116e-05
anton_wka,0.00012537612838515547,0.0,0.00010477307112782697,7.007491271676116e-05
mizushima441,0.00012537612838515547,0.0,0.00010477307112782697,7.007491271676116e-05
AngraKani,0.00012537612838515547,0.0,0.00010477307112782697,7.007491271676116e-05
jumboflan,0.00012537612838515547,0.0,0.00010477307112782697,7.007491271676116e-05
igorfocus,0.00012537612838515547,0.0,0.00010477307112782697,7.007491271676116e-05
JovanaPhi,0.00012537612838515547,0.0,0.00010477307112782697,7.007491271676116e-05
bubbaswine,0.00012537612838515547,0.0,0.00010477307112782697,7.007491271676116e-05
RepThomasMassie,0.00012537612838515547,0.0,0.00010477307112782697,7.007491271676116e-05
shortwallstreet,0.00012537612838515547,0.0,0.00010477307112782697,7.007491271676116e-05
Dennis_Porter_,0.00012537612838515547,0.0,0.00010477307112782697,7.007491271676116e-05
JoeMagnus74,0.00012537612838515547,0.0,0.00010477307112782697,7.007491271676116e-05
cbprincess5,0.00012537612838515547,0.0,0.00010477307112782697,7.007491271676116e-05
DenisWerner,0.00012537612838515547,0.0,0.00010477307112782697,7.007491271676116e-05
AlexandruFfm,0.00012537612838515547,0.0,0.00010477307112782697,7.007491271676116e-05
tgrall,0.00012537612838515547,0.0,0.00010477307112782697,7.007491271676116e-05
shehatesniz,0.00012537612838515547,0.0,0.00010477307112782697,7.007491271676116e-05
GoodMoaningAll,0.00012537612838515547,0.0,0.00010477307112782697,7.007491271676116e-05
Bolverk15,0.00012537612838515547,0.0,0.00010477307112782697,7.007491271676116e-05
DoctorHenryCT,0.00012537612838515547,0.0,0.00010477307112782697,7.007491271676116e-05
Nate_Rivers,0.00012537612838515547,0.0,0.00010477307112782697,7.007491271676116e-05
justiinape,0.00012537612838515547,0.0,0.00010477307112782697,7.007491271676116e-05
jreichelt,0.00012537612838515547,0.0,0.00010477307112782697,7.007491271676116e-05
Ciporoke,0.00012537612838515547,0.0,0.00010477307112782697,7.007491271676116e-05
Jk_Seriously_Jk,0.00012537612838515547,0.0,0.00010477307112782697,7.007491271676116e-05
SolzenjicinH,0.00012537612838515547,0.0,0.00010477307112782697,7.007491271676116e-05
TeslaSydney,0.00012537612838515547,0.0,0.00010477307112782697,7.007491271676116e-05
ManuelFerraraTV,0.00012537612838515547,0.0,0.00010477307112782697,7.007491271676116e-05
mnls_sxch,0.00012537612838515547,0.0,0.00010477307112782697,7.007491271676116e-05
Butseriously33,0.00012537612838515547,0.0,0.00010477307112782697,7.007491271676116e-05
NotATweeter16,0.00012537612838515547,0.0,0.00010477307112782697,7.007491271676116e-05
mitsyarty,0.00012537612838515547,0.0,0.00010477307112782697,7.007491271676116e-05
supermayor001,0.00012537612838515547,0.0,0.00010477307112782697,7.007491271676116e-05
ShaneCultra,0.00012537612838515547,0.0,0.00010477307112782697,7.007491271676116e-05
saraauh_,0.00012537612838515547,0.0,0.00010477307112782697,7.007491271676116e-05
TomMillerKXAN,0.00012537612838515547,0.0,0.00010477307112782697,7.007491271676116e-05
KXAN_News,0.00012537612838515547,0.0,0.00010477307112782697,7.007491271676116e-05
eon_next,0.00012537612838515547,0.0,0.00010477307112782697,7.007491271676116e-05
NotOk54,0.00012537612838515547,0.0,0.00010477307112782697,7.007491271676116e-05
RN549,0.00012537612838515547,0.0,0.00010477307112782697,7.007491271676116e-05
3Tony48,0.00012537612838515547,0.0,0.00010477307112782697,7.007491271676116e-05
CNN,0.00012537612838515547,0.0,0.00010477307112782697,7.007491271676116e-05
a_team1983,0.00012537612838515547,0.0,0.00010477307112782697,7.007491271676116e-05
WorstTimeline6,0.00012537612838515547,0.0,0.00010477307112782697,7.007491271676116e-05
tanisthelesbiab,0.00012537612838515547,0.0,0.00010477307112782697,7.007491271676116e-05
Teresaluet,0.00012537612838515547,0.0,0.00010477307112782697,7.007491271676116e-05
JBarthalomue,0.00012537612838515547,0.0,0.00010477307112782697,7.007491271676116e-05
BestTrader01,0.00012537612838515547,0.0,0.00010477307112782697,7.007491271676116e-05
R4nd4hl,0.00012537612838515547,0.0,0.00010477307112782697,7.007491271676116e-05
jooacomun,0.00012537612838515547,0.0,0.00010477307112782697,7.007491271676116e-05
FortuneMagazine,0.00012537612838515547,0.0,0.00010477307112782697,7.007491271676116e-05
Raahulc369,0.00012537612838515547,0.0,0.00010477307112782697,7.007491271676116e-05
Mann_O_Steel17,0.00012537612838515547,0.0,0.00010477307112782697,7.007491271676116e-05
JMichaelWaller,0.00012537612838515547,0.0,0.00010477307112782697,7.007491271676116e-05
NBCNews,0.00012537612838515547,0.0,0.00010477307112782697,7.007491271676116e-05
marcuspatt1776,0.00012537612838515547,0.0,0.00010477307112782697,7.007491271676116e-05
OdeDixon,0.00012537612838515547,0.0,0.00010477307112782697,7.007491271676116e-05
HoudinoGalleri,0.00012537612838515547,0.0,0.00010477307112782697,7.007491271676116e-05
YETICoolers,0.00012537612838515547,0.0,0.00010477307112782697,7.007491271676116e-05
OffcialDJISPR,0.00012537612838515547,0.0,0.00010477307112782697,7.007491271676116e-05
waitnwallflower,0.00012537612838515547,0.0,0.00010477307112782697,7.007491271676116e-05
BrunoLeMaire,0.00012537612838515547,0.0,0.00010477307112782697,7.007491271676116e-05
tarihsaka2,0.00012537612838515547,0.0,0.00010477307112782697,7.007491271676116e-05
BigSB_HODLer,0.00012537612838515547,0.0,0.00010477307112782697,7.007491271676116e-05
CardQueenEileen,0.00012537612838515547,0.0,0.00010477307112782697,7.007491271676116e-05
rasizdraggin,0.00012537612838515547,0.0,0.00010477307112782697,7.007491271676116e-05
PoetOishi,0.00012537612838515547,0.0,0.00010477307112782697,7.007491271676116e-05
DrTrillions,0.00012537612838515547,0.0,0.00010477307112782697,7.007491271676116e-05
pseupseudio,0.00012537612838515547,0.0,0.00010477307112782697,7.007491271676116e-05
SeasideChris,0.00012537612838515547,0.0,0.00010477307112782697,7.007491271676116e-05
Georgehindle46,0.00012537612838515547,0.0,0.00010477307112782697,7.007491271676116e-05
dachykes,0.00012537612838515547,0.0,0.00010477307112782697,7.007491271676116e-05
benjdm,0.00012537612838515547,0.0,0.00010477307112782697,7.007491271676116e-05
Acura,0.00012537612838515547,0.0,0.00010477307112782697,7.007491271676116e-05
tazgezwitscher,0.00012537612838515547,0.0,0.00010477307112782697,7.007491271676116e-05
DonBarbone,0.00012537612838515547,0.0,0.00010477307112782697,7.007491271676116e-05
N_aatPS,0.00012537612838515547,0.0,0.00010477307112782697,7.007491271676116e-05
TheExtremista,0.00012537612838515547,0.0,0.00010477307112782697,7.007491271676116e-05
GPTurchi,0.00012537612838515547,0.0,0.00010477307112782697,7.007491271676116e-05
Jeltjeb,0.00012537612838515547,0.0,0.00010477307112782697,7.007491271676116e-05
tarzanmauri,0.00012537612838515547,0.0,0.00010477307112782697,7.007491271676116e-05
3SidecarsPlz,0.00012537612838515547,0.0,0.00010477307112782697,7.007491271676116e-05
Andariya_,0.00012537612838515547,0.0,0.00010477307112782697,7.007491271676116e-05
zhang_heqing,0.00012537612838515547,0.0,0.00010477307112782697,7.007491271676116e-05
kimba_sonja,0.00012537612838515547,0.0,0.00010477307112782697,7.007491271676116e-05
tagesschau,0.00012537612838515547,0.0,0.00010477307112782697,7.007491271676116e-05
morgfair,0.00012537612838515547,0.0,0.00010477307112782697,7.007491271676116e-05
Ampel_Watch,0.00012537612838515547,0.0,0.00010477307112782697,7.007491271676116e-05
madyaglizencisi,0.00012537612838515547,0.0,0.00010477307112782697,7.007491271676116e-05
Julienn59,0.00012537612838515547,0.0,0.00010477307112782697,7.007491271676116e-05
joamartico,0.00012537612838515547,0.0,0.00010477307112782697,7.007491271676116e-05
LaszloCzigola,0.00012537612838515547,0.0,0.00010477307112782697,7.007491271676116e-05
Weisse_Kerze,0.00012537612838515547,0.0,0.00010477307112782697,7.007491271676116e-05
Gambiste1,0.00012537612838515547,0.0,0.00010477307112782697,7.007491271676116e-05
ChrisGa39928857,0.00012537612838515547,0.0,0.00010477307112782697,7.007491271676116e-05
amartinsba,0.00012537612838515547,0.0,0.00010477307112782697,7.007491271676116e-05
gerardfiloche,0.00012537612838515547,0.0,0.00010477307112782697,7.007491271676116e-05
FuckThatUnicorn,0.00012537612838515547,0.0,0.00010477307112782697,7.007491271676116e-05
savamalac,0.00012537612838515547,0.0,0.00010477307112782697,7.007491271676116e-05
Wissing,0.00012537612838515547,0.0,0.00010477307112782697,7.007491271676116e-05
joerogan,0.00012537612838515547,0.0,0.00010477307112782697,7.007491271676116e-05
MarcDutroux12,0.00012537612838515547,0.0,0.00010477307112782697,7.007491271676116e-05
clbth,0.00012537612838515547,0.0,0.00010477307112782697,7.007491271676116e-05
7eleven,0.00012537612838515547,0.0,0.00010477307112782697,7.007491271676116e-05
harmanfelipe,0.00012537612838515547,0.0,0.00010477307112782697,7.007491271676116e-05
NotMiki82,0.00012537612838515547,0.0,0.00010477307112782697,7.007491271676116e-05
AilsaForshaw,0.00012537612838515547,0.0,0.00010477307112782697,7.007491271676116e-05
MainChiq4,0.00012537612838515547,0.0,0.00010477307112782697,7.007491271676116e-05
Strykeasy,0.00012537612838515547,0.0,0.00010477307112782697,7.007491271676116e-05
julie_wade,0.00012537612838515547,0.0,0.00010477307112782697,7.007491271676116e-05
Coalsmoke1,0.00012537612838515547,0.0,0.00010477307112782697,7.007491271676116e-05
JSEllenberg,0.00012537612838515547,0.0,0.00010477307112782697,7.007491271676116e-05
marianaa_rl,0.00012537612838515547,0.0,0.00010477307112782697,7.007491271676116e-05
_anapaularg,0.00012537612838515547,0.0,0.00010477307112782697,7.007491271676116e-05
LLLLLLL1969,0.00012537612838515547,0.0,0.00010477307112782697,7.007491271676116e-05
YourManJCDenton,0.00012537612838515547,0.0,0.00010477307112782697,7.007491271676116e-05
reddit_lies,0.00012537612838515547,0.0,0.00010477307112782697,7.007491271676116e-05
GBeerdsen,0.00012537612838515547,0.0,0.00010477307112782697,7.007491271676116e-05
rcamcole,0.00012537612838515547,0.0,0.00010477307112782697,7.007491271676116e-05
NFTTheGreeks,0.00012537612838515547,0.0,0.00010477307112782697,7.007491271676116e-05
lonelybeasts,0.00012537612838515547,0.0,0.00010477307112782697,7.007491271676116e-05
weirdcato_7,0.00012537612838515547,0.0,0.00010477307112782697,7.007491271676116e-05
Ellars,0.00012537612838515547,0.0,0.00010477307112782697,7.007491271676116e-05
beenwrekt,0.00012537612838515547,0.0,0.00010477307112782697,7.007491271676116e-05
pushpendrakum,0.00012537612838515547,0.0,0.00010477307112782697,7.007491271676116e-05
surjeet60144127,0.00012537612838515547,0.0,0.00010477307112782697,7.007491271676116e-05
DavidMcDou,0.00012537612838515547,0.0,0.00010477307112782697,7.007491271676116e-05
MontanaSeptic,0.00012537612838515547,0.0,0.00010477307112782697,7.007491271676116e-05
ThomasBeyer,0.00012537612838515547,0.0,0.00010477307112782697,7.007491271676116e-05
mazureusz,0.00012537612838515547,0.0,0.00010477307112782697,7.007491271676116e-05
0x_tmdao,0.00012537612838515547,0.0,0.00010477307112782697,7.007491271676116e-05
Beings_Official,0.00012537612838515547,0.0,0.00010477307112782697,7.007491271676116e-05
Mayowathefirst,0.00012537612838515547,0.0,0.00010477307112782697,7.007491271676116e-05
facebook,0.00012537612838515547,0.0,0.00010477307112782697,7.007491271676116e-05
UAP_Therapist,0.00012537612838515547,0.0,0.00010477307112782697,7.007491271676116e-05
Schoolcraft420,0.00012537612838515547,0.0,0.00010477307112782697,7.007491271676116e-05
KaiWakamela,0.00012537612838515547,0.0,0.00010477307112782697,7.007491271676116e-05
DWinnie05,0.00012537612838515547,0.0,0.00010477307112782697,7.007491271676116e-05
coland267,0.00012537612838515547,0.0,0.00010477307112782697,7.007491271676116e-05
AlanBixter,0.00012537612838515547,0.0,0.00010477307112782697,7.007491271676116e-05
nonnachicca58,0.00012537612838515547,0.0,0.00010477307112782697,7.007491271676116e-05
fatazoe,0.00012537612838515547,0.0,0.00010477307112782697,7.007491271676116e-05
kkelvinrdg,0.00012537612838515547,0.0,0.00010477307112782697,7.007491271676116e-05
roaringrapids22,0.00012537612838515547,0.0,0.00010477307112782697,7.007491271676116e-05
liz_churchill_,0.00012537612838515547,0.0,0.00010477307112782697,7.007491271676116e-05
TheRandom_Guy_,0.00012537612838515547,0.0,0.00010477307112782697,7.007491271676116e-05
ChickenmanMkii,0.00012537612838515547,0.0,0.00010477307112782697,7.007491271676116e-05
nat_paulsen,0.00012537612838515547,0.0,0.00010477307112782697,7.007491271676116e-05
DecisionLab,0.00012537612838515547,0.0,0.00010477307112782697,7.007491271676116e-05
z3raphim,0.00012537612838515547,0.0,0.00010477307112782697,7.007491271676116e-05
IBD_ECarson,0.00012537612838515547,0.0,0.00010477307112782697,7.007491271676116e-05
LarsLowgren,0.00012537612838515547,0.0,0.00010477307112782697,7.007491271676116e-05
LiveMaharajah,0.00012537612838515547,0.0,0.00010477307112782697,7.007491271676116e-05
NounaNunu2050,0.00012537612838515547,0.0,0.00010477307112782697,7.007491271676116e-05
thuglifetoken,0.00012537612838515547,0.0,0.00010477307112782697,7.007491271676116e-05
nextmove_de,0.00012537612838515547,0.0,0.00010477307112782697,7.007491271676116e-05
TeamMichelin,0.00012537612838515547,0.0,0.00010477307112782697,7.007491271676116e-05
Raj_R_85,0.00012537612838515547,0.0,0.00010477307112782697,7.007491271676116e-05
moonsh0t__,0.00012537612838515547,0.0,0.00010477307112782697,7.007491271676116e-05
Dust_N_Dreams,0.00012537612838515547,0.0,0.00010477307112782697,7.007491271676116e-05
KellyFog79,0.00012537612838515547,0.0,0.00010477307112782697,7.007491271676116e-05
Endmetothemoon,0.00012537612838515547,0.0,0.00010477307112782697,7.007491271676116e-05
richardslopes83,0.00012537612838515547,0.0,0.00010477307112782697,7.007491271676116e-05
RockofRon,0.00012537612838515547,0.0,0.00010477307112782697,7.007491271676116e-05
Tesla_galen,0.00012537612838515547,0.0,0.00010477307112782697,7.007491271676116e-05
TheProphetPoet,0.00012537612838515547,0.0,0.00010477307112782697,7.007491271676116e-05
Namensgleichhe1,0.00012537612838515547,0.0,0.00010477307112782697,7.007491271676116e-05
marcelgarrigou,0.00012537612838515547,0.0,0.00010477307112782697,7.007491271676116e-05
oHipeoHop,0.00012537612838515547,0.0,0.00010477307112782697,7.007491271676116e-05
VilebrequinAuto,0.00012537612838515547,0.0,0.00010477307112782697,7.007491271676116e-05
gayan_john,0.00012537612838515547,0.0,0.00010477307112782697,7.007491271676116e-05
JORGELMS1,0.00012537612838515547,0.0,0.00010477307112782697,7.007491271676116e-05
DaveZ57863492,0.00012537612838515547,0.0,0.00010477307112782697,7.007491271676116e-05
BYDGlobal,0.00012537612838515547,0.0,0.00010477307112782697,7.007491271676116e-05
Lewis_Brackpool,0.00012537612838515547,0.0,0.00010477307112782697,7.007491271676116e-05
ProfitOverPanic,0.00012537612838515547,0.0,0.00010477307112782697,7.007491271676116e-05
SerkanK16508934,0.00012537612838515547,0.0,0.00010477307112782697,7.007491271676116e-05
HarezmiN,0.00012537612838515547,0.0,0.00010477307112782697,7.007491271676116e-05
KTLAMorningNews,0.00012537612838515547,0.0,0.00010477307112782697,7.007491271676116e-05
Davidlaz,0.00012537612838515547,0.0,0.00010477307112782697,7.007491271676116e-05
SherriBartimus,0.00012537612838515547,0.0,0.00010477307112782697,7.007491271676116e-05
DrunkAustrian,0.00012537612838515547,0.0,0.00010477307112782697,7.007491271676116e-05
ThatEricAlper,0.00012537612838515547,0.0,0.00010477307112782697,7.007491271676116e-05
TomSyvret,0.00012537612838515547,0.0,0.00010477307112782697,7.007491271676116e-05
_KevinSV_,0.00012537612838515547,0.0,0.00010477307112782697,7.007491271676116e-05
noddi93,0.00012537612838515547,0.0,0.00010477307112782697,7.007491271676116e-05
efenerr,0.00012537612838515547,0.0,0.00010477307112782697,7.007491271676116e-05
Mac4ever,0.00012537612838515547,0.0,0.00010477307112782697,7.007491271676116e-05
Charlie1337420,0.00012537612838515547,0.0,0.00010477307112782697,7.007491271676116e-05
DragoBTC,0.00012537612838515547,0.0,0.00010477307112782697,7.007491271676116e-05
strongroots61,0.00012537612838515547,0.0,0.00010477307112782697,7.007491271676116e-05
JAHeijkamp,0.00012537612838515547,0.0,0.00010477307112782697,7.007491271676116e-05
TheSailorSon,0.00012537612838515547,0.0,0.00010477307112782697,7.007491271676116e-05
TheBangkokIam,0.00012537612838515547,0.0,0.00010477307112782697,7.007491271676116e-05
FeloniousMusk,0.00012537612838515547,0.0,0.00010477307112782697,7.007491271676116e-05
craigscoinpurse,0.00012537612838515547,0.0,0.00010477307112782697,7.007491271676116e-05
veve_official,0.00012537612838515547,0.0,0.00010477307112782697,7.007491271676116e-05
BaseIncomeQuote,0.00012537612838515547,0.0,0.00010477307112782697,7.007491271676116e-05
dillipSbakchod,0.00012537612838515547,0.0,0.00010477307112782697,7.007491271676116e-05
carlos_galan01,0.00012537612838515547,0.0,0.0001039915534494246,6.987953329716055e-05
dennis_murphy,0.00012537612838515547,0.0,0.00010356864975773928,6.977380737423923e-05
seanrm92,0.00012537612838515547,0.0,0.00010321295762409142,6.968488434082727e-05
Ian_Darwin,0.00012537612838515547,0.0,0.00010321295762409142,6.968488434082727e-05
mesutbahtiyar35,0.00012537612838515547,0.0,0.00010321295762409142,6.968488434082727e-05
merBr9,0.00012537612838515547,0.0,0.00010321295762409142,6.968488434082727e-05
igb,0.00012537612838515547,0.0,0.00010129792740048958,6.920612678492681e-05
theBocker70,0.00012537612838515547,0.0,0.00010105804662154565,6.914615659019082e-05
Nedsir1,0.00012537612838515547,0.0,0.00010105804662154565,6.914615659019082e-05
noob08050,0.00012537612838515547,0.0,9.87802987849531e-05,6.857671963104268e-05
nanononanoni,0.00012537612838515547,0.0,9.851781241861967e-05,6.851109803945933e-05
juliorey,0.00012537612838515547,0.0,9.851781241861967e-05,6.851109803945933e-05
weezilla,0.00012537612838515547,0.0,9.789376701712545e-05,6.835508668908577e-05
DamonFillman,0.00012537612838515547,0.0,9.789376701712545e-05,6.835508668908577e-05
NaeEve_,0.00012537612838515547,0.0,9.76752868606172e-05,6.830046664995871e-05
13Heroes,0.00012537612838515547,0.0,9.741413421069986e-05,6.823517848747937e-05
Kaushalmak07,0.00012537612838515547,0.0,9.730274583857368e-05,6.820733139444783e-05
Gazondaily,0.00012537612838515547,0.0,9.57839126135162e-05,6.782762308818347e-05
OhNoItsAlexx,0.00012537612838515547,0.0,9.57839126135162e-05,6.782762308818347e-05
EverbornSaga,0.00012537612838515547,0.0,9.57839126135162e-05,6.782762308818347e-05
Neopabo2,0.00012537612838515547,0.0,9.57839126135162e-05,6.782762308818347e-05
tesla_lion,0.00012537612838515547,0.0,9.57839126135162e-05,6.782762308818347e-05
ecjaxson,0.00012537612838515547,0.0,9.57839126135162e-05,6.782762308818347e-05
RicochetRowdy,0.00012537612838515547,0.0,9.539061849620028e-05,6.772929955885448e-05
BurkhardRi,0.00012537612838515547,0.0,9.510932443350499e-05,6.765897604318065e-05
madonnajen,0.00012537612838515547,0.0,9.472745341162185e-05,6.756350828770987e-05
RubinhoISR,0.00012537612838515547,0.0,9.43476399458148e-05,6.746855492125811e-05
1st_BTC_Oracle,0.00012537612838515547,0.0,9.43476399458148e-05,6.746855492125811e-05
LisaSurge1234,0.00012537612838515547,0.0,9.43476399458148e-05,6.746855492125811e-05
EV_Research,0.00012537612838515547,0.0,9.43476399458148e-05,6.746855492125811e-05
SorbonneParis1,0.00012537612838515547,0.0,9.43476399458148e-05,6.746855492125811e-05
UniNicola,0.00012537612838515547,0.0,9.43476399458148e-05,6.746855492125811e-05
MashiRafael,0.00012537612838515547,0.0,9.43476399458148e-05,6.746855492125811e-05
LeoOrlandoA,0.00012537612838515547,0.0,9.43476399458148e-05,6.746855492125811e-05
agathaslugg,0.00012537612838515547,0.0,9.43476399458148e-05,6.746855492125811e-05
vetsch_peter,0.00012537612838515547,0.0,9.43476399458148e-05,6.746855492125811e-05
Accomplishplus,0.00012537612838515547,0.0,9.43476399458148e-05,6.746855492125811e-05
NFTHero2,0.00012537612838515547,0.0,9.43476399458148e-05,6.746855492125811e-05
DavidGr67648486,0.00012537612838515547,0.0,9.43476399458148e-05,6.746855492125811e-05
auto,0.00012537612838515547,0.0,9.43476399458148e-05,6.746855492125811e-05
Albertahunt1950,0.00012537612838515547,0.0,9.43476399458148e-05,6.746855492125811e-05
volven,0.00012537612838515547,0.0,9.43476399458148e-05,6.746855492125811e-05
Memosis,0.00012537612838515547,0.0,9.43476399458148e-05,6.746855492125811e-05
markrudolph2701,0.00012537612838515547,0.0,9.43476399458148e-05,6.746855492125811e-05
MariuszBroos,0.00012537612838515547,0.0,9.43476399458148e-05,6.746855492125811e-05
Technik377,0.00012537612838515547,0.0,9.43476399458148e-05,6.746855492125811e-05
EJSchna1958,0.00012537612838515547,0.0,9.43476399458148e-05,6.746855492125811e-05
UROCKlive1,0.00012537612838515547,0.0,9.43476399458148e-05,6.746855492125811e-05
Pkunk_,0.00012537612838515547,0.0,9.43476399458148e-05,6.746855492125811e-05
boeltier,0.00012537612838515547,0.0,9.43476399458148e-05,6.746855492125811e-05
reroutethe23,0.00012537612838515547,0.0,9.43476399458148e-05,6.746855492125811e-05
bonchieredstate,0.00012537612838515547,0.0,9.43476399458148e-05,6.746855492125811e-05
haussmann_bernd,0.00012537612838515547,0.0,9.43476399458148e-05,6.746855492125811e-05
jazonuxlay,0.00012537612838515547,0.0,9.43476399458148e-05,6.746855492125811e-05
milesdeutscher,0.00012537612838515547,0.0,9.43476399458148e-05,6.746855492125811e-05
learning_pt,0.00012537612838515547,0.0,9.43476399458148e-05,6.746855492125811e-05
DudeInvests,0.00012537612838515547,0.0,9.43476399458148e-05,6.746855492125811e-05
RaajaNagaLingam,0.00012537612838515547,0.0,9.43476399458148e-05,6.746855492125811e-05
Tesla_369,0.00012537612838515547,0.0,9.43476399458148e-05,6.746855492125811e-05
MLBONFOX,0.00012537612838515547,0.0,9.43476399458148e-05,6.746855492125811e-05
CrypRader,0.00012537612838515547,0.0,9.43476399458148e-05,6.746855492125811e-05
AnnaCsn0,0.00012537612838515547,0.0,9.43476399458148e-05,6.746855492125811e-05
farine_cheryl,0.00012537612838515547,0.0,9.43476399458148e-05,6.746855492125811e-05
chefanieeee,0.00012537612838515547,0.0,9.43476399458148e-05,6.746855492125811e-05
JustDoWriteNow,0.00012537612838515547,0.0,9.43476399458148e-05,6.746855492125811e-05
cezarykrysztopa,0.00012537612838515547,0.0,9.43476399458148e-05,6.746855492125811e-05
Baz14587134,0.00012537612838515547,0.0,9.43476399458148e-05,6.746855492125811e-05
MediaLawProf,0.00012537612838515547,0.0,9.43476399458148e-05,6.746855492125811e-05
matthias,0.00012537612838515547,0.0,9.43476399458148e-05,6.746855492125811e-05
windisch_p,0.00012537612838515547,0.0,9.43476399458148e-05,6.746855492125811e-05
refurbed_com,0.00012537612838515547,0.0,9.43476399458148e-05,6.746855492125811e-05
derbrutkasten,0.00012537612838515547,0.0,9.43476399458148e-05,6.746855492125811e-05
robdewijk,0.00012537612838515547,0.0,9.43476399458148e-05,6.746855492125811e-05
darth_mutti123,0.00012537612838515547,0.0,9.43476399458148e-05,6.746855492125811e-05
AreHonks,0.00012537612838515547,0.0,9.43476399458148e-05,6.746855492125811e-05
maxoutrage,0.00012537612838515547,0.0,9.43476399458148e-05,6.746855492125811e-05
kathrynresister,0.00012537612838515547,0.0,9.43476399458148e-05,6.746855492125811e-05
AngusMcKayII,0.00012537612838515547,0.0,9.43476399458148e-05,6.746855492125811e-05
UlricDabe,0.00012537612838515547,0.0,9.43476399458148e-05,6.746855492125811e-05
Aznable88,0.00012537612838515547,0.0,9.43476399458148e-05,6.746855492125811e-05
tinytusam,0.00012537612838515547,0.0,9.43476399458148e-05,6.746855492125811e-05
estebanvargas04,0.00012537612838515547,0.0,9.43476399458148e-05,6.746855492125811e-05
LiveOnTheChat,0.00012537612838515547,0.0,9.43476399458148e-05,6.746855492125811e-05
Mark_Buchanan_,0.00012537612838515547,0.0,9.43476399458148e-05,6.746855492125811e-05
EVREcompany,0.00012537612838515547,0.0,9.43476399458148e-05,6.746855492125811e-05
IT_AIRmass,0.00012537612838515547,0.0,9.43476399458148e-05,6.746855492125811e-05
0xWyckoff,0.00012537612838515547,0.0,9.43476399458148e-05,6.746855492125811e-05
hotdogoil,0.00012537612838515547,0.0,9.43476399458148e-05,6.746855492125811e-05
Ccuny79,0.00012537612838515547,0.0,9.43476399458148e-05,6.746855492125811e-05
PeterGFBarr,0.00012537612838515547,0.0,9.43476399458148e-05,6.746855492125811e-05
LataroMoyaBaron,0.00012537612838515547,0.0,9.43476399458148e-05,6.746855492125811e-05
MrPotatoheadPHD,0.00012537612838515547,0.0,9.43476399458148e-05,6.746855492125811e-05
DocSavageDR,0.00012537612838515547,0.0,9.43476399458148e-05,6.746855492125811e-05
Tegan7987,0.00012537612838515547,0.0,9.43476399458148e-05,6.746855492125811e-05
DJMC01975,0.00012537612838515547,0.0,9.43476399458148e-05,6.746855492125811e-05
t_ec,0.00012537612838515547,0.0,9.43476399458148e-05,6.746855492125811e-05
PharmaDoc2,0.00012537612838515547,0.0,9.43476399458148e-05,6.746855492125811e-05
1treetree7,0.00012537612838515547,0.0,9.43476399458148e-05,6.746855492125811e-05
HadesTerre,0.00012537612838515547,0.0,9.43476399458148e-05,6.746855492125811e-05
absynot,0.00012537612838515547,0.0,9.43476399458148e-05,6.746855492125811e-05
KnowNothingTV,0.00012537612838515547,0.0,9.43476399458148e-05,6.746855492125811e-05
JANABABIEE,0.00012537612838515547,0.0,9.43476399458148e-05,6.746855492125811e-05
TeamYouTube,0.00012537612838515547,0.0,9.43476399458148e-05,6.746855492125811e-05
luisardito666,0.00012537612838515547,0.0,9.43476399458148e-05,6.746855492125811e-05
arvalis,0.00012537612838515547,0.0,9.43476399458148e-05,6.746855492125811e-05
RealWillyBot,0.00012537612838515547,0.0,9.43476399458148e-05,6.746855492125811e-05
Joe_Billy_Wart,0.00012537612838515547,0.0,9.43476399458148e-05,6.746855492125811e-05
S_McG_61,0.00012537612838515547,0.0,9.43476399458148e-05,6.746855492125811e-05
406_PK,0.00012537612838515547,0.0,9.43476399458148e-05,6.746855492125811e-05
ContentedIndie,0.00012537612838515547,0.0,9.43476399458148e-05,6.746855492125811e-05
thirionremi,0.00012537612838515547,0.0,9.43476399458148e-05,6.746855492125811e-05
Rentscherchiert,0.00012537612838515547,0.0,9.43476399458148e-05,6.746855492125811e-05
umrath,0.00012537612838515547,0.0,9.43476399458148e-05,6.746855492125811e-05
CdnFreedomGirl,0.00012537612838515547,0.0,9.43476399458148e-05,6.746855492125811e-05
goranbarun,0.00012537612838515547,0.0,9.43476399458148e-05,6.746855492125811e-05
OhmyCallmeJuly,0.00012537612838515547,0.0,9.43476399458148e-05,6.746855492125811e-05
AmCoblan,0.00012537612838515547,0.0,9.43476399458148e-05,6.746855492125811e-05
superraxxo1,0.00012537612838515547,0.0,9.43476399458148e-05,6.746855492125811e-05
Billbrowder,0.00012537612838515547,0.0,9.43476399458148e-05,6.746855492125811e-05
benjy_613,0.00012537612838515547,0.0,9.43476399458148e-05,6.746855492125811e-05
ILoveTacos247,0.00012537612838515547,0.0,9.43476399458148e-05,6.746855492125811e-05
MaingauEnergie,0.00012537612838515547,0.0,9.43476399458148e-05,6.746855492125811e-05
renemadrid2003,0.00012537612838515547,0.0,9.43476399458148e-05,6.746855492125811e-05
Santiago_VCV,0.00012537612838515547,0.0,9.43476399458148e-05,6.746855492125811e-05
rufus_info,0.00012537612838515547,0.0,9.43476399458148e-05,6.746855492125811e-05
feddomw,0.00012537612838515547,0.0,9.43476399458148e-05,6.746855492125811e-05
SanderSchimmelp,0.00012537612838515547,0.0,9.43476399458148e-05,6.746855492125811e-05
Nitzao,0.00012537612838515547,0.0,9.43476399458148e-05,6.746855492125811e-05
Allan91524744,0.00012537612838515547,0.0,9.43476399458148e-05,6.746855492125811e-05
SZ,0.00012537612838515547,0.0,9.43476399458148e-05,6.746855492125811e-05
oinkettesupreme,0.00012537612838515547,0.0,9.43476399458148e-05,6.746855492125811e-05
saltyve,0.00012537612838515547,0.0,9.43476399458148e-05,6.746855492125811e-05
CryptoBadger17,0.00012537612838515547,0.0,9.43476399458148e-05,6.746855492125811e-05
ghmM_Europe,0.00012537612838515547,0.0,9.43476399458148e-05,6.746855492125811e-05
rzedowska,0.00012537612838515547,0.0,9.43476399458148e-05,6.746855492125811e-05
WordsDawn,0.00012537612838515547,0.0,9.43476399458148e-05,6.746855492125811e-05
Dadilicious2,0.00012537612838515547,0.0,9.43476399458148e-05,6.746855492125811e-05
AAttalides,0.00012537612838515547,0.0,9.43476399458148e-05,6.746855492125811e-05
Kurts_Tesla,0.00012537612838515547,0.0,9.43476399458148e-05,6.746855492125811e-05
phenryart,0.00012537612838515547,0.0,9.43476399458148e-05,6.746855492125811e-05
Teslalightshows,0.00012537612838515547,0.0,9.43476399458148e-05,6.746855492125811e-05
tarak9999,0.00012537612838515547,0.0,9.43476399458148e-05,6.746855492125811e-05
NagaGajula4,0.00012537612838515547,0.0,9.43476399458148e-05,6.746855492125811e-05
JaiTDP,0.00012537612838515547,0.0,9.43476399458148e-05,6.746855492125811e-05
Figured_That_,0.00012537612838515547,0.0,9.43476399458148e-05,6.746855492125811e-05
Nors3,0.00012537612838515547,0.0,9.43476399458148e-05,6.746855492125811e-05
slapdash__,0.00012537612838515547,0.0,9.43476399458148e-05,6.746855492125811e-05
pvmagazineoz,0.00012537612838515547,0.0,9.43476399458148e-05,6.746855492125811e-05
pvmagazine,0.00012537612838515547,0.0,9.43476399458148e-05,6.746855492125811e-05
ProfRayWills,0.00012537612838515547,0.0,9.43476399458148e-05,6.746855492125811e-05
clalexr,0.00012537612838515547,0.0,9.43476399458148e-05,6.746855492125811e-05
itsdanthekidd,0.00012537612838515547,0.0,9.43476399458148e-05,6.746855492125811e-05
chaim345,0.00012537612838515547,0.0,9.43476399458148e-05,6.746855492125811e-05
jaygould,0.00012537612838515547,0.0,9.43476399458148e-05,6.746855492125811e-05
hodlara,0.00012537612838515547,0.0,9.43476399458148e-05,6.746855492125811e-05
jamieorc,0.00012537612838515547,0.0,9.43476399458148e-05,6.746855492125811e-05
kistochka_ui,0.00012537612838515547,0.0,9.43476399458148e-05,6.746855492125811e-05
22Collab,0.00012537612838515547,0.0,9.43476399458148e-05,6.746855492125811e-05
narendramodi,0.00012537612838515547,0.0,9.43476399458148e-05,6.746855492125811e-05
sofiamilk_,0.00012537612838515547,0.0,9.43476399458148e-05,6.746855492125811e-05
kiki_pessi,0.00012537612838515547,0.0,9.43476399458148e-05,6.746855492125811e-05
ElTamar_Oficial,0.00012537612838515547,0.0,9.43476399458148e-05,6.746855492125811e-05
wiezegtdatnog,0.00012537612838515547,0.0,9.43476399458148e-05,6.746855492125811e-05
onzetaal,0.00012537612838515547,0.0,9.43476399458148e-05,6.746855492125811e-05
Ernst_blok,0.00012537612838515547,0.0,9.43476399458148e-05,6.746855492125811e-05
DontShootMeX1,0.00012537612838515547,0.0,9.43476399458148e-05,6.746855492125811e-05
DelBoyTrotter13,0.00012537612838515547,0.0,9.43476399458148e-05,6.746855492125811e-05
neznasgospodju,0.00012537612838515547,0.0,9.43476399458148e-05,6.746855492125811e-05
umehofficial,0.00012537612838515547,0.0,9.43476399458148e-05,6.746855492125811e-05
hassandez,0.00012537612838515547,0.0,9.43476399458148e-05,6.746855492125811e-05
CapitalRational,0.00012537612838515547,0.0,9.43476399458148e-05,6.746855492125811e-05
tweetdeez757,0.00012537612838515547,0.0,9.43476399458148e-05,6.746855492125811e-05
PLANDEMIJA1,0.00012537612838515547,0.0,9.43476399458148e-05,6.746855492125811e-05
adammowafi,0.00012537612838515547,0.0,9.43476399458148e-05,6.746855492125811e-05
Yazanne,0.00012537612838515547,0.0,9.43476399458148e-05,6.746855492125811e-05
AJJDordt,0.00012537612838515547,0.0,9.43476399458148e-05,6.746855492125811e-05
IdiazAyuso,0.00012537612838515547,0.0,9.43476399458148e-05,6.746855492125811e-05
TheValintyne,0.00012537612838515547,0.0,9.43476399458148e-05,6.746855492125811e-05
Awesome_1000,0.00012537612838515547,0.0,9.43476399458148e-05,6.746855492125811e-05
VRUNDRAGICA,0.00012537612838515547,0.0,9.43476399458148e-05,6.746855492125811e-05
jackcampbell711,0.00012537612838515547,0.0,9.43476399458148e-05,6.746855492125811e-05
Dorsalfinnn,0.00012537612838515547,0.0,9.43476399458148e-05,6.746855492125811e-05
chundoII,0.00012537612838515547,0.0,9.43476399458148e-05,6.746855492125811e-05
BJJ19561,0.00012537612838515547,0.0,9.43476399458148e-05,6.746855492125811e-05
cancelmyfunera1,0.00012537612838515547,0.0,9.43476399458148e-05,6.746855492125811e-05
Ajcool2020,0.00012537612838515547,0.0,9.43476399458148e-05,6.746855492125811e-05
carolacarazo,0.00012537612838515547,0.0,9.43476399458148e-05,6.746855492125811e-05
Paul91701736,0.00012537612838515547,0.0,9.43476399458148e-05,6.746855492125811e-05
ultrawide219,0.00012537612838515547,0.0,9.43476399458148e-05,6.746855492125811e-05
vetradesys,0.00012537612838515547,0.0,9.43476399458148e-05,6.746855492125811e-05
Angelglobesky1,0.00012537612838515547,0.0,9.43476399458148e-05,6.746855492125811e-05
simonrisberg,0.00012537612838515547,0.0,9.43476399458148e-05,6.746855492125811e-05
rektor_linnea,0.00012537612838515547,0.0,9.43476399458148e-05,6.746855492125811e-05
Anton_Holmlund,0.00012537612838515547,0.0,9.43476399458148e-05,6.746855492125811e-05
SonOfCormac_,0.00012537612838515547,0.0,9.43476399458148e-05,6.746855492125811e-05
iRocSevo,0.00012537612838515547,0.0,9.43476399458148e-05,6.746855492125811e-05
nfr420,0.00012537612838515547,0.0,9.43476399458148e-05,6.746855492125811e-05
martonim6p,0.00012537612838515547,0.0,9.43476399458148e-05,6.746855492125811e-05
jsuis_con,0.00012537612838515547,0.0,9.43476399458148e-05,6.746855492125811e-05
NoWahallaa,0.00012537612838515547,0.0,9.43476399458148e-05,6.746855492125811e-05
marty3dtw,0.00012537612838515547,0.0,9.43476399458148e-05,6.746855492125811e-05
Monsieur_Mehdi,0.00012537612838515547,0.0,9.43476399458148e-05,6.746855492125811e-05
AltcoinDailyio,0.00012537612838515547,0.0,9.43476399458148e-05,6.746855492125811e-05
darknessn2light,0.00012537612838515547,0.0,9.43476399458148e-05,6.746855492125811e-05
PallaviGunalan,0.00012537612838515547,0.0,9.43476399458148e-05,6.746855492125811e-05
ANYOTHERALIAS,0.00012537612838515547,0.0,9.43476399458148e-05,6.746855492125811e-05
morgenpost,0.00012537612838515547,0.0,9.43476399458148e-05,6.746855492125811e-05
Berlin_Ticker,0.00012537612838515547,0.0,9.43476399458148e-05,6.746855492125811e-05
Pritish_Mishra,0.00012537612838515547,0.0,9.43476399458148e-05,6.746855492125811e-05
strwbryprinc3ss,0.00012537612838515547,0.0,9.43476399458148e-05,6.746855492125811e-05
jingusucks,0.00012537612838515547,0.0,9.43476399458148e-05,6.746855492125811e-05
CerfiaFR,0.00012537612838515547,0.0,9.43476399458148e-05,6.746855492125811e-05
GhostPoet_,0.00012537612838515547,0.0,9.43476399458148e-05,6.746855492125811e-05
NinoPortschy,0.00012537612838515547,0.0,9.43476399458148e-05,6.746855492125811e-05
HaagMariss,0.00012537612838515547,0.0,9.43476399458148e-05,6.746855492125811e-05
davidfaber,0.00012537612838515547,0.0,9.43476399458148e-05,6.746855492125811e-05
haveanicedaygfy,0.00012537612838515547,0.0,9.43476399458148e-05,6.746855492125811e-05
bjornatli,0.00012537612838515547,0.0,9.43476399458148e-05,6.746855492125811e-05
bariweiss,0.00012537612838515547,0.0,9.43476399458148e-05,6.746855492125811e-05
metafizikuantum,0.00012537612838515547,0.0,9.43476399458148e-05,6.746855492125811e-05
MehmetTanselY,0.00012537612838515547,0.0,9.43476399458148e-05,6.746855492125811e-05
ErtanOzyigit,0.00012537612838515547,0.0,9.43476399458148e-05,6.746855492125811e-05
tack_bob,0.00012537612838515547,0.0,9.43476399458148e-05,6.746855492125811e-05
bigstonkboy,0.00012537612838515547,0.0,9.43476399458148e-05,6.746855492125811e-05
SiRSONlC,0.00012537612838515547,0.0,9.43476399458148e-05,6.746855492125811e-05
LyftGyft,0.00012537612838515547,0.0,9.43476399458148e-05,6.746855492125811e-05
TeslaDisruptor,0.00012537612838515547,0.0,9.43476399458148e-05,6.746855492125811e-05
BobbyStroud,0.00012537612838515547,0.0,9.43476399458148e-05,6.746855492125811e-05
GlendaBast16711,0.00012537612838515547,0.0,9.43476399458148e-05,6.746855492125811e-05
partilha,0.00012537612838515547,0.0,9.43476399458148e-05,6.746855492125811e-05
gentleminions1,0.00012537612838515547,0.0,9.43476399458148e-05,6.746855492125811e-05
ReichelJonas,0.00012537612838515547,0.0,9.43476399458148e-05,6.746855492125811e-05
DerRedstone_Pro,0.00012537612838515547,0.0,9.43476399458148e-05,6.746855492125811e-05
StewKlazinga,0.00012537612838515547,0.0,9.43476399458148e-05,6.746855492125811e-05
ImMomentary,0.00012537612838515547,0.0,9.43476399458148e-05,6.746855492125811e-05
shitzgetnreal,0.00012537612838515547,0.0,9.43476399458148e-05,6.746855492125811e-05
D0ubleTapper,0.00012537612838515547,0.0,9.43476399458148e-05,6.746855492125811e-05
BlueOtter75,0.00012537612838515547,0.0,9.43476399458148e-05,6.746855492125811e-05
axolotlkillah,0.00012537612838515547,0.0,9.43476399458148e-05,6.746855492125811e-05
bdbbabbie,0.00012537612838515547,0.0,9.43476399458148e-05,6.746855492125811e-05
Jones_Malvin,0.00012537612838515547,0.0,9.43476399458148e-05,6.746855492125811e-05
BaRuvaaa,0.00012537612838515547,0.0,9.43476399458148e-05,6.746855492125811e-05
Seve86,0.00012537612838515547,0.0,9.43476399458148e-05,6.746855492125811e-05
111Truth777,0.00012537612838515547,0.0,9.43476399458148e-05,6.746855492125811e-05
Huitzil0p0chtl1,0.00012537612838515547,0.0,9.43476399458148e-05,6.746855492125811e-05
ceno02,0.00012537612838515547,0.0,9.43476399458148e-05,6.746855492125811e-05
ntvde,0.00012537612838515547,0.0,9.43476399458148e-05,6.746855492125811e-05
derStandardat,0.00012537612838515547,0.0,9.43476399458148e-05,6.746855492125811e-05
pyrz_tprk,0.00012537612838515547,0.0,9.43476399458148e-05,6.746855492125811e-05
smail05417731,0.00012537612838515547,0.0,9.43476399458148e-05,6.746855492125811e-05
droneguy65,0.00012537612838515547,0.0,9.43476399458148e-05,6.746855492125811e-05
MrSketch16,0.00012537612838515547,0.0,9.43476399458148e-05,6.746855492125811e-05
Kanarchart,0.00012537612838515547,0.0,9.43476399458148e-05,6.746855492125811e-05
NaeFineAzz,0.00012537612838515547,0.0,9.43476399458148e-05,6.746855492125811e-05
BrownMoneyBabii,0.00012537612838515547,0.0,9.43476399458148e-05,6.746855492125811e-05
WSJ,0.00012537612838515547,0.0,9.43476399458148e-05,6.746855492125811e-05
philbaudelot,0.00012537612838515547,0.0,9.43476399458148e-05,6.746855492125811e-05
gVibrac,0.00012537612838515547,0.0,9.43476399458148e-05,6.746855492125811e-05
tee_tesla,0.00012537612838515547,0.0,9.43476399458148e-05,6.746855492125811e-05
concodanomics,0.00012537612838515547,0.0,9.43476399458148e-05,6.746855492125811e-05
scarfizal,0.00012537612838515547,0.0,9.43476399458148e-05,6.746855492125811e-05
Ahhmard,0.00012537612838515547,0.0,9.43476399458148e-05,6.746855492125811e-05
theblackpearl24,0.00012537612838515547,0.0,9.43476399458148e-05,6.746855492125811e-05
1LoafOfMeat,0.00012537612838515547,0.0,9.43476399458148e-05,6.746855492125811e-05
TotallyDogers,0.00012537612838515547,0.0,9.43476399458148e-05,6.746855492125811e-05
MarcSkulnick,0.00012537612838515547,0.0,9.43476399458148e-05,6.746855492125811e-05
stoner253420,0.00012537612838515547,0.0,9.43476399458148e-05,6.746855492125811e-05
Russianbot_7,0.00012537612838515547,0.0,9.43476399458148e-05,6.746855492125811e-05
RocketRay,0.00012537612838515547,0.0,9.43476399458148e-05,6.746855492125811e-05
PaulMoraski,0.00012537612838515547,0.0,9.43476399458148e-05,6.746855492125811e-05
musicedsolution,0.00012537612838515547,0.0,9.43476399458148e-05,6.746855492125811e-05
SueYoung351,0.00012537612838515547,0.0,9.43476399458148e-05,6.746855492125811e-05
JsyMusicService,0.00012537612838515547,0.0,9.43476399458148e-05,6.746855492125811e-05
not_vic_in_az,0.00012537612838515547,0.0,9.43476399458148e-05,6.746855492125811e-05
LiaWardTX1,0.00012537612838515547,0.0,9.43476399458148e-05,6.746855492125811e-05
goldboatlost,0.00012537612838515547,0.0,9.43476399458148e-05,6.746855492125811e-05
JuhaBor,0.00012537612838515547,0.0,9.43476399458148e-05,6.746855492125811e-05
HamiltonPolice,0.00012537612838515547,0.0,9.43476399458148e-05,6.746855492125811e-05
RodT3,0.00012537612838515547,0.0,9.43476399458148e-05,6.746855492125811e-05
4gravitons,0.00012537612838515547,0.0,9.43476399458148e-05,6.746855492125811e-05
choudhry_29,0.00012537612838515547,0.0,9.43476399458148e-05,6.746855492125811e-05
pato_torres5,0.00012537612838515547,0.0,9.43476399458148e-05,6.746855492125811e-05
Dirt_Birds_NFT,0.00012537612838515547,0.0,9.43476399458148e-05,6.746855492125811e-05
CyberNightsNFT,0.00012537612838515547,0.0,9.43476399458148e-05,6.746855492125811e-05
ColbyWegman,0.00012537612838515547,0.0,9.43476399458148e-05,6.746855492125811e-05
heftycharge,0.00012537612838515547,0.0,9.43476399458148e-05,6.746855492125811e-05
SamanthaMalin,0.00012537612838515547,0.0,9.43476399458148e-05,6.746855492125811e-05
jayrosen_nyu,0.00012537612838515547,0.0,9.43476399458148e-05,6.746855492125811e-05
Iam_EmperorAlex,0.00012537612838515547,0.0,9.43476399458148e-05,6.746855492125811e-05
remcoh,0.00012537612838515547,0.0,9.43476399458148e-05,6.746855492125811e-05
anderscorr,0.00012537612838515547,0.0,9.43476399458148e-05,6.746855492125811e-05
EpochOpinion,0.00012537612838515547,0.0,9.43476399458148e-05,6.746855492125811e-05
dumbanddumberlc,0.00012537612838515547,0.0,9.43476399458148e-05,6.746855492125811e-05
dpradhanbjp,0.00012537612838515547,0.0,9.43476399458148e-05,6.746855492125811e-05
SaniSara11,0.00012537612838515547,0.0,9.43476399458148e-05,6.746855492125811e-05
DG_NTA,0.00012537612838515547,0.0,9.43476399458148e-05,6.746855492125811e-05
soraiabrum,0.00012537612838515547,0.0,9.43476399458148e-05,6.746855492125811e-05
NickCannon,0.00012537612838515547,0.0,9.43476399458148e-05,6.746855492125811e-05
EkasNaomi,0.00012537612838515547,0.0,9.43476399458148e-05,6.746855492125811e-05
ER1CH,0.00012537612838515547,0.0,9.43476399458148e-05,6.746855492125811e-05
SKSHAH2K,0.00012537612838515547,0.0,9.43476399458148e-05,6.746855492125811e-05
JoostNiemoller,0.00012537612838515547,0.0,9.43476399458148e-05,6.746855492125811e-05
BoeserJanet,0.00012537612838515547,0.0,9.43476399458148e-05,6.746855492125811e-05
AyORalphiie,0.00012537612838515547,0.0,9.43476399458148e-05,6.746855492125811e-05
ColumbusGov,0.00012537612838515547,0.0,9.43476399458148e-05,6.746855492125811e-05
OptimusTesla_io,0.00012537612838515547,0.0,9.43476399458148e-05,6.746855492125811e-05
phoennix10,0.00012537612838515547,0.0,9.43476399458148e-05,6.746855492125811e-05
kentaqn,0.00012537612838515547,0.0,9.43476399458148e-05,6.746855492125811e-05
NJKILL,0.00012537612838515547,0.0,9.43476399458148e-05,6.746855492125811e-05
j_vollenbroek,0.00012537612838515547,0.0,9.43476399458148e-05,6.746855492125811e-05
jablan,0.00012537612838515547,0.0,9.43476399458148e-05,6.746855492125811e-05
Andresalmeidar,0.00012537612838515547,0.0,9.43476399458148e-05,6.746855492125811e-05
turo,0.00012537612838515547,0.0,9.43476399458148e-05,6.746855492125811e-05
9sirtom5,0.00012537612838515547,0.0,9.43476399458148e-05,6.746855492125811e-05
sebastiansozi,0.00012537612838515547,0.0,9.43476399458148e-05,6.746855492125811e-05
leseerlaubnis,0.00012537612838515547,0.0,9.43476399458148e-05,6.746855492125811e-05
jaces,0.00012537612838515547,0.0,9.43476399458148e-05,6.746855492125811e-05
doragonhill,0.00012537612838515547,0.0,9.43476399458148e-05,6.746855492125811e-05
azumahiroshijp,0.00012537612838515547,0.0,9.43476399458148e-05,6.746855492125811e-05
LukhmanM,0.00012537612838515547,0.0,9.43476399458148e-05,6.746855492125811e-05
KirstyRoseOH,0.00012537612838515547,0.0,9.43476399458148e-05,6.746855492125811e-05
blauwvlam,0.00012537612838515547,0.0,9.43476399458148e-05,6.746855492125811e-05
Abundant_Power,0.00012537612838515547,0.0,9.43476399458148e-05,6.746855492125811e-05
KEBrightbill,0.00012537612838515547,0.0,9.43476399458148e-05,6.746855492125811e-05
Lilacgirl58,0.00012537612838515547,0.0,9.43476399458148e-05,6.746855492125811e-05
Bubinator_X,0.00012537612838515547,0.0,9.43476399458148e-05,6.746855492125811e-05
KWinkelaar,0.00012537612838515547,0.0,9.43476399458148e-05,6.746855492125811e-05
FreedomMustWin1,0.00012537612838515547,0.0,9.43476399458148e-05,6.746855492125811e-05
ukdutypaid2u,0.00012537612838515547,0.0,9.43476399458148e-05,6.746855492125811e-05
BowTiedBull,0.00012537612838515547,0.0,9.43476399458148e-05,6.746855492125811e-05
stopagitpropnow,0.00012537612838515547,0.0,9.43476399458148e-05,6.746855492125811e-05
JillayneMC,0.00012537612838515547,0.0,9.43476399458148e-05,6.746855492125811e-05
ThatDude23_,0.00012537612838515547,0.0,9.43476399458148e-05,6.746855492125811e-05
brainthots,0.00012537612838515547,0.0,9.43476399458148e-05,6.746855492125811e-05
agawamrick,0.00012537612838515547,0.0,9.43476399458148e-05,6.746855492125811e-05
Kris_Sacrebleu,0.00012537612838515547,0.0,9.43476399458148e-05,6.746855492125811e-05
RogueChristian5,0.00012537612838515547,0.0,9.43476399458148e-05,6.746855492125811e-05
yearclock,0.00012537612838515547,0.0,9.43476399458148e-05,6.746855492125811e-05
rodrigo21609145,0.00012537612838515547,0.0,9.43476399458148e-05,6.746855492125811e-05
dhamnormok,0.00012537612838515547,0.0,9.43476399458148e-05,6.746855492125811e-05
BaldyCars,0.00012537612838515547,0.0,9.43476399458148e-05,6.746855492125811e-05
TomCatEqs,0.00012537612838515547,0.0,9.43476399458148e-05,6.746855492125811e-05
androidcentral,0.00012537612838515547,0.0,9.43476399458148e-05,6.746855492125811e-05
grambo1980,0.00012537612838515547,0.0,9.43476399458148e-05,6.746855492125811e-05
lastmanlanding,0.00012537612838515547,0.0,9.43476399458148e-05,6.746855492125811e-05
ScottAdamsSays,0.00012537612838515547,0.0,9.43476399458148e-05,6.746855492125811e-05
Jacket_Spangler,0.00012537612838515547,0.0,9.43476399458148e-05,6.746855492125811e-05
Scorpio10299835,0.00012537612838515547,0.0,9.43476399458148e-05,6.746855492125811e-05
constantine741,0.00012537612838515547,0.0,9.43476399458148e-05,6.746855492125811e-05
BAYC2745,0.00012537612838515547,0.0,9.43476399458148e-05,6.746855492125811e-05
OneSaltyCamel2,0.00012537612838515547,0.0,9.43476399458148e-05,6.746855492125811e-05
tylinstoy,0.00012537612838515547,0.0,9.43476399458148e-05,6.746855492125811e-05
supvalentin,0.00012537612838515547,0.0,9.43476399458148e-05,6.746855492125811e-05
andresalvar5,0.00012537612838515547,0.0,9.43476399458148e-05,6.746855492125811e-05
ADAC,0.00012537612838515547,0.0,9.43476399458148e-05,6.746855492125811e-05
SnarkyPixel_,0.00012537612838515547,0.0,9.43476399458148e-05,6.746855492125811e-05
manjos,0.00012537612838515547,0.0,9.43476399458148e-05,6.746855492125811e-05
m_matuschek,0.00012537612838515547,0.0,9.43476399458148e-05,6.746855492125811e-05
VirtualFormulaL,0.00012537612838515547,0.0,9.43476399458148e-05,6.746855492125811e-05
TeslaMVR,0.00012537612838515547,0.0,9.43476399458148e-05,6.746855492125811e-05
PIRATESxESPORTS,0.00012537612838515547,0.0,9.43476399458148e-05,6.746855492125811e-05
Weltwoche,0.00012537612838515547,0.0,9.43476399458148e-05,6.746855492125811e-05
claudiseo,0.00012537612838515547,0.0,9.43476399458148e-05,6.746855492125811e-05
volkswagen,0.00012537612838515547,0.0,9.43476399458148e-05,6.746855492125811e-05
robinvonrobintv,0.00012537612838515547,0.0,9.43476399458148e-05,6.746855492125811e-05
Juristadelsur,0.00012537612838515547,0.0,9.43476399458148e-05,6.746855492125811e-05
AlbertBridgeCap,0.00012537612838515547,0.0,9.36029662899568e-05,6.728238650729362e-05
MatanMarx,0.00012537612838515547,0.0,9.36029662899568e-05,6.728238650729362e-05
nbakic,0.00012537612838515547,0.0,9.345416184995743e-05,6.724518539729377e-05
fancyplugoakley,0.00012537612838515547,0.0,9.270208084086964e-05,6.705716514502182e-05
GameStop,0.00012537612838515547,0.0,9.226255370941238e-05,6.69472833621575e-05
REALTALK528,0.00012537612838515547,0.0,9.136894532238276e-05,6.67238812654001e-05
GoDogeArmy,0.00012537612838515547,0.0,9.109441545555615e-05,6.665524879869344e-05
PaulStout10,0.00012537612838515547,0.0,9.03684222431125e-05,6.647375049558254e-05
absolutely_perf,0.00012537612838515547,0.0,9.03684222431125e-05,6.647375049558254e-05
Sublux8tor,0.00012537612838515547,0.0,8.997665727896234e-05,6.6375809254545e-05
StoopKidzNFT,0.00012537612838515547,0.0,8.992529347710543e-05,6.636296830408077e-05
AmericanLuddite,0.00012537612838515547,0.0,8.984039452312514e-05,6.63417435655857e-05
FriarTuck60,0.00012537612838515547,0.0,8.955342207151573e-05,6.627000045268334e-05
tmornini,0.00012537612838515547,0.0,8.931558334514726e-05,6.621054077109123e-05
TheLoris2,0.00012537612838515547,0.0,8.931558334514726e-05,6.621054077109123e-05
Dimitri_Anastas,0.00012537612838515547,0.0,8.931558334514726e-05,6.621054077109123e-05
Ziggi92,0.00012537612838515547,0.0,8.92972663577273e-05,6.620596152423624e-05
aldavigdis,0.00012537612838515547,0.0,8.92972663577273e-05,6.620596152423624e-05
pirate_teddy,0.00012537612838515547,0.0,8.913492435480872e-05,6.616537602350659e-05
mydear319,0.00012537612838515547,0.0,8.913492435480872e-05,6.616537602350659e-05
lawindsor,0.00012537612838515547,0.0,8.913492435480872e-05,6.616537602350659e-05
StckPro,0.00012537612838515547,0.0,8.913492435480872e-05,6.616537602350659e-05
MrChrisJustice,0.00012537612838515547,0.0,8.913492435480872e-05,6.616537602350659e-05
foxx_do,0.00012537612838515547,0.0,8.913492435480872e-05,6.616537602350659e-05
clarksmith99,0.00012537612838515547,0.0,8.913492435480872e-05,6.616537602350659e-05
GayAssGoddess,0.00012537612838515547,0.0,8.913492435480872e-05,6.616537602350659e-05
LucidInsider,0.00012537612838515547,0.0,8.913492435480872e-05,6.616537602350659e-05
RockHardScoop,0.00012537612838515547,0.0,8.913492435480872e-05,6.616537602350659e-05
MaisonGladys,0.00012537612838515547,0.0,8.913492435480872e-05,6.616537602350659e-05
Anthony65181997,0.00012537612838515547,0.0,8.913492435480872e-05,6.616537602350659e-05
Moonalice,0.00012537612838515547,0.0,8.913492435480872e-05,6.616537602350659e-05
Sublime_JMRI,0.00012537612838515547,0.0,8.913492435480872e-05,6.616537602350659e-05
cLoWn_Ee,0.00012537612838515547,0.0,8.913492435480872e-05,6.616537602350659e-05
Aiken356203001,0.00012537612838515547,0.0,8.913492435480872e-05,6.616537602350659e-05
JohanaWasTaken,0.00012537612838515547,0.0,8.913492435480872e-05,6.616537602350659e-05
hankhillwbeard,0.00012537612838515547,0.0,8.913492435480872e-05,6.616537602350659e-05
Complexity,0.00012537612838515547,0.0,8.913492435480872e-05,6.616537602350659e-05
Matty3C,0.00012537612838515547,0.0,8.913492435480872e-05,6.616537602350659e-05
NIAbbot,0.00012537612838515547,0.0,8.913492435480872e-05,6.616537602350659e-05
InvResDynamics,0.00012537612838515547,0.0,8.913492435480872e-05,6.616537602350659e-05
john574NYC,0.00012537612838515547,0.0,8.913492435480872e-05,6.616537602350659e-05
paulg,0.00012537612838515547,0.0,8.913492435480872e-05,6.616537602350659e-05
D1xon_00,0.00012537612838515547,0.0,8.913492435480872e-05,6.616537602350659e-05
behindtext,0.00012537612838515547,0.0,8.913492435480872e-05,6.616537602350659e-05
nisenbaum,0.00012537612838515547,0.0,8.913492435480872e-05,6.616537602350659e-05
BlanikZ,0.00012537612838515547,0.0,8.913492435480872e-05,6.616537602350659e-05
leadership_lens,0.00012537612838515547,0.0,8.913492435480872e-05,6.616537602350659e-05
mikerichh,0.00012537612838515547,0.0,8.913492435480872e-05,6.616537602350659e-05
SarahBCalif,0.00012537612838515547,0.0,8.913492435480872e-05,6.616537602350659e-05
gtiseth,0.00012537612838515547,0.0,8.913492435480872e-05,6.616537602350659e-05
DIVERSELMP,0.00012537612838515547,0.0,8.913492435480872e-05,6.616537602350659e-05
LongVollllll,0.00012537612838515547,0.0,8.913492435480872e-05,6.616537602350659e-05
CathieDWood,0.00012537612838515547,0.0,8.913492435480872e-05,6.616537602350659e-05
AaronCl62680488,0.00012537612838515547,0.0,8.913492435480872e-05,6.616537602350659e-05
PetrCejka74,0.00012537612838515547,0.0,8.913492435480872e-05,6.616537602350659e-05
OndrejBacina,0.00012537612838515547,0.0,8.913492435480872e-05,6.616537602350659e-05
AutoExpress,0.00012537612838515547,0.0,8.913492435480872e-05,6.616537602350659e-05
WangrevelainJ,0.00012537612838515547,0.0,8.913492435480872e-05,6.616537602350659e-05
BB27000,0.00012537612838515547,0.0,8.913492435480872e-05,6.616537602350659e-05
SolarMobilHDH,0.00012537612838515547,0.0,8.913492435480872e-05,6.616537602350659e-05
sbarnettARK,0.00012537612838515547,0.0,8.913492435480872e-05,6.616537602350659e-05
dheerajbatchu,0.00012537612838515547,0.0,8.913492435480872e-05,6.616537602350659e-05
lucyaragon,0.00012537612838515547,0.0,8.913492435480872e-05,6.616537602350659e-05
KasperKubica,0.00012537612838515547,0.0,8.913492435480872e-05,6.616537602350659e-05
alexjpujol,0.00012537612838515547,0.0,8.913492435480872e-05,6.616537602350659e-05
FiatDeutschland,0.00012537612838515547,0.0,8.913492435480872e-05,6.616537602350659e-05
moutet_a,0.00012537612838515547,0.0,8.913492435480872e-05,6.616537602350659e-05
xApokalypse,0.00012537612838515547,0.0,8.913492435480872e-05,6.616537602350659e-05
mcuban,0.00012537612838515547,0.0,8.913492435480872e-05,6.616537602350659e-05
art_xbt,0.00012537612838515547,0.0,8.913492435480872e-05,6.616537602350659e-05
OlivierHabi,0.00012537612838515547,0.0,8.913492435480872e-05,6.616537602350659e-05
tylers_feed,0.00012537612838515547,0.0,8.913492435480872e-05,6.616537602350659e-05
BBCPM,0.00012537612838515547,0.0,8.913492435480872e-05,6.616537602350659e-05
LBC,0.00012537612838515547,0.0,8.913492435480872e-05,6.616537602350659e-05
15980beeb744492,0.00012537612838515547,0.0,8.913492435480872e-05,6.616537602350659e-05
_einundzwanzig_,0.00012537612838515547,0.0,8.913492435480872e-05,6.616537602350659e-05
ThatsWhatHeSeid,0.00012537612838515547,0.0,8.913492435480872e-05,6.616537602350659e-05
elonplzunbanall,0.00012537612838515547,0.0,8.913492435480872e-05,6.616537602350659e-05
Mflex_joe,0.00012537612838515547,0.0,8.913492435480872e-05,6.616537602350659e-05
shortbegone,0.00012537612838515547,0.0,8.913492435480872e-05,6.616537602350659e-05
RonFilipkowski,0.00012537612838515547,0.0,8.913492435480872e-05,6.616537602350659e-05
jaykle314,0.00012537612838515547,0.0,8.913492435480872e-05,6.616537602350659e-05
John18170616,0.00012537612838515547,0.0,8.913492435480872e-05,6.616537602350659e-05
ElTractorr17,0.00012537612838515547,0.0,8.913492435480872e-05,6.616537602350659e-05
0Quaramelo,0.00012537612838515547,0.0,8.913492435480872e-05,6.616537602350659e-05
Marketes13,0.00012537612838515547,0.0,8.913492435480872e-05,6.616537602350659e-05
GoDeiK,0.00012537612838515547,0.0,8.913492435480872e-05,6.616537602350659e-05
TheAroraReport,0.00012537612838515547,0.0,8.913492435480872e-05,6.616537602350659e-05
CaramelCoffee8,0.00012537612838515547,0.0,8.913492435480872e-05,6.616537602350659e-05
BulldozerBob,0.00012537612838515547,0.0,8.913492435480872e-05,6.616537602350659e-05
cantechit,0.00012537612838515547,0.0,8.913492435480872e-05,6.616537602350659e-05
j69655970,0.00012537612838515547,0.0,8.913492435480872e-05,6.616537602350659e-05
YTCreatorsIndia,0.00012537612838515547,0.0,8.913492435480872e-05,6.616537602350659e-05
Exuptoy,0.00012537612838515547,0.0,8.913492435480872e-05,6.616537602350659e-05
vvolvoxx,0.00012537612838515547,0.0,8.913492435480872e-05,6.616537602350659e-05
HemButs,0.00012537612838515547,0.0,8.913492435480872e-05,6.616537602350659e-05
vijaya,0.00012537612838515547,0.0,8.913492435480872e-05,6.616537602350659e-05
Rossputin,0.00012537612838515547,0.0,8.913492435480872e-05,6.616537602350659e-05
BatterySolid,0.00012537612838515547,0.0,8.913492435480872e-05,6.616537602350659e-05
EngineerArdas,0.00012537612838515547,0.0,8.913492435480872e-05,6.616537602350659e-05
Sage647,0.00012537612838515547,0.0,8.913492435480872e-05,6.616537602350659e-05
balleroffchain,0.00012537612838515547,0.0,8.913492435480872e-05,6.616537602350659e-05
stancexbt,0.00012537612838515547,0.0,8.913492435480872e-05,6.616537602350659e-05
NaziHunter007,0.00012537612838515547,0.0,8.913492435480872e-05,6.616537602350659e-05
DollarBill_60,0.00012537612838515547,0.0,8.913492435480872e-05,6.616537602350659e-05
AllSconnie,0.00012537612838515547,0.0,8.913492435480872e-05,6.616537602350659e-05
JakobRoss12,0.00012537612838515547,0.0,8.913492435480872e-05,6.616537602350659e-05
BKEXGlobal,0.00012537612838515547,0.0,8.913492435480872e-05,6.616537602350659e-05
MitchyP_9,0.00012537612838515547,0.0,8.913492435480872e-05,6.616537602350659e-05
T2theBauer,0.00012537612838515547,0.0,8.913492435480872e-05,6.616537602350659e-05
YouTubeIndia,0.00012537612838515547,0.0,8.913492435480872e-05,6.616537602350659e-05
RohanFing,0.00012537612838515547,0.0,8.913492435480872e-05,6.616537602350659e-05
TriggeredInsaan,0.00012537612838515547,0.0,8.913492435480872e-05,6.616537602350659e-05
MagnusCarlsen,0.00012537612838515547,0.0,8.913492435480872e-05,6.616537602350659e-05
russnelson,0.00012537612838515547,0.0,8.913492435480872e-05,6.616537602350659e-05
ChPietsch,0.00012537612838515547,0.0,8.913492435480872e-05,6.616537602350659e-05
NabelSabine,0.00012537612838515547,0.0,8.913492435480872e-05,6.616537602350659e-05
jack,0.00012537612838515547,0.0,8.913492435480872e-05,6.616537602350659e-05
schoenix,0.00012537612838515547,0.0,8.913492435480872e-05,6.616537602350659e-05
zunzie,0.00012537612838515547,0.0,8.913492435480872e-05,6.616537602350659e-05
mlonnroth,0.00012537612838515547,0.0,8.913492435480872e-05,6.616537602350659e-05
terolahtinen,0.00012537612838515547,0.0,8.913492435480872e-05,6.616537602350659e-05
President_Token,0.00012537612838515547,0.0,8.913492435480872e-05,6.616537602350659e-05
Oracle,0.00012537612838515547,0.0,8.913492435480872e-05,6.616537602350659e-05
expeltraitors,0.00012537612838515547,0.0,8.913492435480872e-05,6.616537602350659e-05
shd8531,0.00012537612838515547,0.0,8.913492435480872e-05,6.616537602350659e-05
sabbathrest777,0.00012537612838515547,0.0,8.913492435480872e-05,6.616537602350659e-05
AceAlmighty180s,0.00012537612838515547,0.0,8.913492435480872e-05,6.616537602350659e-05
BalkanHalo,0.00012537612838515547,0.0,8.913492435480872e-05,6.616537602350659e-05
MiikkaSalmi,0.00012537612838515547,0.0,8.913492435480872e-05,6.616537602350659e-05
TheRadicalProle,0.00012537612838515547,0.0,8.913492435480872e-05,6.616537602350659e-05
Angeliito,0.00012537612838515547,0.0,8.913492435480872e-05,6.616537602350659e-05
mmrdeveloper,0.00012537612838515547,0.0,8.913492435480872e-05,6.616537602350659e-05
PlayMagnus,0.00012537612838515547,0.0,8.913492435480872e-05,6.616537602350659e-05
xzxxzzxxxzzz,0.00012537612838515547,0.0,8.913492435480872e-05,6.616537602350659e-05
NIAS999,0.00012537612838515547,0.0,8.913492435480872e-05,6.616537602350659e-05
Dr_Scaphandre,0.00012537612838515547,0.0,8.913492435480872e-05,6.616537602350659e-05
WayneDupreeShow,0.00012537612838515547,0.0,8.913492435480872e-05,6.616537602350659e-05
ronniecorvette,0.00012537612838515547,0.0,8.913492435480872e-05,6.616537602350659e-05
KING__KALALA,0.00012537612838515547,0.0,8.913492435480872e-05,6.616537602350659e-05
NRGRadioKenya,0.00012537612838515547,0.0,8.913492435480872e-05,6.616537602350659e-05
ShaqoEl,0.00012537612838515547,0.0,8.913492435480872e-05,6.616537602350659e-05
djtwinizzle,0.00012537612838515547,0.0,8.913492435480872e-05,6.616537602350659e-05
woodman267,0.00012537612838515547,0.0,8.913492435480872e-05,6.616537602350659e-05
avmkahvecisi,0.00012537612838515547,0.0,8.913492435480872e-05,6.616537602350659e-05
ellmakurdu,0.00012537612838515547,0.0,8.913492435480872e-05,6.616537602350659e-05
TimJB44,0.00012537612838515547,0.0,8.913492435480872e-05,6.616537602350659e-05
ShawnDorschner,0.00012537612838515547,0.0,8.913492435480872e-05,6.616537602350659e-05
RuthSmith22,0.00012537612838515547,0.0,8.913492435480872e-05,6.616537602350659e-05
BrandonBiden24,0.00012537612838515547,0.0,8.913492435480872e-05,6.616537602350659e-05
globalpatria1,0.00012537612838515547,0.0,8.913492435480872e-05,6.616537602350659e-05
JDSostrom,0.00012537612838515547,0.0,8.913492435480872e-05,6.616537602350659e-05
o4z71tq0qy,0.00012537612838515547,0.0,8.913492435480872e-05,6.616537602350659e-05
DineshDSouza,0.00012537612838515547,0.0,8.913492435480872e-05,6.616537602350659e-05
bienpesa,0.00012537612838515547,0.0,8.913492435480872e-05,6.616537602350659e-05
arineus34,0.00012537612838515547,0.0,8.913492435480872e-05,6.616537602350659e-05
FaletePower69,0.00012537612838515547,0.0,8.913492435480872e-05,6.616537602350659e-05
cosmoskyle,0.00012537612838515547,0.0,8.913492435480872e-05,6.616537602350659e-05
JR21VGmaster,0.00012537612838515547,0.0,8.913492435480872e-05,6.616537602350659e-05
NIFRSOFFICIAL,0.00012537612838515547,0.0,8.913492435480872e-05,6.616537602350659e-05
SebatienRemy,0.00012537612838515547,0.0,8.913492435480872e-05,6.616537602350659e-05
DIVIZIO1,0.00012537612838515547,0.0,8.913492435480872e-05,6.616537602350659e-05
Not_a_CFP_,0.00012537612838515547,0.0,8.913492435480872e-05,6.616537602350659e-05
bluntly4242,0.00012537612838515547,0.0,8.913492435480872e-05,6.616537602350659e-05
MartyMcFry4,0.00012537612838515547,0.0,8.913492435480872e-05,6.616537602350659e-05
davey914,0.00012537612838515547,0.0,8.913492435480872e-05,6.616537602350659e-05
Po1ybiu5,0.00012537612838515547,0.0,8.913492435480872e-05,6.616537602350659e-05
JorgeCaparroso,0.00012537612838515547,0.0,8.913492435480872e-05,6.616537602350659e-05
KBloodfang,0.00012537612838515547,0.0,8.913492435480872e-05,6.616537602350659e-05
Snarkage1,0.00012537612838515547,0.0,8.913492435480872e-05,6.616537602350659e-05
ivailoj,0.00012537612838515547,0.0,8.913492435480872e-05,6.616537602350659e-05
BitcoinSouldier,0.00012537612838515547,0.0,8.913492435480872e-05,6.616537602350659e-05
RalphWieprich,0.00012537612838515547,0.0,8.913492435480872e-05,6.616537602350659e-05
BTCBreadMan,0.00012537612838515547,0.0,8.913492435480872e-05,6.616537602350659e-05
FinTwitTSLA,0.00012537612838515547,0.0,8.913492435480872e-05,6.616537602350659e-05
SANJAYVITARA,0.00012537612838515547,0.0,8.913492435480872e-05,6.616537602350659e-05
PoliceServiceNI,0.00012537612838515547,0.0,8.913492435480872e-05,6.616537602350659e-05
dobbin1977,0.00012537612838515547,0.0,8.913492435480872e-05,6.616537602350659e-05
cjhallxx,0.00012537612838515547,0.0,8.913492435480872e-05,6.616537602350659e-05
Uber,0.00012537612838515547,0.0,8.913492435480872e-05,6.616537602350659e-05
SocialMike,0.00012537612838515547,0.0,8.913492435480872e-05,6.616537602350659e-05
MikeFlo46795160,0.00012537612838515547,0.0,8.913492435480872e-05,6.616537602350659e-05
Forestierement,0.00012537612838515547,0.0,8.913492435480872e-05,6.616537602350659e-05
anivotas,0.00012537612838515547,0.0,8.913492435480872e-05,6.616537602350659e-05
IvoVrtlar,0.00012537612838515547,0.0,8.913492435480872e-05,6.616537602350659e-05
PeterKreinerjun,0.00012537612838515547,0.0,8.913492435480872e-05,6.616537602350659e-05
BryanYo30692861,0.00012537612838515547,0.0,8.913492435480872e-05,6.616537602350659e-05
MehdiManseur,0.00012537612838515547,0.0,8.913492435480872e-05,6.616537602350659e-05
3leggedleelu,0.00012537612838515547,0.0,8.913492435480872e-05,6.616537602350659e-05
DXTex,0.00012537612838515547,0.0,8.913492435480872e-05,6.616537602350659e-05
BDingkle,0.00012537612838515547,0.0,8.913492435480872e-05,6.616537602350659e-05
Mango57z,0.00012537612838515547,0.0,8.913492435480872e-05,6.616537602350659e-05
MrNobuSimp,0.00012537612838515547,0.0,8.913492435480872e-05,6.616537602350659e-05
Dirtyhorizon2,0.00012537612838515547,0.0,8.913492435480872e-05,6.616537602350659e-05
SeanMColeman1,0.00012537612838515547,0.0,8.913492435480872e-05,6.616537602350659e-05
gatewaypundit,0.00012537612838515547,0.0,8.913492435480872e-05,6.616537602350659e-05
true4_red,0.00012537612838515547,0.0,8.913492435480872e-05,6.616537602350659e-05
Minorex4Tesla,0.00012537612838515547,0.0,8.913492435480872e-05,6.616537602350659e-05
jsnover,0.00012537612838515547,0.0,8.913492435480872e-05,6.616537602350659e-05
PeterZeihan,0.00012537612838515547,0.0,8.913492435480872e-05,6.616537602350659e-05
compholdany,0.00012537612838515547,0.0,8.913492435480872e-05,6.616537602350659e-05
jimfarley98,0.00012537612838515547,0.0,8.913492435480872e-05,6.616537602350659e-05
michaelfalk,0.00012537612838515547,0.0,8.913492435480872e-05,6.616537602350659e-05
nunanoskar,0.00012537612838515547,0.0,8.913492435480872e-05,6.616537602350659e-05
newspads,0.00012537612838515547,0.0,8.913492435480872e-05,6.616537602350659e-05
erikbh999,0.00012537612838515547,0.0,8.913492435480872e-05,6.616537602350659e-05
jjhjort,0.00012537612838515547,0.0,8.913492435480872e-05,6.616537602350659e-05
SimplyWhelmed,0.00012537612838515547,0.0,8.913492435480872e-05,6.616537602350659e-05
ArduaAdAsterisk,0.00012537612838515547,0.0,8.913492435480872e-05,6.616537602350659e-05
NoobSaibot1911,0.00012537612838515547,0.0,8.913492435480872e-05,6.616537602350659e-05
TheCriticalDri2,0.00012537612838515547,0.0,8.913492435480872e-05,6.616537602350659e-05
petteriraty,0.00012537612838515547,0.0,8.84007928423298e-05,6.598184314538686e-05
PJ_Matlock,0.00012537612838515547,0.0,8.80437726350858e-05,6.589258809357586e-05
still_flows,0.00012537612838515547,0.0,8.80437726350858e-05,6.589258809357586e-05
TESLA_is_TREX,0.00012537612838515547,0.0,8.802282782277872e-05,6.58873518904991e-05
1stPrinciples4L,0.00012537612838515547,0.0,8.797871311498921e-05,6.587632321355171e-05
TH0JENSEN,0.00012537612838515547,0.0,8.796483922700707e-05,6.587285474155617e-05
mccrawfordler,0.00012537612838515547,0.0,8.796483922700707e-05,6.587285474155617e-05
Lungbarrow1,0.00012537612838515547,0.0,8.796483922700707e-05,6.587285474155617e-05
Fastandannoyed,0.00012537612838515547,0.0,8.78666404979986e-05,6.584830505930405e-05
Telsajesse,0.00012537612838515547,0.0,8.78666404979986e-05,6.584830505930405e-05
jenniferatntd,0.00012537612838515547,0.0,8.780306751921134e-05,6.583241181460725e-05
chcuny,0.00012537612838515547,0.0,8.744103561170571e-05,6.574190383773083e-05
jamal8975,0.00012537612838515547,0.0,8.739735249114003e-05,6.573098305758942e-05
jaylvon808,0.00012537612838515547,0.0,8.64698333138543e-05,6.549910326326798e-05
BLADEEGIRLPISS,0.00012537612838515547,0.0,8.64698333138543e-05,6.549910326326798e-05
domainophile,0.00012537612838515547,0.0,8.63792988325346e-05,6.547646964293806e-05
IanMDesigns,0.00012537612838515547,0.0,8.616108970515401e-05,6.542191736109291e-05
march_rabit,0.00012537612838515547,0.0,8.600729500020508e-05,6.538346868485568e-05
energyvest,0.00012537612838515547,0.0,8.600729500020508e-05,6.538346868485568e-05
Angelaleonreyes,0.00012537612838515547,0.0,8.600729500020508e-05,6.538346868485568e-05
DiegoMesaP,0.00012537612838515547,0.0,8.600729500020508e-05,6.538346868485568e-05
GustavoBolivar,0.00012537612838515547,0.0,8.600729500020508e-05,6.538346868485568e-05
petrogustavo,0.00012537612838515547,0.0,8.600729500020508e-05,6.538346868485568e-05
Milhooz,0.00012537612838515547,0.0,8.600729500020508e-05,6.538346868485568e-05
Yuki4869570,0.00012537612838515547,0.0,8.600729500020508e-05,6.538346868485568e-05
MSCI_Inc,0.00012537612838515547,0.0,8.600729500020508e-05,6.538346868485568e-05
MoodysInvSvc,0.00012537612838515547,0.0,8.600729500020508e-05,6.538346868485568e-05
SPGMarketIntel,0.00012537612838515547,0.0,8.600729500020508e-05,6.538346868485568e-05
tempf451,0.00012537612838515547,0.0,8.600729500020508e-05,6.538346868485568e-05
SilentlyWatchn,0.00012537612838515547,0.0,8.600729500020508e-05,6.538346868485568e-05
GTCost,0.00012537612838515547,0.0,8.600729500020508e-05,6.538346868485568e-05
Carbo_CBL,0.00012537612838515547,0.0,8.600729500020508e-05,6.538346868485568e-05
LesSaleGeek,0.00012537612838515547,0.0,8.600729500020508e-05,6.538346868485568e-05
Former_Marine_,0.00012537612838515547,0.0,8.600729500020508e-05,6.538346868485568e-05
JohnAndersonP10,0.00012537612838515547,0.0,8.600729500020508e-05,6.538346868485568e-05
KreeptoKid,0.00012537612838515547,0.0,8.600729500020508e-05,6.538346868485568e-05
OpenAI,0.00012537612838515547,0.0,8.600729500020508e-05,6.538346868485568e-05
mfoundation,0.00012537612838515547,0.0,8.600729500020508e-05,6.538346868485568e-05
SciBry,0.00012537612838515547,0.0,8.600729500020508e-05,6.538346868485568e-05
CristinaIBalan,0.00012537612838515547,0.0,8.600729500020508e-05,6.538346868485568e-05
MoonlitMonkey69,0.00012537612838515547,0.0,8.600729500020508e-05,6.538346868485568e-05
universal_sci,0.00012537612838515547,0.0,8.600729500020508e-05,6.538346868485568e-05
djohnstonpax,0.00012537612838515547,0.0,8.600729500020508e-05,6.538346868485568e-05
epsryn_foe,0.00012537612838515547,0.0,8.600729500020508e-05,6.538346868485568e-05
Jennife76879204,0.00012537612838515547,0.0,8.600729500020508e-05,6.538346868485568e-05
TeslasDisciple,0.00012537612838515547,0.0,8.600729500020508e-05,6.538346868485568e-05
HakeemOluseyi,0.00012537612838515547,0.0,8.600729500020508e-05,6.538346868485568e-05
_AstroErika,0.00012537612838515547,0.0,8.600729500020508e-05,6.538346868485568e-05
neiltyson,0.00012537612838515547,0.0,8.600729500020508e-05,6.538346868485568e-05
GoodNewsStock,0.00012537612838515547,0.0,8.600729500020508e-05,6.538346868485568e-05
MMarz4,0.00012537612838515547,0.0,8.600729500020508e-05,6.538346868485568e-05
TeslaModelX,0.00012537612838515547,0.0,8.600729500020508e-05,6.538346868485568e-05
de_sh0t,0.00012537612838515547,0.0,8.600729500020508e-05,6.538346868485568e-05
Model3Life,0.00012537612838515547,0.0,8.600729500020508e-05,6.538346868485568e-05
JC25509243,0.00012537612838515547,0.0,8.600729500020508e-05,6.538346868485568e-05
OLD_DOGGG,0.00012537612838515547,0.0,8.600729500020508e-05,6.538346868485568e-05
jtsuno,0.00012537612838515547,0.0,8.600729500020508e-05,6.538346868485568e-05
IN_KnightRider,0.00012537612838515547,0.0,8.600729500020508e-05,6.538346868485568e-05
CorrosiveBspin,0.00012537612838515547,0.0,8.600729500020508e-05,6.538346868485568e-05
jordo2323,0.00012537612838515547,0.0,8.600729500020508e-05,6.538346868485568e-05
DogelonMars,0.00012537612838515547,0.0,8.600729500020508e-05,6.538346868485568e-05
Expo20222,0.00012537612838515547,0.0,8.600729500020508e-05,6.538346868485568e-05
Tapioka_Maou,0.00012537612838515547,0.0,8.600729500020508e-05,6.538346868485568e-05
Tsurasutar,0.00012537612838515547,0.0,8.600729500020508e-05,6.538346868485568e-05
morbinger,0.00012537612838515547,0.0,8.600729500020508e-05,6.538346868485568e-05
manfredsplain,0.00012537612838515547,0.0,8.600729500020508e-05,6.538346868485568e-05
jacks0406,0.00012537612838515547,0.0,8.600729500020508e-05,6.538346868485568e-05
gDeSy2,0.00012537612838515547,0.0,8.600729500020508e-05,6.538346868485568e-05
crimsonalt122,0.00012537612838515547,0.0,8.600729500020508e-05,6.538346868485568e-05
StuffyFlower1,0.00012537612838515547,0.0,8.600729500020508e-05,6.538346868485568e-05
ianrshep,0.00012537612838515547,0.0,8.600729500020508e-05,6.538346868485568e-05
drummerjuice,0.00012537612838515547,0.0,8.600729500020508e-05,6.538346868485568e-05
BjornNyland,0.00012537612838515547,0.0,8.600729500020508e-05,6.538346868485568e-05
JBApckfan,0.00012537612838515547,0.0,8.600729500020508e-05,6.538346868485568e-05
yobizness,0.00012537612838515547,0.0,8.600729500020508e-05,6.538346868485568e-05
MikeOverby2,0.00012537612838515547,0.0,8.600729500020508e-05,6.538346868485568e-05
BaldGuyGreeting,0.00012537612838515547,0.0,8.600729500020508e-05,6.538346868485568e-05
Ean300T,0.00012537612838515547,0.0,8.600729500020508e-05,6.538346868485568e-05
BlindPartisans,0.00012537612838515547,0.0,8.600729500020508e-05,6.538346868485568e-05
ken1007tpgcoma1,0.00012537612838515547,0.0,8.600729500020508e-05,6.538346868485568e-05
Rozie_Cozy,0.00012537612838515547,0.0,8.600729500020508e-05,6.538346868485568e-05
Middleclasswgs,0.00012537612838515547,0.0,8.600729500020508e-05,6.538346868485568e-05
NamelessGhoulTX,0.00012537612838515547,0.0,8.600729500020508e-05,6.538346868485568e-05
yuiiii24838942,0.00012537612838515547,0.0,8.600729500020508e-05,6.538346868485568e-05
FMossotto,0.00012537612838515547,0.0,8.600729500020508e-05,6.538346868485568e-05
F1,0.00012537612838515547,0.0,8.600729500020508e-05,6.538346868485568e-05
HonestCityFan10,0.00012537612838515547,0.0,8.600729500020508e-05,6.538346868485568e-05
UkkieFeitz,0.00012537612838515547,0.0,8.600729500020508e-05,6.538346868485568e-05
ReviewDork,0.00012537612838515547,0.0,8.600729500020508e-05,6.538346868485568e-05
JoeCronick,0.00012537612838515547,0.0,8.600729500020508e-05,6.538346868485568e-05
Eagle1con,0.00012537612838515547,0.0,8.600729500020508e-05,6.538346868485568e-05
technoking_420,0.00012537612838515547,0.0,8.600729500020508e-05,6.538346868485568e-05
mice8664,0.00012537612838515547,0.0,8.600729500020508e-05,6.538346868485568e-05
xavierlaurent5,0.00012537612838515547,0.0,8.600729500020508e-05,6.538346868485568e-05
petitmeccheloup,0.00012537612838515547,0.0,8.600729500020508e-05,6.538346868485568e-05
NikolaTeslaQuot,0.00012537612838515547,0.0,8.600729500020508e-05,6.538346868485568e-05
TeslaBand,0.00012537612838515547,0.0,8.600729500020508e-05,6.538346868485568e-05
BabyGotTrack,0.00012537612838515547,0.0,8.600729500020508e-05,6.538346868485568e-05
murattosun341,0.00012537612838515547,0.0,8.600729500020508e-05,6.538346868485568e-05
eozpeynirci,0.00012537612838515547,0.0,8.600729500020508e-05,6.538346868485568e-05
TeksasStyLe,0.00012537612838515547,0.0,8.600729500020508e-05,6.538346868485568e-05
SerkanSil,0.00012537612838515547,0.0,8.600729500020508e-05,6.538346868485568e-05
onrckmz,0.00012537612838515547,0.0,8.600729500020508e-05,6.538346868485568e-05
trade_1348,0.00012537612838515547,0.0,8.600729500020508e-05,6.538346868485568e-05
ShortTheVix1,0.00012537612838515547,0.0,8.600729500020508e-05,6.538346868485568e-05
__PTAH,0.00012537612838515547,0.0,8.600729500020508e-05,6.538346868485568e-05
Faustia66412150,0.00012537612838515547,0.0,8.600729500020508e-05,6.538346868485568e-05
Cudomir78,0.00012537612838515547,0.0,8.600729500020508e-05,6.538346868485568e-05
stephgulley,0.00012537612838515547,0.0,8.600729500020508e-05,6.538346868485568e-05
guychilvers,0.00012537612838515547,0.0,8.600729500020508e-05,6.538346868485568e-05
arcenetac,0.00012537612838515547,0.0,8.600729500020508e-05,6.538346868485568e-05
billyyyyy__,0.00012537612838515547,0.0,8.600729500020508e-05,6.538346868485568e-05
josycesarini,0.00012537612838515547,0.0,8.600729500020508e-05,6.538346868485568e-05
MikeHudema,0.00012537612838515547,0.0,8.600729500020508e-05,6.538346868485568e-05
FilipeMartinh10,0.00012537612838515547,0.0,8.600729500020508e-05,6.538346868485568e-05
beepmbop,0.00012537612838515547,0.0,8.600729500020508e-05,6.538346868485568e-05
JulissaB_13,0.00012537612838515547,0.0,8.600729500020508e-05,6.538346868485568e-05
akashnet_,0.00012537612838515547,0.0,8.600729500020508e-05,6.538346868485568e-05
bobbyllew,0.00012537612838515547,0.0,8.600729500020508e-05,6.538346868485568e-05
cxlv4free,0.00012537612838515547,0.0,8.600729500020508e-05,6.538346868485568e-05
minsey3,0.00012537612838515547,0.0,8.600729500020508e-05,6.538346868485568e-05
LukaDuvnjak,0.00012537612838515547,0.0,8.600729500020508e-05,6.538346868485568e-05
DrPippaM,0.00012537612838515547,0.0,8.600729500020508e-05,6.538346868485568e-05
orthereaboot,0.00012537612838515547,0.0,8.600729500020508e-05,6.538346868485568e-05
Sentinel_co,0.00012537612838515547,0.0,8.600729500020508e-05,6.538346868485568e-05
sarbuttzie,0.00012537612838515547,0.0,8.600729500020508e-05,6.538346868485568e-05
Matthew47467538,0.00012537612838515547,0.0,8.600729500020508e-05,6.538346868485568e-05
ShrekKeplr,0.00012537612838515547,0.0,8.600729500020508e-05,6.538346868485568e-05
DawnDiamondHand,0.00012537612838515547,0.0,8.600729500020508e-05,6.538346868485568e-05
Trippaofficial,0.00012537612838515547,0.0,8.581206309614601e-05,6.533466070884092e-05
boxingfan302,0.00012537612838515547,0.0,8.569527229945798e-05,6.530546300966891e-05
LeastEyeTryd,0.00012537612838515547,0.0,8.522538766155417e-05,6.518799185019296e-05
JP1958S,0.00012537612838515547,0.0,8.518868271784216e-05,6.517881561426495e-05
JDanielH16,0.00012537612838515547,0.0,8.518868271784216e-05,6.517881561426495e-05
EisenNears,0.00012537612838515547,0.0,8.518868271784216e-05,6.517881561426495e-05
Alxx__04,0.00012537612838515547,0.0,8.493514267276871e-05,6.51154306029966e-05
cleantechkevin,0.00012537612838515547,0.0,8.470320967845624e-05,6.505744735441847e-05
MargiePerenchio,0.00012537612838515547,0.0,8.470320967845624e-05,6.505744735441847e-05
marycmccormack,0.00012537612838515547,0.0,8.470320967845624e-05,6.505744735441847e-05
3valuedlogic,0.00012537612838515547,0.0,8.425289274011025e-05,6.494486811983197e-05
tmaycsu,0.00012537612838515547,0.0,8.425289274011025e-05,6.494486811983197e-05
CrimsonsTwatter,0.00012537612838515547,0.0,8.425289274011025e-05,6.494486811983197e-05
franchisewolf,0.00012537612838515547,0.0,8.425289274011025e-05,6.494486811983197e-05
tgreenie92,0.00012537612838515547,0.0,8.425289274011025e-05,6.494486811983197e-05
Andys_Brain,0.00012537612838515547,0.0,8.425289274011025e-05,6.494486811983197e-05
PCMag,0.00012537612838515547,0.0,8.42106294829986e-05,6.493430230555406e-05
Want2RunAgain,0.00012537612838515547,0.0,8.410673262211088e-05,6.490832809033213e-05
ChivasEagle,0.00012537612838515547,0.0,8.392220876380265e-05,6.486219712575507e-05
anyxdengo,0.00012537612838515547,0.0,8.392220876380265e-05,6.486219712575507e-05
eddieheroic,0.00012537612838515547,0.0,8.392220876380265e-05,6.486219712575507e-05
PinkEle31705153,0.00012537612838515547,0.0,8.392220876380265e-05,6.486219712575507e-05
brenda_eanes,0.00012537612838515547,0.0,8.392220876380265e-05,6.486219712575507e-05
heyitsyashu,0.00012537612838515547,0.0,8.392220876380265e-05,6.486219712575507e-05
ROTANGll,0.00012537612838515547,0.0,8.392220876380265e-05,6.486219712575507e-05
Pirateofchance,0.00012537612838515547,0.0,8.392220876380265e-05,6.486219712575507e-05
Colin_Cromien,0.00012537612838515547,0.0,8.392220876380265e-05,6.486219712575507e-05
darkbrainmatter,0.00012537612838515547,0.0,8.392220876380265e-05,6.486219712575507e-05
mantistoba,0.00012537612838515547,0.0,8.392220876380265e-05,6.486219712575507e-05
Dmandork,0.00012537612838515547,0.0,8.392220876380265e-05,6.486219712575507e-05
KeepUsaGreater,0.00012537612838515547,0.0,8.392220876380265e-05,6.486219712575507e-05
ericolima3,0.00012537612838515547,0.0,8.392220876380265e-05,6.486219712575507e-05
fugaziwoozie,0.00012537612838515547,0.0,8.392220876380265e-05,6.486219712575507e-05
realJohnACastro,0.00012537612838515547,0.0,8.392220876380265e-05,6.486219712575507e-05
Fastned,0.00012537612838515547,0.0,8.392220876380265e-05,6.486219712575507e-05
Bugman94,0.00012537612838515547,0.0,8.392220876380265e-05,6.486219712575507e-05
butterflyketch,0.00012537612838515547,0.0,8.392220876380265e-05,6.486219712575507e-05
jacoker2,0.00012537612838515547,0.0,8.392220876380265e-05,6.486219712575507e-05
RossSchumann,0.00012537612838515547,0.0,8.392220876380265e-05,6.486219712575507e-05
QuentinWillson,0.00012537612838515547,0.0,8.392220876380265e-05,6.486219712575507e-05
Estar_pearl,0.00012537612838515547,0.0,8.392220876380265e-05,6.486219712575507e-05
ainekoskitten,0.00012537612838515547,0.0,8.392220876380265e-05,6.486219712575507e-05
_PivotPower,0.00012537612838515547,0.0,8.392220876380265e-05,6.486219712575507e-05
erinmsingh,0.00012537612838515547,0.0,8.392220876380265e-05,6.486219712575507e-05
EUROSOLAR_D,0.00012537612838515547,0.0,8.392220876380265e-05,6.486219712575507e-05
Klima_Mahner,0.00012537612838515547,0.0,8.392220876380265e-05,6.486219712575507e-05
ssurovell,0.00012537612838515547,0.0,8.392220876380265e-05,6.486219712575507e-05
krisztinaandre,0.00012537612838515547,0.0,8.392220876380265e-05,6.486219712575507e-05
bEEmerkenswert,0.00012537612838515547,0.0,8.392220876380265e-05,6.486219712575507e-05
HerediaHe1,0.00012537612838515547,0.0,8.392220876380265e-05,6.486219712575507e-05
Liveitup331,0.00012537612838515547,0.0,8.392220876380265e-05,6.486219712575507e-05
Gaztron3000,0.00012537612838515547,0.0,8.392220876380265e-05,6.486219712575507e-05
jaspersharpe_,0.00012537612838515547,0.0,8.392220876380265e-05,6.486219712575507e-05
Ingridebap,0.00012537612838515547,0.0,8.392220876380265e-05,6.486219712575507e-05
Clover_Lace,0.00012537612838515547,0.0,8.392220876380265e-05,6.486219712575507e-05
TheJusticeDept,0.00012537612838515547,0.0,8.392220876380265e-05,6.486219712575507e-05
BeecherDenys,0.00012537612838515547,0.0,8.392220876380265e-05,6.486219712575507e-05
IB_Furious,0.00012537612838515547,0.0,8.392220876380265e-05,6.486219712575507e-05
melonbanzai,0.00012537612838515547,0.0,8.392220876380265e-05,6.486219712575507e-05
AmazingChevVolt,0.00012537612838515547,0.0,8.392220876380265e-05,6.486219712575507e-05
VCNVAorg,0.00012537612838515547,0.0,8.392220876380265e-05,6.486219712575507e-05
GadgetsBoy,0.00012537612838515547,0.0,8.392220876380265e-05,6.486219712575507e-05
tomwookieford,0.00012537612838515547,0.0,8.392220876380265e-05,6.486219712575507e-05
sfv_de,0.00012537612838515547,0.0,8.392220876380265e-05,6.486219712575507e-05
dezmondOliver,0.00012537612838515547,0.0,8.392220876380265e-05,6.486219712575507e-05
DGS_LV_NRW,0.00012537612838515547,0.0,8.392220876380265e-05,6.486219712575507e-05
VirginiaDEQ,0.00012537612838515547,0.0,8.392220876380265e-05,6.486219712575507e-05
mrnickhansen,0.00012537612838515547,0.0,8.392220876380265e-05,6.486219712575507e-05
Dwightc621,0.00012537612838515547,0.0,8.392220876380265e-05,6.486219712575507e-05
KatBAlwaysLove,0.00012537612838515547,0.0,8.392220876380265e-05,6.486219712575507e-05
VaCleanCities,0.00012537612838515547,0.0,8.392220876380265e-05,6.486219712575507e-05
clearunclear,0.00012537612838515547,0.0,8.392220876380265e-05,6.486219712575507e-05
ericohreilly,0.00012537612838515547,0.0,8.392220876380265e-05,6.486219712575507e-05
4llude,0.00012537612838515547,0.0,8.392220876380265e-05,6.486219712575507e-05
DeflationHedge,0.00012537612838515547,0.0,8.392220876380265e-05,6.486219712575507e-05
CMOS76,0.00012537612838515547,0.0,8.392220876380265e-05,6.486219712575507e-05
AMCbiggums,0.00012537612838515547,0.0,8.392220876380265e-05,6.486219712575507e-05
rocketastronaut,0.00012537612838515547,0.0,8.392220876380265e-05,6.486219712575507e-05
ThatGuyAstro,0.00012537612838515547,0.0,8.392220876380265e-05,6.486219712575507e-05
MexicApe,0.00012537612838515547,0.0,8.392220876380265e-05,6.486219712575507e-05
ramkord,0.00012537612838515547,0.0,8.392220876380265e-05,6.486219712575507e-05
jt_hippie_ty,0.00012537612838515547,0.0,8.392220876380265e-05,6.486219712575507e-05
Generik999,0.00012537612838515547,0.0,8.392220876380265e-05,6.486219712575507e-05
evgonetwork,0.00012537612838515547,0.0,8.392220876380265e-05,6.486219712575507e-05
Max82581778,0.00012537612838515547,0.0,8.392220876380265e-05,6.486219712575507e-05
Trill_shitman,0.00012537612838515547,0.0,8.392220876380265e-05,6.486219712575507e-05
connaiconqueso,0.00012537612838515547,0.0,8.392220876380265e-05,6.486219712575507e-05
Ali_TeslaMY,0.00012537612838515547,0.0,8.392220876380265e-05,6.486219712575507e-05
Cosmic_Engineer,0.00012537612838515547,0.0,8.392220876380265e-05,6.486219712575507e-05
SportchopperI,0.00012537612838515547,0.0,8.388195543829256e-05,6.485213379437755e-05
stockey63,0.00012537612838515547,0.0,8.348504533006874e-05,6.47529062673216e-05
DanWithTheCam,0.00012537612838515547,0.0,8.347546971587395e-05,6.47505123637729e-05
RiyadhK,0.00012537612838515547,0.0,8.347546971587395e-05,6.47505123637729e-05
SophiaThakur,0.00012537612838515547,0.0,8.347546971587395e-05,6.47505123637729e-05
basmakhalifa,0.00012537612838515547,0.0,8.347546971587395e-05,6.47505123637729e-05
Antimon_Zg,0.00012537612838515547,0.0,8.347546971587395e-05,6.47505123637729e-05
BBC_Reel,0.00012537612838515547,0.0,8.347546971587395e-05,6.47505123637729e-05
FoodAndPsych,0.00012537612838515547,0.0,8.347546971587395e-05,6.47505123637729e-05
AspLovePolitics,0.00012537612838515547,0.0,8.294186257574651e-05,6.461711057874104e-05
TaraBull808,0.00012537612838515547,0.0,8.294186257574651e-05,6.461711057874104e-05
elonmusks,0.00012537612838515547,0.0,8.294186257574651e-05,6.461711057874104e-05
TeslaRoshi,0.00012537612838515547,0.0,8.28798522593947e-05,6.460160799965308e-05
ItsAlexanderC,0.00012537612838515547,0.0,8.243286145208663e-05,6.448986029782607e-05
lavern_spicer,0.00012537612838515547,0.0,8.243286145208663e-05,6.448986029782607e-05
TPostMillennial,0.00012537612838515547,0.0,8.243286145208663e-05,6.448986029782607e-05
jasondebolt,0.00012537612838515547,0.0,8.243286145208663e-05,6.448986029782607e-05
Ethtoshi1,0.00012537612838515547,0.0,8.243286145208663e-05,6.448986029782607e-05
sabiknowsbest,0.00012537612838515547,0.0,8.243286145208663e-05,6.448986029782607e-05
zverka_1970,0.00012537612838515547,0.0,8.243286145208663e-05,6.448986029782607e-05
Jays200,0.00012537612838515547,0.0,8.243286145208663e-05,6.448986029782607e-05
kushibo,0.00012537612838515547,0.0,8.243286145208663e-05,6.448986029782607e-05
CorncobBill,0.00012537612838515547,0.0,8.243286145208663e-05,6.448986029782607e-05
cldrvr,0.00012537612838515547,0.0,8.243286145208663e-05,6.448986029782607e-05
makar_hater,0.00012537612838515547,0.0,8.243286145208663e-05,6.448986029782607e-05
AViDPiX,0.00012537612838515547,0.0,8.243286145208663e-05,6.448986029782607e-05
christineh_58,0.00012537612838515547,0.0,8.243286145208663e-05,6.448986029782607e-05
libsoftiktok,0.00012537612838515547,0.0,8.243286145208663e-05,6.448986029782607e-05
GodsBrah,0.00012537612838515547,0.0,8.243286145208663e-05,6.448986029782607e-05
DjordjeHap,0.00012537612838515547,0.0,8.243286145208663e-05,6.448986029782607e-05
biti_zdrav,0.00012537612838515547,0.0,8.243286145208663e-05,6.448986029782607e-05
antivaxgonic1,0.00012537612838515547,0.0,8.243286145208663e-05,6.448986029782607e-05
Branka0505050,0.00012537612838515547,0.0,8.243286145208663e-05,6.448986029782607e-05
DawsAngeles,0.00012537612838515547,0.0,8.243286145208663e-05,6.448986029782607e-05
constantlybannd,0.00012537612838515547,0.0,8.243286145208663e-05,6.448986029782607e-05
VracarXIV,0.00012537612838515547,0.0,8.243286145208663e-05,6.448986029782607e-05
Dllemm,0.00012537612838515547,0.0,8.243286145208663e-05,6.448986029782607e-05
lionkingapple1,0.00012537612838515547,0.0,8.243286145208663e-05,6.448986029782607e-05
AyaAndara9090,0.00012537612838515547,0.0,8.243286145208663e-05,6.448986029782607e-05
Uber_Support,0.00012537612838515547,0.0,8.243286145208663e-05,6.448986029782607e-05
LiamNielsens,0.00012537612838515547,0.0,8.243286145208663e-05,6.448986029782607e-05
AdrianoFeria,0.00012537612838515547,0.0,8.243286145208663e-05,6.448986029782607e-05
cjgproduxions,0.00012537612838515547,0.0,8.243286145208663e-05,6.448986029782607e-05
AdamCarollaShow,0.00012537612838515547,0.0,8.243286145208663e-05,6.448986029782607e-05
BaldBryan,0.00012537612838515547,0.0,8.243286145208663e-05,6.448986029782607e-05
inavneet_pandey,0.00012537612838515547,0.0,8.243286145208663e-05,6.448986029782607e-05
SwapnanilDas14,0.00012537612838515547,0.0,8.243286145208663e-05,6.448986029782607e-05
sidhant,0.00012537612838515547,0.0,8.243286145208663e-05,6.448986029782607e-05
chrislaxamana,0.00012537612838515547,0.0,8.243286145208663e-05,6.448986029782607e-05
adamcarolla,0.00012537612838515547,0.0,8.243286145208663e-05,6.448986029782607e-05
vvslavavv,0.00012537612838515547,0.0,8.243286145208663e-05,6.448986029782607e-05
jtemecula,0.00012537612838515547,0.0,8.243286145208663e-05,6.448986029782607e-05
andrestelflaco,0.00012537612838515547,0.0,8.243286145208663e-05,6.448986029782607e-05
YaKhu3,0.00012537612838515547,0.0,8.243286145208663e-05,6.448986029782607e-05
Poposh21,0.00012537612838515547,0.0,8.243286145208663e-05,6.448986029782607e-05
Miss__TC,0.00012537612838515547,0.0,8.243286145208663e-05,6.448986029782607e-05
Ken_0ath,0.00012537612838515547,0.0,8.243286145208663e-05,6.448986029782607e-05
ImJacksDejaVu,0.00012537612838515547,0.0,8.243286145208663e-05,6.448986029782607e-05
monzo,0.00012537612838515547,0.0,8.243286145208663e-05,6.448986029782607e-05
elevateapp,0.00012537612838515547,0.0,8.243286145208663e-05,6.448986029782607e-05
capitalcom,0.00012537612838515547,0.0,8.243286145208663e-05,6.448986029782607e-05
LivingMagazineW,0.00012537612838515547,0.0,8.243286145208663e-05,6.448986029782607e-05
harald_murphy,0.00012537612838515547,0.0,8.243286145208663e-05,6.448986029782607e-05
MrCaturdayNight,0.00012537612838515547,0.0,8.243286145208663e-05,6.448986029782607e-05
carkmpk,0.00012537612838515547,0.0,8.243286145208663e-05,6.448986029782607e-05
achalkhare34,0.00012537612838515547,0.0,8.243286145208663e-05,6.448986029782607e-05
GinaGrad,0.00012537612838515547,0.0,8.243286145208663e-05,6.448986029782607e-05
Jennife79930479,0.00012537612838515547,0.0,8.243286145208663e-05,6.448986029782607e-05
hkp__19,0.00012537612838515547,0.0,8.243286145208663e-05,6.448986029782607e-05
denoexp,0.00012537612838515547,0.0,8.243286145208663e-05,6.448986029782607e-05
Kaylan_TX,0.00012537612838515547,0.0,8.243286145208663e-05,6.448986029782607e-05
KashCf,0.00012537612838515547,0.0,8.243286145208663e-05,6.448986029782607e-05
SnarkyLive,0.00012537612838515547,0.0,8.243286145208663e-05,6.448986029782607e-05
OverThinkStuff,0.00012537612838515547,0.0,8.243286145208663e-05,6.448986029782607e-05
Juniors_8Ball,0.00012537612838515547,0.0,8.243286145208663e-05,6.448986029782607e-05
Daveincowtown,0.00012537612838515547,0.0,8.243286145208663e-05,6.448986029782607e-05
BMMuseum,0.00012537612838515547,0.0,8.243286145208663e-05,6.448986029782607e-05
EVFestivalUK,0.00012537612838515547,0.0,8.243286145208663e-05,6.448986029782607e-05
electricstevo,0.00012537612838515547,0.0,8.243286145208663e-05,6.448986029782607e-05
derrickra,0.00012537612838515547,0.0,8.243286145208663e-05,6.448986029782607e-05
simon_j_henry,0.00012537612838515547,0.0,8.243286145208663e-05,6.448986029782607e-05
DrSej,0.00012537612838515547,0.0,8.243286145208663e-05,6.448986029782607e-05
pip_net,0.00012537612838515547,0.0,8.240020013269301e-05,6.448169496797766e-05
colincalvert,0.00012537612838515547,0.0,8.212846021333094e-05,6.441375998813714e-05
EliBurton_,0.00012537612838515547,0.0,8.16657977187579e-05,6.429809436449388e-05
CutlipJason,0.00012537612838515547,0.0,8.15250998266531e-05,6.426291989146769e-05
guyday77,0.00012537612838515547,0.0,8.131585096829961e-05,6.421060767687931e-05
jeremyjudkins_,0.00012537612838515547,0.0,8.131585096829961e-05,6.421060767687931e-05
physics_savage,0.00012537612838515547,0.0,8.131585096829961e-05,6.421060767687931e-05
S_Padival,0.00012537612838515547,0.0,8.131585096829961e-05,6.421060767687931e-05
PJHORNAK,0.00012537612838515547,0.0,8.131585096829961e-05,6.421060767687931e-05
Commuternyc,0.00012537612838515547,0.0,8.131585096829961e-05,6.421060767687931e-05
CaptainShares,0.00012537612838515547,0.0,8.131585096829961e-05,6.421060767687931e-05
WallStCynic,0.00012537612838515547,0.0,8.131585096829961e-05,6.421060767687931e-05
danahull,0.00012537612838515547,0.0,8.131585096829961e-05,6.421060767687931e-05
adrianobusolin,0.00012537612838515547,0.0,8.131585096829961e-05,6.421060767687931e-05
NicolaOliv20,0.00012537612838515547,0.0,8.131585096829961e-05,6.421060767687931e-05
ManfrediPotenti,0.00012537612838515547,0.0,8.131585096829961e-05,6.421060767687931e-05
EdwardCristi93,0.00012537612838515547,0.0,8.131585096829961e-05,6.421060767687931e-05
KAMasse81,0.00012537612838515547,0.0,8.131585096829961e-05,6.421060767687931e-05
ibkife1,0.00012537612838515547,0.0,8.131585096829961e-05,6.421060767687931e-05
NABGFL,0.00012537612838515547,0.0,8.131585096829961e-05,6.421060767687931e-05
DavidCol76,0.00012537612838515547,0.0,8.131585096829961e-05,6.421060767687931e-05
JamesHoffmann3,0.00012537612838515547,0.0,8.131585096829961e-05,6.421060767687931e-05
Christiano92,0.00012537612838515547,0.0,8.131585096829961e-05,6.421060767687931e-05
Tesly_USA,0.00012537612838515547,0.0,8.131585096829961e-05,6.421060767687931e-05
JungtaeP,0.00012537612838515547,0.0,8.131585096829961e-05,6.421060767687931e-05
digitalrgorilla,0.00012537612838515547,0.0,8.131585096829961e-05,6.421060767687931e-05
MichaelBuckelew,0.00012537612838515547,0.0,8.131585096829961e-05,6.421060767687931e-05
FTC,0.00012537612838515547,0.0,8.131585096829961e-05,6.421060767687931e-05
MEchibuogu,0.00012537612838515547,0.0,8.131585096829961e-05,6.421060767687931e-05
Berlinergy,0.00012537612838515547,0.0,8.131585096829961e-05,6.421060767687931e-05
NTSB,0.00012537612838515547,0.0,8.131585096829961e-05,6.421060767687931e-05
DWkli,0.00012537612838515547,0.0,8.131585096829961e-05,6.421060767687931e-05
brianbolstad,0.00012537612838515547,0.0,8.131585096829961e-05,6.421060767687931e-05
Casido8,0.00012537612838515547,0.0,8.131585096829961e-05,6.421060767687931e-05
7w33t3r,0.00012537612838515547,0.0,8.131585096829961e-05,6.421060767687931e-05
USDOT,0.00012537612838515547,0.0,8.131585096829961e-05,6.421060767687931e-05
bagguley,0.00012537612838515547,0.0,8.131585096829961e-05,6.421060767687931e-05
heavent0208,0.00012537612838515547,0.0,8.131585096829961e-05,6.421060767687931e-05
matteosalvinimi,0.00012537612838515547,0.0,8.131585096829961e-05,6.421060767687931e-05
kunalbht,0.00012537612838515547,0.0,8.131585096829961e-05,6.421060767687931e-05
DiegoFusaro,0.00012537612838515547,0.0,8.131585096829961e-05,6.421060767687931e-05
LucioMalan,0.00012537612838515547,0.0,8.131585096829961e-05,6.421060767687931e-05
MitchyBoi3000,0.00012537612838515547,0.0,8.131585096829961e-05,6.421060767687931e-05
gparagone,0.00012537612838515547,0.0,8.131585096829961e-05,6.421060767687931e-05
BelpietroTweet,0.00012537612838515547,0.0,8.131585096829961e-05,6.421060767687931e-05
coleman61041,0.00012537612838515547,0.0,8.079525234984741e-05,6.408045802226627e-05
Chris_Banksie,0.00012537612838515547,0.0,8.079525234984741e-05,6.408045802226627e-05
1977pandora,0.00012537612838515547,0.0,8.079525234984741e-05,6.408045802226627e-05
DavidChoiMusic,0.00012537612838515547,0.0,8.07273896950582e-05,6.406349235856895e-05
A_andrw_w,0.00012537612838515547,0.0,8.07273896950582e-05,6.406349235856895e-05
unbiasedheadli1,0.00012537612838515547,0.0,8.07273896950582e-05,6.406349235856895e-05
Spartacus_5,0.00012537612838515547,0.0,8.064616522128086e-05,6.404318624012462e-05
DarkPrometheus1,0.00012537612838515547,0.0,8.044706503646526e-05,6.399341119392072e-05
EllenIllinois,0.00012537612838515547,0.0,8.044706503646526e-05,6.399341119392072e-05
bilbili20,0.00012537612838515547,0.0,8.044706503646526e-05,6.399341119392072e-05
Porsche,0.00012537612838515547,0.0,8.044706503646526e-05,6.399341119392072e-05
CyberVanLife,0.00012537612838515547,0.0,8.044706503646526e-05,6.399341119392072e-05
iamshawnjones,0.00012537612838515547,0.0,8.044706503646526e-05,6.399341119392072e-05
XRPenthusiast1,0.00012537612838515547,0.0,8.044706503646526e-05,6.399341119392072e-05
45Lori1,0.00012537612838515547,0.0,8.044706503646526e-05,6.399341119392072e-05
Audi,0.00012537612838515547,0.0,8.044706503646526e-05,6.399341119392072e-05
NSFWPoliticsNow,0.00012537612838515547,0.0,8.044706503646526e-05,6.399341119392072e-05
DrunkMohel,0.00012537612838515547,0.0,8.044706503646526e-05,6.399341119392072e-05
karhifer,0.00012537612838515547,0.0,8.044706503646526e-05,6.399341119392072e-05
Jovrix,0.00012537612838515547,0.0,8.044706503646526e-05,6.399341119392072e-05
b_rohlke,0.00012537612838515547,0.0,8.044706503646526e-05,6.399341119392072e-05
everyrisingsun_,0.00012537612838515547,0.0,8.044706503646526e-05,6.399341119392072e-05
smtn28,0.00012537612838515547,0.0,8.044706503646526e-05,6.399341119392072e-05
DougKimbrough,0.00012537612838515547,0.0,8.044706503646526e-05,6.399341119392072e-05
maximvangeli,0.00012537612838515547,0.0,8.044706503646526e-05,6.399341119392072e-05
Aliquised,0.00012537612838515547,0.0,8.044706503646526e-05,6.399341119392072e-05
wyldeAF,0.00012537612838515547,0.0,8.044706503646526e-05,6.399341119392072e-05
WEMADEITFINALLY,0.00012537612838515547,0.0,8.044706503646526e-05,6.399341119392072e-05
boringcompany,0.00012537612838515547,0.0,8.044706503646526e-05,6.399341119392072e-05
iamoninternet27,0.00012537612838515547,0.0,8.044706503646526e-05,6.399341119392072e-05
Michael10711597,0.00012537612838515547,0.0,8.008126043358764e-05,6.390196004320132e-05
corgiseveryhour,0.00012537612838515547,0.0,8.000533108180569e-05,6.388297770525584e-05
bluenblkblknred,0.00012537612838515547,0.0,7.98411786162139e-05,6.384193958885789e-05
thisisepiche,0.00012537612838515547,0.0,7.98411786162139e-05,6.384193958885789e-05
madbaldscotsman,0.00012537612838515547,0.0,7.975203629099779e-05,6.381965400755385e-05
3itcom,0.00012537612838515547,0.0,7.975203629099779e-05,6.381965400755385e-05
pierrepinna,0.00012537612838515547,0.0,7.975203629099779e-05,6.381965400755385e-05
tewoz,0.00012537612838515547,0.0,7.975203629099779e-05,6.381965400755385e-05
rwyjunior,0.00012537612838515547,0.0,7.975203629099779e-05,6.381965400755385e-05
lissysvage,0.00012537612838515547,0.0,7.975203629099779e-05,6.381965400755385e-05
rking78708,0.00012537612838515547,0.0,7.975203629099779e-05,6.381965400755385e-05
MontyBoa99,0.00012537612838515547,0.0,7.975203629099779e-05,6.381965400755385e-05
Facts_Are_Hard,0.00012537612838515547,0.0,7.975203629099779e-05,6.381965400755385e-05
kalydeoo,0.00012537612838515547,0.0,7.975203629099779e-05,6.381965400755385e-05
A_Division_Bell,0.00012537612838515547,0.0,7.975203629099779e-05,6.381965400755385e-05
DoctorEmmit,0.00012537612838515547,0.0,7.975203629099779e-05,6.381965400755385e-05
GAMMAWORX,0.00012537612838515547,0.0,7.975203629099779e-05,6.381965400755385e-05
CassieJFox,0.00012537612838515547,0.0,7.975203629099779e-05,6.381965400755385e-05
Ym78200,0.00012537612838515547,0.0,7.975203629099779e-05,6.381965400755385e-05
Shi4Tech,0.00012537612838515547,0.0,7.975203629099779e-05,6.381965400755385e-05
mallys_,0.00012537612838515547,0.0,7.975203629099779e-05,6.381965400755385e-05
lisaminshall58,0.00012537612838515547,0.0,7.975203629099779e-05,6.381965400755385e-05
TomsAmpsDetroit,0.00012537612838515547,0.0,7.975203629099779e-05,6.381965400755385e-05
sry300,0.00012537612838515547,0.0,7.975203629099779e-05,6.381965400755385e-05
Nad_Alves,0.00012537612838515547,0.0,7.975203629099779e-05,6.381965400755385e-05
KrisPicks64,0.00012537612838515547,0.0,7.975203629099779e-05,6.381965400755385e-05
MrDOThompson,0.00012537612838515547,0.0,7.975203629099779e-05,6.381965400755385e-05
Ramedog61,0.00012537612838515547,0.0,7.975203629099779e-05,6.381965400755385e-05
Nicochan33,0.00012537612838515547,0.0,7.975203629099779e-05,6.381965400755385e-05
billyvega_,0.00012537612838515547,0.0,7.973774584796431e-05,6.381608139679549e-05
robe_joe,0.00012537612838515547,0.0,7.973774584796431e-05,6.381608139679549e-05
Lovethedream132,0.00012537612838515547,0.0,7.972066838884419e-05,6.381181203201546e-05
BillWeirCNN,0.00012537612838515547,0.0,7.967155012682428e-05,6.379953246651048e-05
tavisgrows,0.00012537612838515547,0.0,7.966047121418592e-05,6.379676273835088e-05
EmmetPeppers,0.00012537612838515547,0.0,7.959602494062425e-05,6.378065116996047e-05
DamienEvans7,0.00012537612838515547,0.0,7.954655743111127e-05,6.376828429258222e-05
ChavezRavine7,0.00012537612838515547,0.0,7.954655743111127e-05,6.376828429258222e-05
ViragoAuctor,0.00012537612838515547,0.0,7.954655743111127e-05,6.376828429258222e-05
4eva1984,0.00012537612838515547,0.0,7.951315024312351e-05,6.375993249558529e-05
jamestarry_1,0.00012537612838515547,0.0,7.940537326437347e-05,6.373298825089777e-05
rawlimark,0.00012537612838515547,0.0,7.940537326437347e-05,6.373298825089777e-05
MichelleBekke11,0.00012537612838515547,0.0,7.935040545834621e-05,6.371924629939096e-05
Dodl3000,0.00012537612838515547,0.0,7.928311871632786e-05,6.370242461388638e-05
Jackystarlet,0.00012537612838515547,0.0,7.928311871632786e-05,6.370242461388638e-05
Iamingi1,0.00012537612838515547,0.0,7.92361803350662e-05,6.369069001857096e-05
mcolbert80,0.00012537612838515547,0.0,7.92361803350662e-05,6.369069001857096e-05
lazygott,0.00012537612838515547,0.0,7.92361803350662e-05,6.369069001857096e-05
tesla_addicted,0.00012537612838515547,0.0,7.922900401535819e-05,6.368889593864396e-05
djdoge69,0.00012537612838515547,0.0,7.918337640834258e-05,6.367748903689005e-05
kiteboarderdoge,0.00012537612838515547,0.0,7.918337640834258e-05,6.367748903689005e-05
topherAlba26,0.00012537612838515547,0.0,7.918337640834258e-05,6.367748903689005e-05
cminshall,0.00012537612838515547,0.0,7.918337640834258e-05,6.367748903689005e-05
JessicaTetreau,0.00012537612838515547,0.0,7.918337640834258e-05,6.367748903689005e-05
LostPahade,0.00012537612838515547,0.0,7.918337640834258e-05,6.367748903689005e-05
LimitingThe,0.00012537612838515547,0.0,7.918337640834258e-05,6.367748903689005e-05
ryanshawtech,0.00012537612838515547,0.0,7.918337640834258e-05,6.367748903689005e-05
Alwinart,0.00012537612838515547,0.0,7.918337640834258e-05,6.367748903689005e-05
TSLAFanMtl,0.00012537612838515547,0.0,7.918337640834258e-05,6.367748903689005e-05
ZacksJerryRig,0.00012537612838515547,0.0,7.918337640834258e-05,6.367748903689005e-05
dogehodl2021,0.00012537612838515547,0.0,7.918337640834258e-05,6.367748903689005e-05
Cocochaneladair,0.00012537612838515547,0.0,7.918337640834258e-05,6.367748903689005e-05
TeslaDiamondBlz,0.00012537612838515547,0.0,7.918337640834258e-05,6.367748903689005e-05
JoelSherman808,0.00012537612838515547,0.0,7.918337640834258e-05,6.367748903689005e-05
gr8ball83,0.00012537612838515547,0.0,7.918337640834258e-05,6.367748903689005e-05
OaksKingston,0.00012537612838515547,0.0,7.918337640834258e-05,6.367748903689005e-05
SirineAti,0.00012537612838515547,0.0,7.918337640834258e-05,6.367748903689005e-05
MarkJam93765764,0.00012537612838515547,0.0,7.918337640834258e-05,6.367748903689005e-05
1stMarsColonist,0.00012537612838515547,0.0,7.918337640834258e-05,6.367748903689005e-05
Nikola_Truth,0.00012537612838515547,0.0,7.918337640834258e-05,6.367748903689005e-05
SP_LimitReviews,0.00012537612838515547,0.0,7.918337640834258e-05,6.367748903689005e-05
StargazerPlaid,0.00012537612838515547,0.0,7.918337640834258e-05,6.367748903689005e-05
BenPossehl,0.00012537612838515547,0.0,7.918337640834258e-05,6.367748903689005e-05
freshjiva,0.00012537612838515547,0.0,7.918337640834258e-05,6.367748903689005e-05
ALL_IN_MCDOGE_1,0.00012537612838515547,0.0,7.918337640834258e-05,6.367748903689005e-05
TheDogeAcademy,0.00012537612838515547,0.0,7.918337640834258e-05,6.367748903689005e-05
AJEnglish,0.00012537612838515547,0.0,7.897294954689547e-05,6.362488232152828e-05
AlbertoBarberaF,0.00012537612838515547,0.0,7.897294954689547e-05,6.362488232152828e-05
VickiBryanBondA,0.00012537612838515547,0.0,7.897294954689547e-05,6.362488232152828e-05
AaronGorga,0.00012537612838515547,0.0,7.897294954689547e-05,6.362488232152828e-05
el_rei_gabriel,0.00012537612838515547,0.0,7.897294954689547e-05,6.362488232152828e-05
btc,0.00012537612838515547,0.0,7.897294954689547e-05,6.362488232152828e-05
mmpadellan,0.00012537612838515547,0.0,7.897294954689547e-05,6.362488232152828e-05
brearley103,0.00012537612838515547,0.0,7.873762366913649e-05,6.356605085208853e-05
RdShang,0.00012537612838515547,0.0,7.870949317279657e-05,6.355901822800356e-05
0xFineArt,0.00012537612838515547,0.0,7.870949317279657e-05,6.355901822800356e-05
viky_m_art,0.00012537612838515547,0.0,7.870949317279657e-05,6.355901822800356e-05
BenjaminBitcoin,0.00012537612838515547,0.0,7.870949317279657e-05,6.355901822800356e-05
BrandonBlitz1,0.00012537612838515547,0.0,7.870949317279657e-05,6.355901822800356e-05
ReutersBiz,0.00012537612838515547,0.0,7.870949317279657e-05,6.355901822800356e-05
GreenBiz,0.00012537612838515547,0.0,7.870949317279657e-05,6.355901822800356e-05
insideclimate,0.00012537612838515547,0.0,7.870949317279657e-05,6.355901822800356e-05
Greenpeace,0.00012537612838515547,0.0,7.870949317279657e-05,6.355901822800356e-05
climate,0.00012537612838515547,0.0,7.870949317279657e-05,6.355901822800356e-05
Brent35326403,0.00012537612838515547,0.0,7.870949317279657e-05,6.355901822800356e-05
Abdelmou2taleb,0.00012537612838515547,0.0,7.870949317279657e-05,6.355901822800356e-05
BYDCompany,0.00012537612838515547,0.0,7.870949317279657e-05,6.355901822800356e-05
EdLoh,0.00012537612838515547,0.0,7.870949317279657e-05,6.355901822800356e-05
gaurand_eth,0.00012537612838515547,0.0,7.870949317279657e-05,6.355901822800356e-05
RealKatoOG,0.00012537612838515547,0.0,7.870949317279657e-05,6.355901822800356e-05
foundation,0.00012537612838515547,0.0,7.870949317279657e-05,6.355901822800356e-05
TexKap523,0.00012537612838515547,0.0,7.870949317279657e-05,6.355901822800356e-05
realdigitalize,0.00012537612838515547,0.0,7.870949317279657e-05,6.355901822800356e-05
minwjr,0.00012537612838515547,0.0,7.870949317279657e-05,6.355901822800356e-05
abledoc,0.00012537612838515547,0.0,7.861841107574347e-05,6.353624770374027e-05
DARIO13899606,0.00012537612838515547,0.0,7.832580681239382e-05,6.346309663790287e-05
townerman1,0.00012537612838515547,0.0,7.832408942619006e-05,6.346266729135192e-05
GeneralCattis,0.00012537612838515547,0.0,7.83085150504115e-05,6.345877369740729e-05
TERRYW_UK,0.00012537612838515547,0.0,7.83085150504115e-05,6.345877369740729e-05
CatFanatic9,0.00012537612838515547,0.0,7.83085150504115e-05,6.345877369740729e-05
HarryCatPurrs,0.00012537612838515547,0.0,7.83085150504115e-05,6.345877369740729e-05
briano29,0.00012537612838515547,0.0,7.83085150504115e-05,6.345877369740729e-05
ranchera71,0.00012537612838515547,0.0,7.83085150504115e-05,6.345877369740729e-05
eliznoelle,0.00012537612838515547,0.0,7.83085150504115e-05,6.345877369740729e-05
lymeist,0.00012537612838515547,0.0,7.83085150504115e-05,6.345877369740729e-05
meow2you,0.00012537612838515547,0.0,7.83085150504115e-05,6.345877369740729e-05
ThePhilosopurr,0.00012537612838515547,0.0,7.83085150504115e-05,6.345877369740729e-05
PeterRabbit67,0.00012537612838515547,0.0,7.83085150504115e-05,6.345877369740729e-05
YogaGer,0.00012537612838515547,0.0,7.83085150504115e-05,6.345877369740729e-05
MrStevenSteele,0.00012537612838515547,0.0,7.83085150504115e-05,6.345877369740729e-05
LuminousNumino1,0.00012537612838515547,0.0,7.83085150504115e-05,6.345877369740729e-05
bongrat55,0.00012537612838515547,0.0,7.830849712574276e-05,6.34587692162401e-05
iSpaceStar,0.00012537612838515547,0.0,7.821932007876851e-05,6.343647495449654e-05
KingEliasTints,0.00012537612838515547,0.0,7.796481951693856e-05,6.337284981403905e-05
AnaruHarris97,0.00012537612838515547,0.0,7.796481951693856e-05,6.337284981403905e-05
UltraVoid95,0.00012537612838515547,0.0,7.796481951693856e-05,6.337284981403905e-05
valyrianxsteel,0.00012537612838515547,0.0,7.774876133697898e-05,6.331883526904915e-05
jkanbi,0.00012537612838515547,0.0,7.774876133697898e-05,6.331883526904915e-05
Joysman200084,0.00012537612838515547,0.0,7.766695005459536e-05,6.329838244845325e-05
AverageDave6,0.00012537612838515547,0.0,7.766695005459536e-05,6.329838244845325e-05
frantz_vilfort,0.00012537612838515547,0.0,7.766695005459536e-05,6.329838244845325e-05
junderwood4649,0.00012537612838515547,0.0,7.759845898040522e-05,6.328125967990572e-05
madeinkwahu,0.00012537612838515547,0.0,7.753242836192424e-05,6.326475202528546e-05
mukoya_256,0.00012537612838515547,0.0,7.753242836192424e-05,6.326475202528546e-05
calebmutonyi2,0.00012537612838515547,0.0,7.753242836192424e-05,6.326475202528546e-05
Vincentkal24,0.00012537612838515547,0.0,7.753242836192424e-05,6.326475202528546e-05
itsJonasjr,0.00012537612838515547,0.0,7.753242836192424e-05,6.326475202528546e-05
kingsula11,0.00012537612838515547,0.0,7.753242836192424e-05,6.326475202528546e-05
Lloydlucianvert,0.00012537612838515547,0.0,7.753242836192424e-05,6.326475202528546e-05
Nabimara_paul,0.00012537612838515547,0.0,7.753242836192424e-05,6.326475202528546e-05
real_houfy,0.00012537612838515547,0.0,7.753242836192424e-05,6.326475202528546e-05
therealluoboy,0.00012537612838515547,0.0,7.753242836192424e-05,6.326475202528546e-05
UNPLGD3,0.00012537612838515547,0.0,7.740631427504506e-05,6.323322350356567e-05
TheStreet,0.00012537612838515547,0.0,7.740631427504506e-05,6.323322350356567e-05
mgogel,0.00012537612838515547,0.0,7.740631427504506e-05,6.323322350356567e-05
hsumacher,0.00012537612838515547,0.0,7.740631427504506e-05,6.323322350356567e-05
teslaquadcities,0.00012537612838515547,0.0,7.740631427504506e-05,6.323322350356567e-05
nickwhoward,0.00012537612838515547,0.0,7.740631427504506e-05,6.323322350356567e-05
TacosandTeslas,0.00012537612838515547,0.0,7.740631427504506e-05,6.323322350356567e-05
TeslaMilton,0.00012537612838515547,0.0,7.740631427504506e-05,6.323322350356567e-05
TeslaGong,0.00012537612838515547,0.0,7.740631427504506e-05,6.323322350356567e-05
Gators_n_Hokies,0.00012537612838515547,0.0,7.740631427504506e-05,6.323322350356567e-05
tesletter,0.00012537612838515547,0.0,7.740631427504506e-05,6.323322350356567e-05
CovelloMassimo,0.00012537612838515547,0.0,7.740631427504506e-05,6.323322350356567e-05
CodingMark,0.00012537612838515547,0.0,7.740631427504506e-05,6.323322350356567e-05
therealkylefrid,0.00012537612838515547,0.0,7.739663716835843e-05,6.323080422689401e-05
ElliotKane,0.00012537612838515547,0.0,7.739663716835843e-05,6.323080422689401e-05
jeffroth77,0.00012537612838515547,0.0,7.717634152838303e-05,6.317573031690017e-05
insurtechforum,0.00012537612838515547,0.0,7.717634152838303e-05,6.317573031690017e-05
bryanfalchuk,0.00012537612838515547,0.0,7.717634152838303e-05,6.317573031690017e-05
enricomolinari,0.00012537612838515547,0.0,7.717634152838303e-05,6.317573031690017e-05
globaliqx,0.00012537612838515547,0.0,7.717634152838303e-05,6.317573031690017e-05
SpirosMargaris,0.00012537612838515547,0.0,7.717634152838303e-05,6.317573031690017e-05
leimer,0.00012537612838515547,0.0,7.717634152838303e-05,6.317573031690017e-05
PandCinsurance,0.00012537612838515547,0.0,7.717634152838303e-05,6.317573031690017e-05
nigelwalsh,0.00012537612838515547,0.0,7.717634152838303e-05,6.317573031690017e-05
psb_dc,0.00012537612838515547,0.0,7.717634152838303e-05,6.317573031690017e-05
JamesVisionMobi,0.00012537612838515547,0.0,7.717634152838303e-05,6.317573031690017e-05
mectors,0.00012537612838515547,0.0,7.717634152838303e-05,6.317573031690017e-05
MCins_,0.00012537612838515547,0.0,7.717634152838303e-05,6.317573031690017e-05
Dagnum_PI,0.00012537612838515547,0.0,7.717634152838303e-05,6.317573031690017e-05
NCBirbhan,0.00012537612838515547,0.0,7.717634152838303e-05,6.317573031690017e-05
grantbelden,0.00012537612838515547,0.0,7.717634152838303e-05,6.317573031690017e-05
forge_work,0.00012537612838515547,0.0,7.717634152838303e-05,6.317573031690017e-05
InsuranceEleph1,0.00012537612838515547,0.0,7.717634152838303e-05,6.317573031690017e-05
ChrisBloomstran,0.00012537612838515547,0.0,7.717634152838303e-05,6.317573031690017e-05
ranig,0.00012537612838515547,0.0,7.708817085256578e-05,6.315368764794585e-05
BenedictPanda,0.00012537612838515547,0.0,7.708817085256578e-05,6.315368764794585e-05
PaulGogarty,0.00012537612838515547,0.0,7.697192130912787e-05,6.312462526208637e-05
sonyalennon,0.00012537612838515547,0.0,7.697192130912787e-05,6.312462526208637e-05
ConnectingCabra,0.00012537612838515547,0.0,7.697192130912787e-05,6.312462526208637e-05
Fiona_Kildare,0.00012537612838515547,0.0,7.697192130912787e-05,6.312462526208637e-05
McManusDavid,0.00012537612838515547,0.0,7.697192130912787e-05,6.312462526208637e-05
EmerHigginsTD,0.00012537612838515547,0.0,7.697192130912787e-05,6.312462526208637e-05
ErinMcGreehan,0.00012537612838515547,0.0,7.697192130912787e-05,6.312462526208637e-05
NaomiOhReally,0.00012537612838515547,0.0,7.697192130912787e-05,6.312462526208637e-05
leemg1999,0.00012537612838515547,0.0,7.697192130912787e-05,6.312462526208637e-05
evbnb_ie,0.00012537612838515547,0.0,7.697192130912787e-05,6.312462526208637e-05
shanemoynihan,0.00012537612838515547,0.0,7.697192130912787e-05,6.312462526208637e-05
jackfchambers,0.00012537612838515547,0.0,7.697192130912787e-05,6.312462526208637e-05
SouthwestMetro,0.00012537612838515547,0.0,7.697192130912787e-05,6.312462526208637e-05
OgraFiannaFail,0.00012537612838515547,0.0,7.697192130912787e-05,6.312462526208637e-05
michaelclark99,0.00012537612838515547,0.0,7.697192130912787e-05,6.312462526208637e-05
CormacDevlin,0.00012537612838515547,0.0,7.697192130912787e-05,6.312462526208637e-05
ColmBurkeTD,0.00012537612838515547,0.0,7.697192130912787e-05,6.312462526208637e-05
fiannafailparty,0.00012537612838515547,0.0,7.697192130912787e-05,6.312462526208637e-05
MccurtainScott,0.00012537612838515547,0.0,7.678901900768907e-05,6.307889968672667e-05
MarkZuckerbeg,0.00012537612838515547,0.0,7.678901900768907e-05,6.307889968672667e-05
TerryTibbsOG,0.00012537612838515547,0.0,7.662440693639414e-05,6.303774666890295e-05
DWhitmanBTC,0.00012537612838515547,0.0,7.662440693639414e-05,6.303774666890295e-05
GirlsBurnTrump,0.00012537612838515547,0.0,7.662440693639414e-05,6.303774666890295e-05
PetrellaRealty,0.00012537612838515547,0.0,7.647547220522254e-05,6.300051298611004e-05
rawcrawjaw,0.00012537612838515547,0.0,7.621645528144585e-05,6.293575875516587e-05
robotelon,0.00012537612838515547,0.0,7.621645528144585e-05,6.293575875516587e-05
SKumar44395577,0.00012537612838515547,0.0,7.621645528144585e-05,6.293575875516587e-05
SubstructureDek,0.00012537612838515547,0.0,7.621645528144585e-05,6.293575875516587e-05
Todd34384165,0.00012537612838515547,0.0,7.621645528144585e-05,6.293575875516587e-05
ArrowVG,0.00012537612838515547,0.0,7.621645528144585e-05,6.293575875516587e-05
erikbryn,0.00012537612838515547,0.0,7.621645528144585e-05,6.293575875516587e-05
dark_kn1ght47,0.00012537612838515547,0.0,7.621645528144585e-05,6.293575875516587e-05
ahmad_bardawi,0.00012537612838515547,0.0,7.621645528144585e-05,6.293575875516587e-05
ConsoleLogLuke,0.00012537612838515547,0.0,7.621645528144585e-05,6.293575875516587e-05
crickdrinker,0.00012537612838515547,0.0,7.621645528144585e-05,6.293575875516587e-05
drawlos316,0.00012537612838515547,0.0,7.621645528144585e-05,6.293575875516587e-05
ZakKellar,0.00012537612838515547,0.0,7.621645528144585e-05,6.293575875516587e-05
bottom_market,0.00012537612838515547,0.0,7.621645528144585e-05,6.293575875516587e-05
antlim24,0.00012537612838515547,0.0,7.621645528144585e-05,6.293575875516587e-05
hamilton_614,0.00012537612838515547,0.0,7.621645528144585e-05,6.293575875516587e-05
rosababy1111,0.00012537612838515547,0.0,7.621645528144585e-05,6.293575875516587e-05
MeekMillPR,0.00012537612838515547,0.0,7.621645528144585e-05,6.293575875516587e-05
HowardBlandy34_,0.00012537612838515547,0.0,7.621645528144585e-05,6.293575875516587e-05
JKOBsTweets,0.00012537612838515547,0.0,7.621645528144585e-05,6.293575875516587e-05
Mani12811220,0.00012537612838515547,0.0,7.621645528144585e-05,6.293575875516587e-05
TeslaOwnersMN,0.00012537612838515547,0.0,7.603695367601067e-05,6.289088335380708e-05
aftermarket_ev,0.00012537612838515547,0.0,7.603695367601067e-05,6.289088335380708e-05
KerryHealy9,0.00012537612838515547,0.0,7.60114620505675e-05,6.288451044744628e-05
AJProfessional6,0.00012537612838515547,0.0,7.599888106547341e-05,6.288136520117277e-05
JeffKraus12,0.00012537612838515547,0.0,7.596508395861844e-05,6.287291592445902e-05
craigsfire,0.00012537612838515547,0.0,7.590264631610099e-05,6.285730651382966e-05
P8Riot_,0.00012537612838515547,0.0,7.590264631610099e-05,6.285730651382966e-05
Mpmocean,0.00012537612838515547,0.0,7.58531336881648e-05,6.28449283568456e-05
kanevil626,0.00012537612838515547,0.0,7.58531336881648e-05,6.28449283568456e-05
Brehmel,0.00012537612838515547,0.0,7.58531336881648e-05,6.28449283568456e-05
SlagOffTwits,0.00012537612838515547,0.0,7.581354006668209e-05,6.283502995147494e-05
MFer_Jones_,0.00012537612838515547,0.0,7.581354006668209e-05,6.283502995147494e-05
RobJonas856,0.00012537612838515547,0.0,7.581354006668209e-05,6.283502995147494e-05
avidfilm,0.00012537612838515547,0.0,7.581354006668209e-05,6.283502995147494e-05
Ecotainment_YT,0.00012537612838515547,0.0,7.581354006668209e-05,6.283502995147494e-05
TheDisproof,0.00012537612838515547,0.0,7.581354006668209e-05,6.283502995147494e-05
MarkRPellegrino,0.00012537612838515547,0.0,7.581354006668209e-05,6.283502995147494e-05
Stem2022V,0.00012537612838515547,0.0,7.581354006668209e-05,6.283502995147494e-05
Drewsinden,0.00012537612838515547,0.0,7.581354006668209e-05,6.283502995147494e-05
GeraldKutney,0.00012537612838515547,0.0,7.581354006668209e-05,6.283502995147494e-05
Island_Aum,0.00012537612838515547,0.0,7.581354006668209e-05,6.283502995147494e-05
ellyf3r,0.00012537612838515547,0.0,7.581354006668209e-05,6.283502995147494e-05
big_time_rusher,0.00012537612838515547,0.0,7.581354006668209e-05,6.283502995147494e-05
flexibledragnet,0.00012537612838515547,0.0,7.581354006668209e-05,6.283502995147494e-05
wlbeeton,0.00012537612838515547,0.0,7.581354006668209e-05,6.283502995147494e-05
githrazael,0.00012537612838515547,0.0,7.581354006668209e-05,6.283502995147494e-05
gvmiabreak,0.00012537612838515547,0.0,7.581354006668209e-05,6.283502995147494e-05
lucaberta,0.00012537612838515547,0.0,7.581354006668209e-05,6.283502995147494e-05
mcjewkes,0.00012537612838515547,0.0,7.581354006668209e-05,6.283502995147494e-05
primroseBob,0.00012537612838515547,0.0,7.581354006668209e-05,6.283502995147494e-05
robhon_,0.00012537612838515547,0.0,7.581354006668209e-05,6.283502995147494e-05
skepticscience,0.00012537612838515547,0.0,7.581354006668209e-05,6.283502995147494e-05
1Objectivist,0.00012537612838515547,0.0,7.581354006668209e-05,6.283502995147494e-05
Caitlineli1,0.00012537612838515547,0.0,7.581354006668209e-05,6.283502995147494e-05
BatcaveSlimer,0.00012537612838515547,0.0,7.581354006668209e-05,6.283502995147494e-05
AlexEpstein,0.00012537612838515547,0.0,7.581354006668209e-05,6.283502995147494e-05
DVLDOGPatriot,0.00012537612838515547,0.0,7.581354006668209e-05,6.283502995147494e-05
RobertG66331215,0.00012537612838515547,0.0,7.570875661833815e-05,6.280883408938895e-05
MarshalDillon2,0.00012537612838515547,0.0,7.554323794747786e-05,6.276745442167388e-05
JanLang04,0.00012537612838515547,0.0,7.554323794747786e-05,6.276745442167388e-05
Gaspari14902991,0.00012537612838515547,0.0,7.554323794747786e-05,6.276745442167388e-05
bookofruth3,0.00012537612838515547,0.0,7.514917517075427e-05,6.266893872749297e-05
realbalajiraman,0.00012537612838515547,0.0,7.514917517075427e-05,6.266893872749297e-05
Meghanduggan1,0.00012537612838515547,0.0,7.510069007133083e-05,6.265681745263712e-05
skipz,0.00012537612838515547,0.0,7.510069007133083e-05,6.265681745263712e-05
repsiw5,0.00012537612838515547,0.0,7.510069007133083e-05,6.265681745263712e-05
news_houndnc,0.00012537612838515547,0.0,7.510069007133083e-05,6.265681745263712e-05
mrsbiffo01,0.00012537612838515547,0.0,7.510069007133083e-05,6.265681745263712e-05
MyBoxerLuvMac1,0.00012537612838515547,0.0,7.510069007133083e-05,6.265681745263712e-05
NoraNanza,0.00012537612838515547,0.0,7.510069007133083e-05,6.265681745263712e-05
Numbers28,0.00012537612838515547,0.0,7.510069007133083e-05,6.265681745263712e-05
OctoberFerguson,0.00012537612838515547,0.0,7.510069007133083e-05,6.265681745263712e-05
beth_monje,0.00012537612838515547,0.0,7.510069007133083e-05,6.265681745263712e-05
chefjoelb,0.00012537612838515547,0.0,7.510069007133083e-05,6.265681745263712e-05
colin_goodayle,0.00012537612838515547,0.0,7.510069007133083e-05,6.265681745263712e-05
es_edwards,0.00012537612838515547,0.0,7.510069007133083e-05,6.265681745263712e-05
hassib_haidar,0.00012537612838515547,0.0,7.510069007133083e-05,6.265681745263712e-05
jennifersterri1,0.00012537612838515547,0.0,7.510069007133083e-05,6.265681745263712e-05
kath_mcc,0.00012537612838515547,0.0,7.510069007133083e-05,6.265681745263712e-05
kurtmac,0.00012537612838515547,0.0,7.510069007133083e-05,6.265681745263712e-05
mac_gardiner12,0.00012537612838515547,0.0,7.510069007133083e-05,6.265681745263712e-05
benbrookjohn,0.00012537612838515547,0.0,7.510069007133083e-05,6.265681745263712e-05
AhearnColeen,0.00012537612838515547,0.0,7.510069007133083e-05,6.265681745263712e-05
Andy_Lea1964,0.00012537612838515547,0.0,7.510069007133083e-05,6.265681745263712e-05
ArtKetterhagen1,0.00012537612838515547,0.0,7.510069007133083e-05,6.265681745263712e-05
AuroraBlogspot,0.00012537612838515547,0.0,7.510069007133083e-05,6.265681745263712e-05
BBockelbrink,0.00012537612838515547,0.0,7.510069007133083e-05,6.265681745263712e-05
BSandersRipCity,0.00012537612838515547,0.0,7.510069007133083e-05,6.265681745263712e-05
BrooksChloe732,0.00012537612838515547,0.0,7.510069007133083e-05,6.265681745263712e-05
CDFleming5,0.00012537612838515547,0.0,7.510069007133083e-05,6.265681745263712e-05
ChazDavis10,0.00012537612838515547,0.0,7.510069007133083e-05,6.265681745263712e-05
D_Ericson,0.00012537612838515547,0.0,7.510069007133083e-05,6.265681745263712e-05
FritsV4,0.00012537612838515547,0.0,7.510069007133083e-05,6.265681745263712e-05
HLStockenstrom,0.00012537612838515547,0.0,7.510069007133083e-05,6.265681745263712e-05
Infinty1001,0.00012537612838515547,0.0,7.510069007133083e-05,6.265681745263712e-05
KerstinVockert,0.00012537612838515547,0.0,7.510069007133083e-05,6.265681745263712e-05
KiKiPosting,0.00012537612838515547,0.0,7.510069007133083e-05,6.265681745263712e-05
LRJ023,0.00012537612838515547,0.0,7.510069007133083e-05,6.265681745263712e-05
LouGarza86,0.00012537612838515547,0.0,7.510069007133083e-05,6.265681745263712e-05
MacleanJoyce,0.00012537612838515547,0.0,7.510069007133083e-05,6.265681745263712e-05
MarilynSarelas,0.00012537612838515547,0.0,7.510069007133083e-05,6.265681745263712e-05
MarkoSilberhand,0.00012537612838515547,0.0,7.510069007133083e-05,6.265681745263712e-05
BenWeinthal,0.00012537612838515547,0.0,7.488683507272545e-05,6.260335370298577e-05
Anwalt_Jun,0.00012537612838515547,0.0,7.488683507272545e-05,6.260335370298577e-05
Amy83927332,0.00012537612838515547,0.0,7.488683507272545e-05,6.260335370298577e-05
Achgut_com,0.00012537612838515547,0.0,7.488683507272545e-05,6.260335370298577e-05
thelaend,0.00012537612838515547,0.0,7.488683507272545e-05,6.260335370298577e-05
wonderer9,0.00012537612838515547,0.0,7.488683507272545e-05,6.260335370298577e-05
wbeinthal,0.00012537612838515547,0.0,7.488683507272545e-05,6.260335370298577e-05
DrErmler,0.00012537612838515547,0.0,7.488683507272545e-05,6.260335370298577e-05
BlumeEvolution,0.00012537612838515547,0.0,7.488683507272545e-05,6.260335370298577e-05
EZuroff,0.00012537612838515547,0.0,7.488683507272545e-05,6.260335370298577e-05
HenningBuerger,0.00012537612838515547,0.0,7.488683507272545e-05,6.260335370298577e-05
IMbawue,0.00012537612838515547,0.0,7.488683507272545e-05,6.260335370298577e-05
IsraelinGermany,0.00012537612838515547,0.0,7.488683507272545e-05,6.260335370298577e-05
IsraelinMunich,0.00012537612838515547,0.0,7.488683507272545e-05,6.260335370298577e-05
Jeromin20,0.00012537612838515547,0.0,7.488683507272545e-05,6.260335370298577e-05
Jerusalem_Post,0.00012537612838515547,0.0,7.488683507272545e-05,6.260335370298577e-05
KatjaKorf,0.00012537612838515547,0.0,7.488683507272545e-05,6.260335370298577e-05
Kiwi_Watchdog79,0.00012537612838515547,0.0,7.488683507272545e-05,6.260335370298577e-05
usbotschaft,0.00012537612838515547,0.0,7.488683507272545e-05,6.260335370298577e-05
MSchlippenbach,0.00012537612838515547,0.0,7.488683507272545e-05,6.260335370298577e-05
MelnykAndrij,0.00012537612838515547,0.0,7.488683507272545e-05,6.260335370298577e-05
Michael011,0.00012537612838515547,0.0,7.488683507272545e-05,6.260335370298577e-05
Michael01130273,0.00012537612838515547,0.0,7.488683507272545e-05,6.260335370298577e-05
NurderK,0.00012537612838515547,0.0,7.488683507272545e-05,6.260335370298577e-05
RegierungBW,0.00012537612838515547,0.0,7.488683507272545e-05,6.260335370298577e-05
StZ_NEWS,0.00012537612838515547,0.0,7.488683507272545e-05,6.260335370298577e-05
TeneboM,0.00012537612838515547,0.0,7.488683507272545e-05,6.260335370298577e-05
TuckerSamuel1,0.00012537612838515547,0.0,7.488683507272545e-05,6.260335370298577e-05
TwitterDE,0.00012537612838515547,0.0,7.488683507272545e-05,6.260335370298577e-05
Volker_Beck,0.00012537612838515547,0.0,7.488683507272545e-05,6.260335370298577e-05
WolfMalca,0.00012537612838515547,0.0,7.488683507272545e-05,6.260335370298577e-05
YakiLopez,0.00012537612838515547,0.0,7.488683507272545e-05,6.260335370298577e-05
scilogs,0.00012537612838515547,0.0,7.488683507272545e-05,6.260335370298577e-05
simonwiesenthal,0.00012537612838515547,0.0,7.488683507272545e-05,6.260335370298577e-05
axel_mylius,0.00012537612838515547,0.0,7.488683507272545e-05,6.260335370298577e-05
ebonyplusirony,0.00012537612838515547,0.0,7.488683507272545e-05,6.260335370298577e-05
chrismon_de,0.00012537612838515547,0.0,7.488683507272545e-05,6.260335370298577e-05
blubberkram,0.00012537612838515547,0.0,7.488683507272545e-05,6.260335370298577e-05
bka,0.00012537612838515547,0.0,7.488683507272545e-05,6.260335370298577e-05
beauftragtgg,0.00012537612838515547,0.0,7.488683507272545e-05,6.260335370298577e-05
superdu18608224,0.00012537612838515547,0.0,7.488683507272545e-05,6.260335370298577e-05
anne_enclos,0.00012537612838515547,0.0,7.488683507272545e-05,6.260335370298577e-05
juno_________,0.00012537612838515547,0.0,7.488683507272545e-05,6.260335370298577e-05
amnesty,0.00012537612838515547,0.0,7.488683507272545e-05,6.260335370298577e-05
lewins_ian,0.00012537612838515547,0.0,7.482768369013247e-05,6.258856585733753e-05
seth1st,0.00012537612838515547,0.0,7.482768369013247e-05,6.258856585733753e-05
lostandlovinit,0.00012537612838515547,0.0,7.474782932363195e-05,6.25686022657124e-05
najjar_richard,0.00012537612838515547,0.0,7.474782932363195e-05,6.25686022657124e-05
nedorton,0.00012537612838515547,0.0,7.474782932363195e-05,6.25686022657124e-05
nitros1954,0.00012537612838515547,0.0,7.474782932363195e-05,6.25686022657124e-05
rmny1976,0.00012537612838515547,0.0,7.474782932363195e-05,6.25686022657124e-05
sammk1964,0.00012537612838515547,0.0,7.474782932363195e-05,6.25686022657124e-05
2_drac,0.00012537612838515547,0.0,7.474782932363195e-05,6.25686022657124e-05
45SusanSC,0.00012537612838515547,0.0,7.474782932363195e-05,6.25686022657124e-05
4JOC1,0.00012537612838515547,0.0,7.474782932363195e-05,6.25686022657124e-05
AmyPollano,0.00012537612838515547,0.0,7.474782932363195e-05,6.25686022657124e-05
Annie20554592,0.00012537612838515547,0.0,7.474782932363195e-05,6.25686022657124e-05
Apritions,0.00012537612838515547,0.0,7.474782932363195e-05,6.25686022657124e-05
B26Rick,0.00012537612838515547,0.0,7.474782932363195e-05,6.25686022657124e-05
BlakDragonClaw,0.00012537612838515547,0.0,7.474782932363195e-05,6.25686022657124e-05
CMcfunster,0.00012537612838515547,0.0,7.474782932363195e-05,6.25686022657124e-05
FnusaFred,0.00012537612838515547,0.0,7.474782932363195e-05,6.25686022657124e-05
jaybakeraz,0.00012537612838515547,0.0,7.474782932363195e-05,6.25686022657124e-05
lmcgough7,0.00012537612838515547,0.0,7.474782932363195e-05,6.25686022657124e-05
simplycaptiv8in,0.00012537612838515547,0.0,7.474782932363195e-05,6.25686022657124e-05
ThereseOSulliv2,0.00012537612838515547,0.0,7.474782932363195e-05,6.25686022657124e-05
SuspendThis73,0.00012537612838515547,0.0,7.474782932363195e-05,6.25686022657124e-05
SeptRose70,0.00012537612838515547,0.0,7.474782932363195e-05,6.25686022657124e-05
tRick_the_only,0.00012537612838515547,0.0,7.474782932363195e-05,6.25686022657124e-05
tallnblonde1,0.00012537612838515547,0.0,7.474782932363195e-05,6.25686022657124e-05
tesseract72,0.00012537612838515547,0.0,7.474782932363195e-05,6.25686022657124e-05
theProgEqualist,0.00012537612838515547,0.0,7.474782932363195e-05,6.25686022657124e-05
warmachineofgod,0.00012537612838515547,0.0,7.474782932363195e-05,6.25686022657124e-05
waywardmegan15,0.00012537612838515547,0.0,7.474782932363195e-05,6.25686022657124e-05
Vanessa76_1,0.00012537612838515547,0.0,7.474782932363195e-05,6.25686022657124e-05
RTyler07500005,0.00012537612838515547,0.0,7.474782932363195e-05,6.25686022657124e-05
RAGINxCAJUN,0.00012537612838515547,0.0,7.474782932363195e-05,6.25686022657124e-05
NatForTrump2024,0.00012537612838515547,0.0,7.474782932363195e-05,6.25686022657124e-05
MikeBetts43,0.00012537612838515547,0.0,7.474782932363195e-05,6.25686022657124e-05
Merry_Hippie,0.00012537612838515547,0.0,7.474782932363195e-05,6.25686022657124e-05
MarcGriff89,0.00012537612838515547,0.0,7.474782932363195e-05,6.25686022657124e-05
LibertyOfThe2nd,0.00012537612838515547,0.0,7.474782932363195e-05,6.25686022657124e-05
Lauri28945941,0.00012537612838515547,0.0,7.474782932363195e-05,6.25686022657124e-05
JosephHugh4,0.00012537612838515547,0.0,7.474782932363195e-05,6.25686022657124e-05
JamesCa45920153,0.00012537612838515547,0.0,7.474782932363195e-05,6.25686022657124e-05
RonFancy,0.00012537612838515547,0.0,7.474782932363195e-05,6.25686022657124e-05
imrednow,0.00012537612838515547,0.0,7.474782932363195e-05,6.25686022657124e-05
BlackCa28867722,0.00012537612838515547,0.0,7.474782932363195e-05,6.25686022657124e-05
VinceGottalotta,0.00012537612838515547,0.0,7.474782932363195e-05,6.25686022657124e-05
abd130usa22nq,0.00012537612838515547,0.0,7.474782932363195e-05,6.25686022657124e-05
alshadowdancer,0.00012537612838515547,0.0,7.474782932363195e-05,6.25686022657124e-05
HuntersArtWork,0.00012537612838515547,0.0,7.474782932363195e-05,6.25686022657124e-05
Godslightangel7,0.00012537612838515547,0.0,7.474782932363195e-05,6.25686022657124e-05
chrisg409ubc,0.00012537612838515547,0.0,7.474782932363195e-05,6.25686022657124e-05
dogsdontliket,0.00012537612838515547,0.0,7.474782932363195e-05,6.25686022657124e-05
ghost321,0.00012537612838515547,0.0,7.474782932363195e-05,6.25686022657124e-05
delaney1986,0.00012537612838515547,0.0,7.440333681500895e-05,6.248247913855665e-05
1Nanasmomma,0.00012537612838515547,0.0,7.440333681500895e-05,6.248247913855665e-05
Barend48608900,0.00012537612838515547,0.0,7.349677758179049e-05,6.225583933025204e-05
rob_connections,0.00012537612838515547,0.0,7.349677758179049e-05,6.225583933025204e-05
rob11563,0.00012537612838515547,0.0,7.349677758179049e-05,6.225583933025204e-05
ro_rorz,0.00012537612838515547,0.0,7.349677758179049e-05,6.225583933025204e-05
BedigarVR,0.00012537612838515547,0.0,7.349677758179049e-05,6.225583933025204e-05
BarDePueblo1,0.00012537612838515547,0.0,7.349677758179049e-05,6.225583933025204e-05
Ljb2Liam,0.00012537612838515547,0.0,7.349677758179049e-05,6.225583933025204e-05
BBQBullCity,0.00012537612838515547,0.0,7.349677758179049e-05,6.225583933025204e-05
LisaMil55634277,0.00012537612838515547,0.0,7.349677758179049e-05,6.225583933025204e-05
ThachKids,0.00012537612838515547,0.0,7.349677758179049e-05,6.225583933025204e-05
Tfoxgogo,0.00012537612838515547,0.0,7.349677758179049e-05,6.225583933025204e-05
TeslaInTheUK,0.00012537612838515547,0.0,7.349677758179049e-05,6.225583933025204e-05
Tforlifemodely,0.00012537612838515547,0.0,7.349677758179049e-05,6.225583933025204e-05
TeslariFreeWord,0.00012537612838515547,0.0,7.349677758179049e-05,6.225583933025204e-05
TeslaLisa,0.00012537612838515547,0.0,7.349677758179049e-05,6.225583933025204e-05
BeatlerGaming37,0.00012537612838515547,0.0,7.349677758179049e-05,6.225583933025204e-05
MattDBramley,0.00012537612838515547,0.0,7.349677758179049e-05,6.225583933025204e-05
MarekC05173703,0.00012537612838515547,0.0,7.349677758179049e-05,6.225583933025204e-05
Marie47730448,0.00012537612838515547,0.0,7.349677758179049e-05,6.225583933025204e-05
MarinaBeltran7,0.00012537612838515547,0.0,7.349677758179049e-05,6.225583933025204e-05
MarinaRassin,0.00012537612838515547,0.0,7.349677758179049e-05,6.225583933025204e-05
Mary88Rz,0.00012537612838515547,0.0,7.349677758179049e-05,6.225583933025204e-05
Martukikinew,0.00012537612838515547,0.0,7.349677758179049e-05,6.225583933025204e-05
BALTASAR777,0.00012537612838515547,0.0,7.349677758179049e-05,6.225583933025204e-05
B1kesRule,0.00012537612838515547,0.0,7.349677758179049e-05,6.225583933025204e-05
rolgarrison1,0.00012537612838515547,0.0,7.349677758179049e-05,6.225583933025204e-05
rorysmith89,0.00012537612838515547,0.0,7.349677758179049e-05,6.225583933025204e-05
BaceDzigerica,0.00012537612838515547,0.0,7.349677758179049e-05,6.225583933025204e-05
robbhaifisch,0.00012537612838515547,0.0,7.349677758179049e-05,6.225583933025204e-05
BangLangHoa3,0.00012537612838515547,0.0,7.349677758179049e-05,6.225583933025204e-05
MarkEvans1967,0.00012537612838515547,0.0,7.349677758179049e-05,6.225583933025204e-05
Market199S,0.00012537612838515547,0.0,7.349677758179049e-05,6.225583933025204e-05
MarketAdaptaion,0.00012537612838515547,0.0,7.349677758179049e-05,6.225583933025204e-05
SteffanPatrik,0.00012537612838515547,0.0,7.349677758179049e-05,6.225583933025204e-05
Steinfireflint,0.00012537612838515547,0.0,7.349677758179049e-05,6.225583933025204e-05
rockymotreas,0.00012537612838515547,0.0,7.349677758179049e-05,6.225583933025204e-05
rockmen_Mk2,0.00012537612838515547,0.0,7.349677758179049e-05,6.225583933025204e-05
BAlkahest,0.00012537612838515547,0.0,7.349677758179049e-05,6.225583933025204e-05
rocketrooster,0.00012537612838515547,0.0,7.349677758179049e-05,6.225583933025204e-05
robert_sobulo,0.00012537612838515547,0.0,7.349677758179049e-05,6.225583933025204e-05
Bankshot9ball,0.00012537612838515547,0.0,7.349677758179049e-05,6.225583933025204e-05
BadurinaJane,0.00012537612838515547,0.0,7.349677758179049e-05,6.225583933025204e-05
shikimori27,0.00012537612838515547,0.0,7.349677758179049e-05,6.225583933025204e-05
shinichi_fj,0.00012537612838515547,0.0,7.349677758179049e-05,6.225583933025204e-05
shiori__mizuiro,0.00012537612838515547,0.0,7.349677758179049e-05,6.225583933025204e-05
sifredoA,0.00012537612838515547,0.0,7.349677758179049e-05,6.225583933025204e-05
simon_poppleton,0.00012537612838515547,0.0,7.349677758179049e-05,6.225583933025204e-05
sinsofIust,0.00012537612838515547,0.0,7.349677758179049e-05,6.225583933025204e-05
sirochan4646,0.00012537612838515547,0.0,7.349677758179049e-05,6.225583933025204e-05
sirvilius,0.00012537612838515547,0.0,7.349677758179049e-05,6.225583933025204e-05
site_alpha,0.00012537612838515547,0.0,7.349677758179049e-05,6.225583933025204e-05
skinnysmallzzz,0.00012537612838515547,0.0,7.349677758179049e-05,6.225583933025204e-05
BarbaraLuvsMaui,0.00012537612838515547,0.0,7.349677758179049e-05,6.225583933025204e-05
MeUinNeverland,0.00012537612838515547,0.0,7.349677758179049e-05,6.225583933025204e-05
Medo_NFP,0.00012537612838515547,0.0,7.349677758179049e-05,6.225583933025204e-05
SpencerBello1,0.00012537612838515547,0.0,7.349677758179049e-05,6.225583933025204e-05
Sph1984,0.00012537612838515547,0.0,7.349677758179049e-05,6.225583933025204e-05
SrCadburyCrypto,0.00012537612838515547,0.0,7.349677758179049e-05,6.225583933025204e-05
Srevilo,0.00012537612838515547,0.0,7.349677758179049e-05,6.225583933025204e-05
Stardustraven2,0.00012537612838515547,0.0,7.349677758179049e-05,6.225583933025204e-05
MartinGueven,0.00012537612838515547,0.0,7.349677758179049e-05,6.225583933025204e-05
slifante,0.00012537612838515547,0.0,7.349677758179049e-05,6.225583933025204e-05
TheBookFinch,0.00012537612838515547,0.0,7.349677758179049e-05,6.225583933025204e-05
TheBlueMeme,0.00012537612838515547,0.0,7.349677758179049e-05,6.225583933025204e-05
Mavica1980,0.00012537612838515547,0.0,7.349677758179049e-05,6.225583933025204e-05
TeslaFormula,0.00012537612838515547,0.0,7.349677758179049e-05,6.225583933025204e-05
TeslaConverted,0.00012537612838515547,0.0,7.349677758179049e-05,6.225583933025204e-05
TerrencioJ,0.00012537612838515547,0.0,7.349677758179049e-05,6.225583933025204e-05
LucasrbSouza,0.00012537612838515547,0.0,7.349677758179049e-05,6.225583933025204e-05
LucasLanzellot3,0.00012537612838515547,0.0,7.349677758179049e-05,6.225583933025204e-05
LubhitJaiswal6,0.00012537612838515547,0.0,7.349677758179049e-05,6.225583933025204e-05
Bartomi66334399,0.00012537612838515547,0.0,7.349677758179049e-05,6.225583933025204e-05
riden_biden,0.00012537612838515547,0.0,7.349677758179049e-05,6.225583933025204e-05
rico_films,0.00012537612838515547,0.0,7.349677758179049e-05,6.225583933025204e-05
rfactor2player1,0.00012537612838515547,0.0,7.349677758179049e-05,6.225583933025204e-05
reycou_,0.00012537612838515547,0.0,7.349677758179049e-05,6.225583933025204e-05
shibito117,0.00012537612838515547,0.0,7.349677758179049e-05,6.225583933025204e-05
BBVAresponde_es,0.00012537612838515547,0.0,7.349677758179049e-05,6.225583933025204e-05
remisramosc,0.00012537612838515547,0.0,7.349677758179049e-05,6.225583933025204e-05
reinaldkirchner,0.00012537612838515547,0.0,7.349677758179049e-05,6.225583933025204e-05
Berndog6,0.00012537612838515547,0.0,7.349677758179049e-05,6.225583933025204e-05
BernardP_T,0.00012537612838515547,0.0,7.349677758179049e-05,6.225583933025204e-05
BergtunRune,0.00012537612838515547,0.0,7.349677758179049e-05,6.225583933025204e-05
Benoit03157452,0.00012537612838515547,0.0,7.349677758179049e-05,6.225583933025204e-05
TheElonMuskrat,0.00012537612838515547,0.0,7.349677758179049e-05,6.225583933025204e-05
TheDogeSon1,0.00012537612838515547,0.0,7.349677758179049e-05,6.225583933025204e-05
TheDivineStein,0.00012537612838515547,0.0,7.349677758179049e-05,6.225583933025204e-05
TheChunkyPotato,0.00012537612838515547,0.0,7.349677758179049e-05,6.225583933025204e-05
rentahitman,0.00012537612838515547,0.0,7.349677758179049e-05,6.225583933025204e-05
SteveNews4,0.00012537612838515547,0.0,7.349677758179049e-05,6.225583933025204e-05
Steve666333,0.00012537612838515547,0.0,7.349677758179049e-05,6.225583933025204e-05
MZerfing21,0.00012537612838515547,0.0,7.349677758179049e-05,6.225583933025204e-05
MXMacroTheory,0.00012537612838515547,0.0,7.349677758179049e-05,6.225583933025204e-05
MT12362379,0.00012537612838515547,0.0,7.349677758179049e-05,6.225583933025204e-05
MPat1634,0.00012537612838515547,0.0,7.349677758179049e-05,6.225583933025204e-05
MM_l_007,0.00012537612838515547,0.0,7.349677758179049e-05,6.225583933025204e-05
MLakernation,0.00012537612838515547,0.0,7.349677758179049e-05,6.225583933025204e-05
MJForbes,0.00012537612838515547,0.0,7.349677758179049e-05,6.225583933025204e-05
TESLAMODELX9211,0.00012537612838515547,0.0,7.349677758179049e-05,6.225583933025204e-05
TCbigblue,0.00012537612838515547,0.0,7.349677758179049e-05,6.225583933025204e-05
TheBenjaminGuy,0.00012537612838515547,0.0,7.349677758179049e-05,6.225583933025204e-05
Surfingcity,0.00012537612838515547,0.0,7.349677758179049e-05,6.225583933025204e-05
TheBeastUnleas6,0.00012537612838515547,0.0,7.349677758179049e-05,6.225583933025204e-05
SureshS08818469,0.00012537612838515547,0.0,7.349677758179049e-05,6.225583933025204e-05
SunshineDriver,0.00012537612838515547,0.0,7.349677758179049e-05,6.225583933025204e-05
MarcBerns1,0.00012537612838515547,0.0,7.349677758179049e-05,6.225583933025204e-05
ManoolsAreCool,0.00012537612838515547,0.0,7.349677758179049e-05,6.225583933025204e-05
Manny_Street,0.00012537612838515547,0.0,7.349677758179049e-05,6.225583933025204e-05
Mandarsinh,0.00012537612838515547,0.0,7.349677758179049e-05,6.225583933025204e-05
Manarceu5,0.00012537612838515547,0.0,7.349677758179049e-05,6.225583933025204e-05
seanyhaf,0.00012537612838515547,0.0,7.349677758179049e-05,6.225583933025204e-05
seanofiachra,0.00012537612838515547,0.0,7.349677758179049e-05,6.225583933025204e-05
T2GxMo,0.00012537612838515547,0.0,7.349677758179049e-05,6.225583933025204e-05
Azul_sapphire12,0.00012537612838515547,0.0,7.349677758179049e-05,6.225583933025204e-05
AzorInfo,0.00012537612838515547,0.0,7.349677758179049e-05,6.225583933025204e-05
AzizAchebari,0.00012537612838515547,0.0,7.349677758179049e-05,6.225583933025204e-05
AytchAnd,0.00012537612838515547,0.0,7.349677758179049e-05,6.225583933025204e-05
AyshaSulehria14,0.00012537612838515547,0.0,7.349677758179049e-05,6.225583933025204e-05
shaunconyers,0.00012537612838515547,0.0,7.349677758179049e-05,6.225583933025204e-05
sharmakaa,0.00012537612838515547,0.0,7.349677758179049e-05,6.225583933025204e-05
sharkfrenzy,0.00012537612838515547,0.0,7.349677758179049e-05,6.225583933025204e-05
shannonpeel1,0.00012537612838515547,0.0,7.349677758179049e-05,6.225583933025204e-05
shadowymaus,0.00012537612838515547,0.0,7.349677758179049e-05,6.225583933025204e-05
servant4u,0.00012537612838515547,0.0,7.349677758179049e-05,6.225583933025204e-05
StevenJ1279,0.00012537612838515547,0.0,7.349677758179049e-05,6.225583933025204e-05
segmentis,0.00012537612838515547,0.0,7.349677758179049e-05,6.225583933025204e-05
Man2Smoove,0.00012537612838515547,0.0,7.349677758179049e-05,6.225583933025204e-05
MalingeringG,0.00012537612838515547,0.0,7.349677758179049e-05,6.225583933025204e-05
Makroint,0.00012537612838515547,0.0,7.349677758179049e-05,6.225583933025204e-05
MakeItRight45,0.00012537612838515547,0.0,7.349677758179049e-05,6.225583933025204e-05
MahmoudKefi,0.00012537612838515547,0.0,7.349677758179049e-05,6.225583933025204e-05
SukeGar,0.00012537612838515547,0.0,7.349677758179049e-05,6.225583933025204e-05
Suffolkboy5,0.00012537612838515547,0.0,7.349677758179049e-05,6.225583933025204e-05
SudarshanAG,0.00012537612838515547,0.0,7.349677758179049e-05,6.225583933025204e-05
SuarezMedardo,0.00012537612838515547,0.0,7.349677758179049e-05,6.225583933025204e-05
StringerHolding,0.00012537612838515547,0.0,7.349677758179049e-05,6.225583933025204e-05
StingerHottub,0.00012537612838515547,0.0,7.349677758179049e-05,6.225583933025204e-05
serkinati,0.00012537612838515547,0.0,7.349677758179049e-05,6.225583933025204e-05
rudymegens,0.00012537612838515547,0.0,7.349677758179049e-05,6.225583933025204e-05
rudyferraz,0.00012537612838515547,0.0,7.349677758179049e-05,6.225583933025204e-05
rtrach87,0.00012537612838515547,0.0,7.349677758179049e-05,6.225583933025204e-05
rppate1,0.00012537612838515547,0.0,7.349677758179049e-05,6.225583933025204e-05
royalrogue8,0.00012537612838515547,0.0,7.349677758179049e-05,6.225583933025204e-05
rover0_,0.00012537612838515547,0.0,7.349677758179049e-05,6.225583933025204e-05
MATT11318407,0.00012537612838515547,0.0,7.349677758179049e-05,6.225583933025204e-05
M99_TV,0.00012537612838515547,0.0,7.349677758179049e-05,6.225583933025204e-05
LzPods,0.00012537612838515547,0.0,7.349677758179049e-05,6.225583933025204e-05
TMironenka,0.00012537612838515547,0.0,7.349677758179049e-05,6.225583933025204e-05
TLVOilTrader,0.00012537612838515547,0.0,7.349677758179049e-05,6.225583933025204e-05
scriptlett,0.00012537612838515547,0.0,7.349677758179049e-05,6.225583933025204e-05
THEYOUNGSOUL2,0.00012537612838515547,0.0,7.349677758179049e-05,6.225583933025204e-05
TESMED21,0.00012537612838515547,0.0,7.349677758179049e-05,6.225583933025204e-05
MaeLynnBallot,0.00012537612838515547,0.0,7.349677758179049e-05,6.225583933025204e-05
Madwoma26369498,0.00012537612838515547,0.0,7.349677758179049e-05,6.225583933025204e-05
Maddux2Hell,0.00012537612838515547,0.0,7.349677758179049e-05,6.225583933025204e-05
LowJunHong3,0.00012537612838515547,0.0,7.349677758179049e-05,6.225583933025204e-05
TechGeek73,0.00012537612838515547,0.0,7.349677758179049e-05,6.225583933025204e-05
TamoDalekO11,0.00012537612838515547,0.0,7.349677758179049e-05,6.225583933025204e-05
Luzia_con_z,0.00012537612838515547,0.0,7.349677758179049e-05,6.225583933025204e-05
Luuk57070860,0.00012537612838515547,0.0,7.349677758179049e-05,6.225583933025204e-05
MGOBlue2282,0.00012537612838515547,0.0,7.349677758179049e-05,6.225583933025204e-05
MCMLXVI_2,0.00012537612838515547,0.0,7.349677758179049e-05,6.225583933025204e-05
TJackrat,0.00012537612838515547,0.0,7.349677758179049e-05,6.225583933025204e-05
scottwahlstrom,0.00012537612838515547,0.0,7.349677758179049e-05,6.225583933025204e-05
scottCo74532974,0.00012537612838515547,0.0,7.349677758179049e-05,6.225583933025204e-05
schulzzy,0.00012537612838515547,0.0,7.349677758179049e-05,6.225583933025204e-05
scholzinator2,0.00012537612838515547,0.0,7.349677758179049e-05,6.225583933025204e-05
sc101_101,0.00012537612838515547,0.0,7.349677758179049e-05,6.225583933025204e-05
sbellidog,0.00012537612838515547,0.0,7.349677758179049e-05,6.225583933025204e-05
savage21theboyl,0.00012537612838515547,0.0,7.349677758179049e-05,6.225583933025204e-05
satproDaniel,0.00012537612838515547,0.0,7.349677758179049e-05,6.225583933025204e-05
sarvottum,0.00012537612838515547,0.0,7.349677758179049e-05,6.225583933025204e-05
sap_bad,0.00012537612838515547,0.0,7.349677758179049e-05,6.225583933025204e-05
sanketgate112,0.00012537612838515547,0.0,7.349677758179049e-05,6.225583933025204e-05
runchu87,0.00012537612838515547,0.0,7.349677758179049e-05,6.225583933025204e-05
saku_zuckerberg,0.00012537612838515547,0.0,7.349677758179049e-05,6.225583933025204e-05
BYECAHELLOTEXAS,0.00012537612838515547,0.0,7.349677758179049e-05,6.225583933025204e-05
BROS_FX,0.00012537612838515547,0.0,7.349677758179049e-05,6.225583933025204e-05
BRLvideos,0.00012537612838515547,0.0,7.349677758179049e-05,6.225583933025204e-05
BLalwaysMattr,0.00012537612838515547,0.0,7.349677758179049e-05,6.225583933025204e-05
BISMA73913052,0.00012537612838515547,0.0,7.349677758179049e-05,6.225583933025204e-05
sagebiel,0.00012537612838515547,0.0,7.349677758179049e-05,6.225583933025204e-05
saeedbinmane,0.00012537612838515547,0.0,7.349677758179049e-05,6.225583933025204e-05
sa_to65536,0.00012537612838515547,0.0,7.349677758179049e-05,6.225583933025204e-05
s91535262,0.00012537612838515547,0.0,7.349677758179049e-05,6.225583933025204e-05
rwa_,0.00012537612838515547,0.0,7.349677758179049e-05,6.225583933025204e-05
russlaraway,0.00012537612838515547,0.0,7.349677758179049e-05,6.225583933025204e-05
salpral,0.00012537612838515547,0.0,7.349677758179049e-05,6.225583933025204e-05
pdt2211,0.00012537612838515547,0.0,7.349677758179049e-05,6.225583933025204e-05
Bouckaert,0.00012537612838515547,0.0,7.349677758179049e-05,6.225583933025204e-05
BriereBear,0.00012537612838515547,0.0,7.349677758179049e-05,6.225583933025204e-05
Breakevennnnnnn,0.00012537612838515547,0.0,7.349677758179049e-05,6.225583933025204e-05
BramucciMatteo,0.00012537612838515547,0.0,7.349677758179049e-05,6.225583933025204e-05
KameekMusic,0.00012537612838515547,0.0,7.349677758179049e-05,6.225583933025204e-05
KamHatesHumans,0.00012537612838515547,0.0,7.349677758179049e-05,6.225583933025204e-05
K_P_W3,0.00012537612838515547,0.0,7.349677758179049e-05,6.225583933025204e-05
KUEAcademy,0.00012537612838515547,0.0,7.349677758179049e-05,6.225583933025204e-05
KSueReal1,0.00012537612838515547,0.0,7.349677758179049e-05,6.225583933025204e-05
VADjude352,0.00012537612838515547,0.0,7.349677758179049e-05,6.225583933025204e-05
VACCOOLSKI,0.00012537612838515547,0.0,7.349677758179049e-05,6.225583933025204e-05
UssGordoncap,0.00012537612838515547,0.0,7.349677758179049e-05,6.225583933025204e-05
TheNerdium,0.00012537612838515547,0.0,7.349677758179049e-05,6.225583933025204e-05
UncleBruce19,0.00012537612838515547,0.0,7.349677758179049e-05,6.225583933025204e-05
UhUZ3,0.00012537612838515547,0.0,7.349677758179049e-05,6.225583933025204e-05
UdayJad39389920,0.00012537612838515547,0.0,7.349677758179049e-05,6.225583933025204e-05
UberZeitgeist,0.00012537612838515547,0.0,7.349677758179049e-05,6.225583933025204e-05
URIELNUNEZVALL1,0.00012537612838515547,0.0,7.349677758179049e-05,6.225583933025204e-05
KhaledAlnhmy,0.00012537612838515547,0.0,7.349677758179049e-05,6.225583933025204e-05
KevinMelnuk,0.00012537612838515547,0.0,7.349677758179049e-05,6.225583933025204e-05
KettlerScience,0.00012537612838515547,0.0,7.349677758179049e-05,6.225583933025204e-05
KbWholesome,0.00012537612838515547,0.0,7.349677758179049e-05,6.225583933025204e-05
BrajeshJhariya2,0.00012537612838515547,0.0,7.349677758179049e-05,6.225583933025204e-05
BrainGoblin,0.00012537612838515547,0.0,7.349677758179049e-05,6.225583933025204e-05
BowTiedBlueFin,0.00012537612838515547,0.0,7.349677758179049e-05,6.225583933025204e-05
BourneReddy,0.00012537612838515547,0.0,7.349677758179049e-05,6.225583933025204e-05
patrickteng,0.00012537612838515547,0.0,7.349677758179049e-05,6.225583933025204e-05
UncleSeeze,0.00012537612838515547,0.0,7.349677758179049e-05,6.225583933025204e-05
Blindside007,0.00012537612838515547,0.0,7.349677758179049e-05,6.225583933025204e-05
BlessingEkarik6,0.00012537612838515547,0.0,7.349677758179049e-05,6.225583933025204e-05
BisonoStarlin,0.00012537612838515547,0.0,7.349677758179049e-05,6.225583933025204e-05
Bin_Ashry_M_H,0.00012537612838515547,0.0,7.349677758179049e-05,6.225583933025204e-05
Bills04bth,0.00012537612838515547,0.0,7.349677758179049e-05,6.225583933025204e-05
pramodbagale5,0.00012537612838515547,0.0,7.349677758179049e-05,6.225583933025204e-05
ppoppopower,0.00012537612838515547,0.0,7.349677758179049e-05,6.225583933025204e-05
pournographic,0.00012537612838515547,0.0,7.349677758179049e-05,6.225583933025204e-05
polabmgr,0.00012537612838515547,0.0,7.349677758179049e-05,6.225583933025204e-05
KathiF33,0.00012537612838515547,0.0,7.349677758179049e-05,6.225583933025204e-05
Kaseki_Kussaku,0.00012537612838515547,0.0,7.349677758179049e-05,6.225583933025204e-05
Karthikponnada9,0.00012537612838515547,0.0,7.349677758179049e-05,6.225583933025204e-05
UKSVacher,0.00012537612838515547,0.0,7.349677758179049e-05,6.225583933025204e-05
perpetual_union,0.00012537612838515547,0.0,7.349677758179049e-05,6.225583933025204e-05
TypeeTr,0.00012537612838515547,0.0,7.349677758179049e-05,6.225583933025204e-05
TylerTalksBack,0.00012537612838515547,0.0,7.349677758179049e-05,6.225583933025204e-05
TyGabriel007,0.00012537612838515547,0.0,7.349677758179049e-05,6.225583933025204e-05
TuttleJacki,0.00012537612838515547,0.0,7.349677758179049e-05,6.225583933025204e-05
KingokGregory,0.00012537612838515547,0.0,7.349677758179049e-05,6.225583933025204e-05
plawton,0.00012537612838515547,0.0,7.349677758179049e-05,6.225583933025204e-05
pixy_gray,0.00012537612838515547,0.0,7.349677758179049e-05,6.225583933025204e-05
pinemikey,0.00012537612838515547,0.0,7.349677758179049e-05,6.225583933025204e-05
pierstech,0.00012537612838515547,0.0,7.349677758179049e-05,6.225583933025204e-05
phreezer_dd,0.00012537612838515547,0.0,7.349677758179049e-05,6.225583933025204e-05
philkochan,0.00012537612838515547,0.0,7.349677758179049e-05,6.225583933025204e-05
phil_hutchinson,0.00012537612838515547,0.0,7.349677758179049e-05,6.225583933025204e-05
peter_1692,0.00012537612838515547,0.0,7.349677758179049e-05,6.225583933025204e-05
pertorstensson,0.00012537612838515547,0.0,7.349677758179049e-05,6.225583933025204e-05
Tytropolis,0.00012537612838515547,0.0,7.349677758179049e-05,6.225583933025204e-05
Justin_Finn_Liu,0.00012537612838515547,0.0,7.349677758179049e-05,6.225583933025204e-05
oskudniskalp,0.00012537612838515547,0.0,7.349677758179049e-05,6.225583933025204e-05
oscaru2,0.00012537612838515547,0.0,7.349677758179049e-05,6.225583933025204e-05
oppei85,0.00012537612838515547,0.0,7.349677758179049e-05,6.225583933025204e-05
onigivi,0.00012537612838515547,0.0,7.349677758179049e-05,6.225583933025204e-05
oneeyegaspirate,0.00012537612838515547,0.0,7.349677758179049e-05,6.225583933025204e-05
onatrain2022,0.00012537612838515547,0.0,7.349677758179049e-05,6.225583933025204e-05
olavtorvund,0.00012537612838515547,0.0,7.349677758179049e-05,6.225583933025204e-05
oksanka_luky,0.00012537612838515547,0.0,7.349677758179049e-05,6.225583933025204e-05
okcaloguzhan,0.00012537612838515547,0.0,7.349677758179049e-05,6.225583933025204e-05
ojMMA,0.00012537612838515547,0.0,7.349677758179049e-05,6.225583933025204e-05
oimum,0.00012537612838515547,0.0,7.349677758179049e-05,6.225583933025204e-05
Buddyboybudbud,0.00012537612838515547,0.0,7.349677758179049e-05,6.225583933025204e-05
patrick51691457,0.00012537612838515547,0.0,7.349677758179049e-05,6.225583933025204e-05
Brimania42,0.00012537612838515547,0.0,7.349677758179049e-05,6.225583933025204e-05
ohcheepeng,0.00012537612838515547,0.0,7.349677758179049e-05,6.225583933025204e-05
JustSmokey_147,0.00012537612838515547,0.0,7.349677758179049e-05,6.225583933025204e-05
JulieAnnRacino,0.00012537612838515547,0.0,7.349677758179049e-05,6.225583933025204e-05
Julesofthwood,0.00012537612838515547,0.0,7.349677758179049e-05,6.225583933025204e-05
Whippett606,0.00012537612838515547,0.0,7.349677758179049e-05,6.225583933025204e-05
WestsideTy340,0.00012537612838515547,0.0,7.349677758179049e-05,6.225583933025204e-05
WeKnowJoe1,0.00012537612838515547,0.0,7.349677758179049e-05,6.225583933025204e-05
Wc4GvPmysKgC1Fs,0.00012537612838515547,0.0,7.349677758179049e-05,6.225583933025204e-05
Walmley1,0.00012537612838515547,0.0,7.349677758179049e-05,6.225583933025204e-05
WagnerTesla,0.00012537612838515547,0.0,7.349677758179049e-05,6.225583933025204e-05
WOLKEFN,0.00012537612838515547,0.0,7.349677758179049e-05,6.225583933025204e-05
WHOIS2NGO,0.00012537612838515547,0.0,7.349677758179049e-05,6.225583933025204e-05
offord_305,0.00012537612838515547,0.0,7.349677758179049e-05,6.225583933025204e-05
BsabrinaUB,0.00012537612838515547,0.0,7.349677758179049e-05,6.225583933025204e-05
parmvirgrewal_,0.00012537612838515547,0.0,7.349677758179049e-05,6.225583933025204e-05
papin62,0.00012537612838515547,0.0,7.349677758179049e-05,6.225583933025204e-05
pakgome,0.00012537612838515547,0.0,7.349677758179049e-05,6.225583933025204e-05
pacohernandezc,0.00012537612838515547,0.0,7.349677758179049e-05,6.225583933025204e-05
pacobell12,0.00012537612838515547,0.0,7.349677758179049e-05,6.225583933025204e-05
p2w4io,0.00012537612838515547,0.0,7.349677758179049e-05,6.225583933025204e-05
overNARYOUNG,0.00012537612838515547,0.0,7.349677758179049e-05,6.225583933025204e-05
oucrimsongirl,0.00012537612838515547,0.0,7.349677758179049e-05,6.225583933025204e-05
VeganEV,0.00012537612838515547,0.0,7.349677758179049e-05,6.225583933025204e-05
Vandy247,0.00012537612838515547,0.0,7.349677758179049e-05,6.225583933025204e-05
VancouverRanter,0.00012537612838515547,0.0,7.349677758179049e-05,6.225583933025204e-05
VTNatureBoy,0.00012537612838515547,0.0,7.349677758179049e-05,6.225583933025204e-05
Karl____V,0.00012537612838515547,0.0,7.349677758179049e-05,6.225583933025204e-05
Justin__1904,0.00012537612838515547,0.0,7.349677758179049e-05,6.225583933025204e-05
Karen50082946,0.00012537612838515547,0.0,7.349677758179049e-05,6.225583933025204e-05
KamichiSullenUS,0.00012537612838515547,0.0,7.349677758179049e-05,6.225583933025204e-05
VonBurkans,0.00012537612838515547,0.0,7.349677758179049e-05,6.225583933025204e-05
Volscente79,0.00012537612838515547,0.0,7.349677758179049e-05,6.225583933025204e-05
VodanovicPablo,0.00012537612838515547,0.0,7.349677758179049e-05,6.225583933025204e-05
VitruvianMan18,0.00012537612838515547,0.0,7.349677758179049e-05,6.225583933025204e-05
Vishal_Mehta48,0.00012537612838515547,0.0,7.349677758179049e-05,6.225583933025204e-05
ViperSteve22,0.00012537612838515547,0.0,7.349677758179049e-05,6.225583933025204e-05
Violetread,0.00012537612838515547,0.0,7.349677758179049e-05,6.225583933025204e-05
VinceBoupda,0.00012537612838515547,0.0,7.349677758179049e-05,6.225583933025204e-05
VillepinteDe,0.00012537612838515547,0.0,7.349677758179049e-05,6.225583933025204e-05
Villatraxdoteth,0.00012537612838515547,0.0,7.349677758179049e-05,6.225583933025204e-05
KPD_TPOS,0.00012537612838515547,0.0,7.349677758179049e-05,6.225583933025204e-05
KM07070,0.00012537612838515547,0.0,7.349677758179049e-05,6.225583933025204e-05
KarimZiane,0.00012537612838515547,0.0,7.349677758179049e-05,6.225583933025204e-05
Lamgineer,0.00012537612838515547,0.0,7.349677758179049e-05,6.225583933025204e-05
LaimerH,0.00012537612838515547,0.0,7.349677758179049e-05,6.225583933025204e-05
LaertiCrypto,0.00012537612838515547,0.0,7.349677758179049e-05,6.225583933025204e-05
Ladyvulgar2,0.00012537612838515547,0.0,7.349677758179049e-05,6.225583933025204e-05
Ladydanka,0.00012537612838515547,0.0,7.349677758179049e-05,6.225583933025204e-05
LadyNana_J,0.00012537612838515547,0.0,7.349677758179049e-05,6.225583933025204e-05
Theresa49500,0.00012537612838515547,0.0,7.349677758179049e-05,6.225583933025204e-05
Themaskedaveng8,0.00012537612838515547,0.0,7.349677758179049e-05,6.225583933025204e-05
Thehenchman2,0.00012537612838515547,0.0,7.349677758179049e-05,6.225583933025204e-05
Thefounded1877,0.00012537612838515547,0.0,7.349677758179049e-05,6.225583933025204e-05
The_Incron,0.00012537612838515547,0.0,7.349677758179049e-05,6.225583933025204e-05
The_DiabeT1c,0.00012537612838515547,0.0,7.349677758179049e-05,6.225583933025204e-05
TheWolf_71,0.00012537612838515547,0.0,7.349677758179049e-05,6.225583933025204e-05
BlockChainGang8,0.00012537612838515547,0.0,7.349677758179049e-05,6.225583933025204e-05
TheStellaBlake,0.00012537612838515547,0.0,7.349677758179049e-05,6.225583933025204e-05
TheSoulCab,0.00012537612838515547,0.0,7.349677758179049e-05,6.225583933025204e-05
TheRentIsDue_,0.00012537612838515547,0.0,7.349677758179049e-05,6.225583933025204e-05
TheRealThelmaJ1,0.00012537612838515547,0.0,7.349677758179049e-05,6.225583933025204e-05
BigWin_Glorya,0.00012537612838515547,0.0,7.349677758179049e-05,6.225583933025204e-05
BigIsk,0.00012537612838515547,0.0,7.349677758179049e-05,6.225583933025204e-05
BholaRoilo,0.00012537612838515547,0.0,7.349677758179049e-05,6.225583933025204e-05
Bezatte1,0.00012537612838515547,0.0,7.349677758179049e-05,6.225583933025204e-05
BesanconBiz,0.00012537612838515547,0.0,7.349677758179049e-05,6.225583933025204e-05
rckymtnclarity,0.00012537612838515547,0.0,7.349677758179049e-05,6.225583933025204e-05
rcktwit,0.00012537612838515547,0.0,7.349677758179049e-05,6.225583933025204e-05
raviazm,0.00012537612838515547,0.0,7.349677758179049e-05,6.225583933025204e-05
raulthedoctor46,0.00012537612838515547,0.0,7.349677758179049e-05,6.225583933025204e-05
raphusozge,0.00012537612838515547,0.0,7.349677758179049e-05,6.225583933025204e-05
TheWokeconomist,0.00012537612838515547,0.0,7.349677758179049e-05,6.225583933025204e-05
TheAttack5,0.00012537612838515547,0.0,7.349677758179049e-05,6.225583933025204e-05
TheAngryPundit,0.00012537612838515547,0.0,7.349677758179049e-05,6.225583933025204e-05
TheAgentRocket,0.00012537612838515547,0.0,7.349677758179049e-05,6.225583933025204e-05
TheAdrock13,0.00012537612838515547,0.0,7.349677758179049e-05,6.225583933025204e-05
Lookie89,0.00012537612838515547,0.0,7.349677758179049e-05,6.225583933025204e-05
Londondewar,0.00012537612838515547,0.0,7.349677758179049e-05,6.225583933025204e-05
LlewxllynUTD,0.00012537612838515547,0.0,7.349677758179049e-05,6.225583933025204e-05
Benben51888,0.00012537612838515547,0.0,7.349677758179049e-05,6.225583933025204e-05
rehaanpeople,0.00012537612838515547,0.0,7.349677758179049e-05,6.225583933025204e-05
reguli_1,0.00012537612838515547,0.0,7.349677758179049e-05,6.225583933025204e-05
regularguy25000,0.00012537612838515547,0.0,7.349677758179049e-05,6.225583933025204e-05
redsandisland,0.00012537612838515547,0.0,7.349677758179049e-05,6.225583933025204e-05
redpanther81,0.00012537612838515547,0.0,7.349677758179049e-05,6.225583933025204e-05
LanceSmith1100,0.00012537612838515547,0.0,7.349677758179049e-05,6.225583933025204e-05
realCruzThomas,0.00012537612838515547,0.0,7.349677758179049e-05,6.225583933025204e-05
BillStonks,0.00012537612838515547,0.0,7.349677758179049e-05,6.225583933025204e-05
BillShine8,0.00012537612838515547,0.0,7.349677758179049e-05,6.225583933025204e-05
BillP34497361,0.00012537612838515547,0.0,7.349677758179049e-05,6.225583933025204e-05
Bill82124427,0.00012537612838515547,0.0,7.349677758179049e-05,6.225583933025204e-05
Bilaljuttttt,0.00012537612838515547,0.0,7.349677758179049e-05,6.225583933025204e-05
slimerealhard,0.00012537612838515547,0.0,7.349677758179049e-05,6.225583933025204e-05
TheKeyKeeper_,0.00012537612838515547,0.0,7.349677758179049e-05,6.225583933025204e-05
LibertyBibert11,0.00012537612838515547,0.0,7.349677758179049e-05,6.225583933025204e-05
Lenny27282048,0.00012537612838515547,0.0,7.349677758179049e-05,6.225583933025204e-05
LegalAl02957926,0.00012537612838515547,0.0,7.349677758179049e-05,6.225583933025204e-05
LeeH1955,0.00012537612838515547,0.0,7.349677758179049e-05,6.225583933025204e-05
LbnnAmt,0.00012537612838515547,0.0,7.349677758179049e-05,6.225583933025204e-05
LanglitzNathan,0.00012537612838515547,0.0,7.349677758179049e-05,6.225583933025204e-05
realnikhy,0.00012537612838515547,0.0,7.349677758179049e-05,6.225583933025204e-05
prath1231,0.00012537612838515547,0.0,7.349677758179049e-05,6.225583933025204e-05
BodegaBathroom,0.00012537612838515547,0.0,7.349677758179049e-05,6.225583933025204e-05
BobdevoGm,0.00012537612838515547,0.0,7.349677758179049e-05,6.225583933025204e-05
BobGund72837585,0.00012537612838515547,0.0,7.349677758179049e-05,6.225583933025204e-05
Konstan78591083,0.00012537612838515547,0.0,7.349677758179049e-05,6.225583933025204e-05
Konducta4LFE,0.00012537612838515547,0.0,7.349677758179049e-05,6.225583933025204e-05
KoalaRockero,0.00012537612838515547,0.0,7.349677758179049e-05,6.225583933025204e-05
Tkappesz,0.00012537612838515547,0.0,7.349677758179049e-05,6.225583933025204e-05
TiziRodriguez12,0.00012537612838515547,0.0,7.349677758179049e-05,6.225583933025204e-05
Tippingpointtv,0.00012537612838515547,0.0,7.349677758179049e-05,6.225583933025204e-05
La_Nusky_,0.00012537612838515547,0.0,7.349677758179049e-05,6.225583933025204e-05
KineMeuh,0.00012537612838515547,0.0,7.349677758179049e-05,6.225583933025204e-05
Kimcheejuice3,0.00012537612838515547,0.0,7.349677758179049e-05,6.225583933025204e-05
randomaxfan,0.00012537612838515547,0.0,7.349677758179049e-05,6.225583933025204e-05
Trusty5Edward,0.00012537612838515547,0.0,7.349677758179049e-05,6.225583933025204e-05
TropicalNayr,0.00012537612838515547,0.0,7.349677758179049e-05,6.225583933025204e-05
TristanCPDT,0.00012537612838515547,0.0,7.349677758179049e-05,6.225583933025204e-05
Triceracop96,0.00012537612838515547,0.0,7.349677758179049e-05,6.225583933025204e-05
TravelTechGuy,0.00012537612838515547,0.0,7.349677758179049e-05,6.225583933025204e-05
TragicFlip,0.00012537612838515547,0.0,7.349677758179049e-05,6.225583933025204e-05
ToxtethOGrady6,0.00012537612838515547,0.0,7.349677758179049e-05,6.225583933025204e-05
TonyRush,0.00012537612838515547,0.0,7.349677758179049e-05,6.225583933025204e-05
TonyLorenzano5,0.00012537612838515547,0.0,7.349677758179049e-05,6.225583933025204e-05
TonyIbleo,0.00012537612838515547,0.0,7.349677758179049e-05,6.225583933025204e-05
Tonez_Tv,0.00012537612838515547,0.0,7.349677758179049e-05,6.225583933025204e-05
Bluebonnet0_0,0.00012537612838515547,0.0,7.349677758179049e-05,6.225583933025204e-05
BlueSensation3,0.00012537612838515547,0.0,7.349677758179049e-05,6.225583933025204e-05
BlockFi,0.00012537612838515547,0.0,7.349677758179049e-05,6.225583933025204e-05
Khazar__94,0.00012537612838515547,0.0,7.349677758179049e-05,6.225583933025204e-05
randburgred,0.00012537612838515547,0.0,7.349677758179049e-05,6.225583933025204e-05
ramelos,0.00012537612838515547,0.0,7.349677758179049e-05,6.225583933025204e-05
LaCarajaula,0.00012537612838515547,0.0,7.349677758179049e-05,6.225583933025204e-05
LAComedyAwards,0.00012537612838515547,0.0,7.349677758179049e-05,6.225583933025204e-05
KyoTesla_P,0.00012537612838515547,0.0,7.349677758179049e-05,6.225583933025204e-05
TiBBizXi,0.00012537612838515547,0.0,7.349677758179049e-05,6.225583933025204e-05
Thunder7ga,0.00012537612838515547,0.0,7.349677758179049e-05,6.225583933025204e-05
ThorstenLudwig1,0.00012537612838515547,0.0,7.349677758179049e-05,6.225583933025204e-05
ThomasJBertran1,0.00012537612838515547,0.0,7.349677758179049e-05,6.225583933025204e-05
ThomasAngel_TA,0.00012537612838515547,0.0,7.349677758179049e-05,6.225583933025204e-05
ThisIsFatin,0.00012537612838515547,0.0,7.349677758179049e-05,6.225583933025204e-05
ThisIsBrucifer,0.00012537612838515547,0.0,7.349677758179049e-05,6.225583933025204e-05
LaryPhillip,0.00012537612838515547,0.0,7.349677758179049e-05,6.225583933025204e-05
praveen_cj,0.00012537612838515547,0.0,7.349677758179049e-05,6.225583933025204e-05
rafa_karel,0.00012537612838515547,0.0,7.349677758179049e-05,6.225583933025204e-05
radhaSS3,0.00012537612838515547,0.0,7.349677758179049e-05,6.225583933025204e-05
quint_sunny,0.00012537612838515547,0.0,7.349677758179049e-05,6.225583933025204e-05
quantwhale,0.00012537612838515547,0.0,7.349677758179049e-05,6.225583933025204e-05
qfochoa,0.00012537612838515547,0.0,7.349677758179049e-05,6.225583933025204e-05
pur3profit20,0.00012537612838515547,0.0,7.349677758179049e-05,6.225583933025204e-05
puebla_delfina,0.00012537612838515547,0.0,7.349677758179049e-05,6.225583933025204e-05
pt35mm,0.00012537612838515547,0.0,7.349677758179049e-05,6.225583933025204e-05
propc2020,0.00012537612838515547,0.0,7.349677758179049e-05,6.225583933025204e-05
promeme,0.00012537612838515547,0.0,7.349677758179049e-05,6.225583933025204e-05
prlibre,0.00012537612838515547,0.0,7.349677758179049e-05,6.225583933025204e-05
priceleecushing,0.00012537612838515547,0.0,7.349677758179049e-05,6.225583933025204e-05
presofestonia,0.00012537612838515547,0.0,7.349677758179049e-05,6.225583933025204e-05
precisement,0.00012537612838515547,0.0,7.349677758179049e-05,6.225583933025204e-05
LantaPekin,0.00012537612838515547,0.0,7.349677758179049e-05,6.225583933025204e-05
OrckingJ,0.00012537612838515547,0.0,7.349677758179049e-05,6.225583933025204e-05
utenaemu,0.00012537612838515547,0.0,7.349677758179049e-05,6.225583933025204e-05
unimpressedheli,0.00012537612838515547,0.0,7.349677758179049e-05,6.225583933025204e-05
unicomp21,0.00012537612838515547,0.0,7.349677758179049e-05,6.225583933025204e-05
AdamGausepohl,0.00012537612838515547,0.0,7.349677758179049e-05,6.225583933025204e-05
AdamBru66141102,0.00012537612838515547,0.0,7.349677758179049e-05,6.225583933025204e-05
NikolaSeVratio,0.00012537612838515547,0.0,7.349677758179049e-05,6.225583933025204e-05
NikSamotracia,0.00012537612838515547,0.0,7.349677758179049e-05,6.225583933025204e-05
NiggaToDieFor,0.00012537612838515547,0.0,7.349677758179049e-05,6.225583933025204e-05
Nigel_Mang,0.00012537612838515547,0.0,7.349677758179049e-05,6.225583933025204e-05
Nickybagholder,0.00012537612838515547,0.0,7.349677758179049e-05,6.225583933025204e-05
Roetveegpiet1,0.00012537612838515547,0.0,7.349677758179049e-05,6.225583933025204e-05
Sick_of_Bias,0.00012537612838515547,0.0,7.349677758179049e-05,6.225583933025204e-05
RobElli85782633,0.00012537612838515547,0.0,7.349677758179049e-05,6.225583933025204e-05
RiveraNeker,0.00012537612838515547,0.0,7.349677758179049e-05,6.225583933025204e-05
OleGelo5,0.00012537612838515547,0.0,7.349677758179049e-05,6.225583933025204e-05
Oldbeatjiri,0.00012537612838515547,0.0,7.349677758179049e-05,6.225583933025204e-05
Ojasism,0.00012537612838515547,0.0,7.349677758179049e-05,6.225583933025204e-05
Ogenan__,0.00012537612838515547,0.0,7.349677758179049e-05,6.225583933025204e-05
OgPriy,0.00012537612838515547,0.0,7.349677758179049e-05,6.225583933025204e-05
OZopa,0.00012537612838515547,0.0,7.349677758179049e-05,6.225583933025204e-05
Nulle54345475,0.00012537612838515547,0.0,7.349677758179049e-05,6.225583933025204e-05
NowLavender7,0.00012537612838515547,0.0,7.349677758179049e-05,6.225583933025204e-05
Novichok92,0.00012537612838515547,0.0,7.349677758179049e-05,6.225583933025204e-05
Notyour07773364,0.00012537612838515547,0.0,7.349677758179049e-05,6.225583933025204e-05
RobPJS,0.00012537612838515547,0.0,7.349677758179049e-05,6.225583933025204e-05
APENO13,0.00012537612838515547,0.0,7.349677758179049e-05,6.225583933025204e-05
AOC47th2024,0.00012537612838515547,0.0,7.349677758179049e-05,6.225583933025204e-05
ANGELVIDES9,0.00012537612838515547,0.0,7.349677758179049e-05,6.225583933025204e-05
vikram_Singh002,0.00012537612838515547,0.0,7.349677758179049e-05,6.225583933025204e-05
victorodev,0.00012537612838515547,0.0,7.349677758179049e-05,6.225583933025204e-05
vesperia1985,0.00012537612838515547,0.0,7.349677758179049e-05,6.225583933025204e-05
vavadada8075,0.00012537612838515547,0.0,7.349677758179049e-05,6.225583933025204e-05
valoutsai38,0.00012537612838515547,0.0,7.349677758179049e-05,6.225583933025204e-05
valensantacruzg,0.00012537612838515547,0.0,7.349677758179049e-05,6.225583933025204e-05
Noovella,0.00012537612838515547,0.0,7.349677758179049e-05,6.225583933025204e-05
RiizaGoat,0.00012537612838515547,0.0,7.349677758179049e-05,6.225583933025204e-05
RichardFoxall1,0.00012537612838515547,0.0,7.349677758179049e-05,6.225583933025204e-05
OscarMayorgaDS,0.00012537612838515547,0.0,7.349677758179049e-05,6.225583933025204e-05
RiccardoCampi,0.00012537612838515547,0.0,7.349677758179049e-05,6.225583933025204e-05
RheulG,0.00012537612838515547,0.0,7.349677758179049e-05,6.225583933025204e-05
Rheinmann1,0.00012537612838515547,0.0,7.349677758179049e-05,6.225583933025204e-05
RfRezino,0.00012537612838515547,0.0,7.349677758179049e-05,6.225583933025204e-05
Retd_Judge,0.00012537612838515547,0.0,7.349677758179049e-05,6.225583933025204e-05
RepugnantCon1,0.00012537612838515547,0.0,7.349677758179049e-05,6.225583933025204e-05
RepeatAfterVee,0.00012537612838515547,0.0,7.349677758179049e-05,6.225583933025204e-05
Reiddoggy4ever,0.00012537612838515547,0.0,7.349677758179049e-05,6.225583933025204e-05
RegressiveBard,0.00012537612838515547,0.0,7.349677758179049e-05,6.225583933025204e-05
ReeceSyV,0.00012537612838515547,0.0,7.349677758179049e-05,6.225583933025204e-05
Ozemi12,0.00012537612838515547,0.0,7.349677758179049e-05,6.225583933025204e-05
Oxo3UVoWaDTNzuq,0.00012537612838515547,0.0,7.349677758179049e-05,6.225583933025204e-05
OtherSide61,0.00012537612838515547,0.0,7.349677758179049e-05,6.225583933025204e-05
RichW8615,0.00012537612838515547,0.0,7.349677758179049e-05,6.225583933025204e-05
AlabamaDoggo,0.00012537612838515547,0.0,7.349677758179049e-05,6.225583933025204e-05
AlCoop78,0.00012537612838515547,0.0,7.349677758179049e-05,6.225583933025204e-05
SCOTUS_war,0.00012537612838515547,0.0,7.349677758179049e-05,6.225583933025204e-05
SBMcCallister,0.00012537612838515547,0.0,7.349677758179049e-05,6.225583933025204e-05
RynePowell,0.00012537612838515547,0.0,7.349677758179049e-05,6.225583933025204e-05
Newhalfmeiko,0.00012537612838515547,0.0,7.349677758179049e-05,6.225583933025204e-05
Nessi45665,0.00012537612838515547,0.0,7.349677758179049e-05,6.225583933025204e-05
NenadMatic19,0.00012537612838515547,0.0,7.349677758179049e-05,6.225583933025204e-05
NenadBo68672194,0.00012537612838515547,0.0,7.349677758179049e-05,6.225583933025204e-05
AkdemirAhmet0,0.00012537612838515547,0.0,7.349677758179049e-05,6.225583933025204e-05
Ahmed3bdalla12,0.00012537612838515547,0.0,7.349677758179049e-05,6.225583933025204e-05
AdvithBhaviya,0.00012537612838515547,0.0,7.349677758179049e-05,6.225583933025204e-05
Nebsi2,0.00012537612838515547,0.0,7.349677758179049e-05,6.225583933025204e-05
tricky5515,0.00012537612838515547,0.0,7.349677758179049e-05,6.225583933025204e-05
treasonstickers,0.00012537612838515547,0.0,7.349677758179049e-05,6.225583933025204e-05
travjax71,0.00012537612838515547,0.0,7.349677758179049e-05,6.225583933025204e-05
transporterx,0.00012537612838515547,0.0,7.349677758179049e-05,6.225583933025204e-05
tradersaabir,0.00012537612838515547,0.0,7.349677758179049e-05,6.225583933025204e-05
traderbonk,0.00012537612838515547,0.0,7.349677758179049e-05,6.225583933025204e-05
towherenoway,0.00012537612838515547,0.0,7.349677758179049e-05,6.225583933025204e-05
toritamaMH,0.00012537612838515547,0.0,7.349677758179049e-05,6.225583933025204e-05
tora3MGL,0.00012537612838515547,0.0,7.349677758179049e-05,6.225583933025204e-05
tonyectoplasma,0.00012537612838515547,0.0,7.349677758179049e-05,6.225583933025204e-05
tonistankovic,0.00012537612838515547,0.0,7.349677758179049e-05,6.225583933025204e-05
tomekt76,0.00012537612838515547,0.0,7.349677758179049e-05,6.225583933025204e-05
tobstario,0.00012537612838515547,0.0,7.349677758179049e-05,6.225583933025204e-05
trickymctrick,0.00012537612838515547,0.0,7.349677758179049e-05,6.225583933025204e-05
Nate_1D,0.00012537612838515547,0.0,7.349677758179049e-05,6.225583933025204e-05
Nata_SpaceU,0.00012537612838515547,0.0,7.349677758179049e-05,6.225583933025204e-05
RunningResister,0.00012537612838515547,0.0,7.349677758179049e-05,6.225583933025204e-05
Ruldar,0.00012537612838515547,0.0,7.349677758179049e-05,6.225583933025204e-05
RudolphApostol,0.00012537612838515547,0.0,7.349677758179049e-05,6.225583933025204e-05
Rotorywingatd,0.00012537612838515547,0.0,7.349677758179049e-05,6.225583933025204e-05
Rosieroadrunner,0.00012537612838515547,0.0,7.349677758179049e-05,6.225583933025204e-05
RoniNyman6,0.00012537612838515547,0.0,7.349677758179049e-05,6.225583933025204e-05
RollingWNolan,0.00012537612838515547,0.0,7.349677758179049e-05,6.225583933025204e-05
No1Bagaly,0.00012537612838515547,0.0,7.349677758179049e-05,6.225583933025204e-05
NixNosey,0.00012537612838515547,0.0,7.349677758179049e-05,6.225583933025204e-05
Nino_Furioso,0.00012537612838515547,0.0,7.349677758179049e-05,6.225583933025204e-05
AlanFree2615,0.00012537612838515547,0.0,7.349677758179049e-05,6.225583933025204e-05
Abir_CPA,0.00012537612838515547,0.0,7.349677758179049e-05,6.225583933025204e-05
uncle_mango7,0.00012537612838515547,0.0,7.349677758179049e-05,6.225583933025204e-05
umbbv,0.00012537612838515547,0.0,7.349677758179049e-05,6.225583933025204e-05
ukaIRISa1986,0.00012537612838515547,0.0,7.349677758179049e-05,6.225583933025204e-05
uheart_ayah,0.00012537612838515547,0.0,7.349677758179049e-05,6.225583933025204e-05
ufo_johnny,0.00012537612838515547,0.0,7.349677758179049e-05,6.225583933025204e-05
uShallSee,0.00012537612838515547,0.0,7.349677758179049e-05,6.225583933025204e-05
uKcRdIgcedbtoa9,0.00012537612838515547,0.0,7.349677758179049e-05,6.225583933025204e-05
tweeter_bee,0.00012537612838515547,0.0,7.349677758179049e-05,6.225583933025204e-05
tsgn13579,0.00012537612838515547,0.0,7.349677758179049e-05,6.225583933025204e-05
tryingtamakeit,0.00012537612838515547,0.0,7.349677758179049e-05,6.225583933025204e-05
trojantortoise,0.00012537612838515547,0.0,7.349677758179049e-05,6.225583933025204e-05
trmpstr,0.00012537612838515547,0.0,7.349677758179049e-05,6.225583933025204e-05
Abk99665082,0.00012537612838515547,0.0,7.349677758179049e-05,6.225583933025204e-05
zhaphod,0.00012537612838515547,0.0,7.349677758179049e-05,6.225583933025204e-05
zgubidan4,0.00012537612838515547,0.0,7.349677758179049e-05,6.225583933025204e-05
zfescht,0.00012537612838515547,0.0,7.349677758179049e-05,6.225583933025204e-05
zerafrond,0.00012537612838515547,0.0,7.349677758179049e-05,6.225583933025204e-05
zvezdabari91,0.00012537612838515547,0.0,7.349677758179049e-05,6.225583933025204e-05
0w0BAKUTO,0.00012537612838515547,0.0,7.349677758179049e-05,6.225583933025204e-05
0xNobu1,0.00012537612838515547,0.0,7.349677758179049e-05,6.225583933025204e-05
0xahawk,0.00012537612838515547,0.0,7.349677758179049e-05,6.225583933025204e-05
xathan4,0.00012537612838515547,0.0,7.349677758179049e-05,6.225583933025204e-05
xCrimsonGear,0.00012537612838515547,0.0,7.349677758179049e-05,6.225583933025204e-05
wolverine_lgn,0.00012537612838515547,0.0,7.349677758179049e-05,6.225583933025204e-05
wolfofcryptosr,0.00012537612838515547,0.0,7.349677758179049e-05,6.225583933025204e-05
APM_E11EVEN,0.00012537612838515547,0.0,7.349677758179049e-05,6.225583933025204e-05
44Wintergarden,0.00012537612838515547,0.0,7.349677758179049e-05,6.225583933025204e-05
3_e_k_o,0.00012537612838515547,0.0,7.349677758179049e-05,6.225583933025204e-05
Pistefek,0.00012537612838515547,0.0,7.349677758179049e-05,6.225583933025204e-05
Piratefan72,0.00012537612838515547,0.0,7.349677758179049e-05,6.225583933025204e-05
PrisajnyStan,0.00012537612838515547,0.0,7.349677758179049e-05,6.225583933025204e-05
Prez2z2,0.00012537612838515547,0.0,7.349677758179049e-05,6.225583933025204e-05
PressWm,0.00012537612838515547,0.0,7.349677758179049e-05,6.225583933025204e-05
Prantik35443116,0.00012537612838515547,0.0,7.349677758179049e-05,6.225583933025204e-05
PraiseOxum,0.00012537612838515547,0.0,7.349677758179049e-05,6.225583933025204e-05
PradaMD,0.00012537612838515547,0.0,7.349677758179049e-05,6.225583933025204e-05
Ppppppoyas,0.00012537612838515547,0.0,7.349677758179049e-05,6.225583933025204e-05
Poxenium,0.00012537612838515547,0.0,7.349677758179049e-05,6.225583933025204e-05
4FrontAdvisory,0.00012537612838515547,0.0,7.349677758179049e-05,6.225583933025204e-05
goran_b,0.00012537612838515547,0.0,7.349677758179049e-05,6.225583933025204e-05
gmanpoulin,0.00012537612838515547,0.0,7.349677758179049e-05,6.225583933025204e-05
gkgguy,0.00012537612838515547,0.0,7.349677758179049e-05,6.225583933025204e-05
giridamerla,0.00012537612838515547,0.0,7.349677758179049e-05,6.225583933025204e-05
gilroyart,0.00012537612838515547,0.0,7.349677758179049e-05,6.225583933025204e-05
ghorricks,0.00012537612838515547,0.0,7.349677758179049e-05,6.225583933025204e-05
gh9comedy,0.00012537612838515547,0.0,7.349677758179049e-05,6.225583933025204e-05
EdohAyao,0.00012537612838515547,0.0,7.349677758179049e-05,6.225583933025204e-05
EdetGIni,0.00012537612838515547,0.0,7.349677758179049e-05,6.225583933025204e-05
Eden7749,0.00012537612838515547,0.0,7.349677758179049e-05,6.225583933025204e-05
Eddie8717,0.00012537612838515547,0.0,7.349677758179049e-05,6.225583933025204e-05
yoikotsu,0.00012537612838515547,0.0,7.349677758179049e-05,6.225583933025204e-05
zjkbvts2020,0.00012537612838515547,0.0,7.349677758179049e-05,6.225583933025204e-05
yajho747,0.00012537612838515547,0.0,7.349677758179049e-05,6.225583933025204e-05
xxxMcRi7sxx,0.00012537612838515547,0.0,7.349677758179049e-05,6.225583933025204e-05
xposepump,0.00012537612838515547,0.0,7.349677758179049e-05,6.225583933025204e-05
ximorocados,0.00012537612838515547,0.0,7.349677758179049e-05,6.225583933025204e-05
1__risu,0.00012537612838515547,0.0,7.349677758179049e-05,6.225583933025204e-05
1981Alvaro,0.00012537612838515547,0.0,7.349677758179049e-05,6.225583933025204e-05
1776TomJones,0.00012537612838515547,0.0,7.349677758179049e-05,6.225583933025204e-05
316alco,0.00012537612838515547,0.0,7.349677758179049e-05,6.225583933025204e-05
30abuzz,0.00012537612838515547,0.0,7.349677758179049e-05,6.225583933025204e-05
26_vasquezr,0.00012537612838515547,0.0,7.349677758179049e-05,6.225583933025204e-05
223Cs,0.00012537612838515547,0.0,7.349677758179049e-05,6.225583933025204e-05
2024Florida,0.00012537612838515547,0.0,7.349677758179049e-05,6.225583933025204e-05
zoe76_,0.00012537612838515547,0.0,7.349677758179049e-05,6.225583933025204e-05
yhojzkhie14,0.00012537612838515547,0.0,7.349677758179049e-05,6.225583933025204e-05
ADVSBSTD,0.00012537612838515547,0.0,7.349677758179049e-05,6.225583933025204e-05
AC_PlanetaLive_,0.00012537612838515547,0.0,7.349677758179049e-05,6.225583933025204e-05
AVeryBadLady,0.00012537612838515547,0.0,7.349677758179049e-05,6.225583933025204e-05
AS_Antipov,0.00012537612838515547,0.0,7.349677758179049e-05,6.225583933025204e-05
PEXIMUSS,0.00012537612838515547,0.0,7.349677758179049e-05,6.225583933025204e-05
PDelecto3000,0.00012537612838515547,0.0,7.349677758179049e-05,6.225583933025204e-05
Randy20838766,0.00012537612838515547,0.0,7.349677758179049e-05,6.225583933025204e-05
Ramizzly,0.00012537612838515547,0.0,7.349677758179049e-05,6.225583933025204e-05
RalyDee,0.00012537612838515547,0.0,7.349677758179049e-05,6.225583933025204e-05
Raffiatim,0.00012537612838515547,0.0,7.349677758179049e-05,6.225583933025204e-05
Rade93423132,0.00012537612838515547,0.0,7.349677758179049e-05,6.225583933025204e-05
PercevalT,0.00012537612838515547,0.0,7.349677758179049e-05,6.225583933025204e-05
PowertyOnyt,0.00012537612838515547,0.0,7.349677758179049e-05,6.225583933025204e-05
PenitentDeadMa2,0.00012537612838515547,0.0,7.349677758179049e-05,6.225583933025204e-05
Pelagatosss,0.00012537612838515547,0.0,7.349677758179049e-05,6.225583933025204e-05
PeepeeP64222646,0.00012537612838515547,0.0,7.349677758179049e-05,6.225583933025204e-05
Only1temmy,0.00012537612838515547,0.0,7.349677758179049e-05,6.225583933025204e-05
OneAboutSue,0.00012537612838515547,0.0,7.349677758179049e-05,6.225583933025204e-05
OmegaBLADE97,0.00012537612838515547,0.0,7.349677758179049e-05,6.225583933025204e-05
OltonMilton,0.00012537612838515547,0.0,7.349677758179049e-05,6.225583933025204e-05
RealAceFox1,0.00012537612838515547,0.0,7.349677758179049e-05,6.225583933025204e-05
PatriceSchwab,0.00012537612838515547,0.0,7.349677758179049e-05,6.225583933025204e-05
PatricLee8,0.00012537612838515547,0.0,7.349677758179049e-05,6.225583933025204e-05
PassCombo,0.00012537612838515547,0.0,7.349677758179049e-05,6.225583933025204e-05
ASKMEIFUDARE69,0.00012537612838515547,0.0,7.349677758179049e-05,6.225583933025204e-05
AQUA57466999,0.00012537612838515547,0.0,7.349677758179049e-05,6.225583933025204e-05
PerErikKarlsson,0.00012537612838515547,0.0,7.349677758179049e-05,6.225583933025204e-05
PotsDame14469,0.00012537612838515547,0.0,7.349677758179049e-05,6.225583933025204e-05
PostMortemExam,0.00012537612838515547,0.0,7.349677758179049e-05,6.225583933025204e-05
Populist_Logic,0.00012537612838515547,0.0,7.349677758179049e-05,6.225583933025204e-05
Pollytics,0.00012537612838515547,0.0,7.349677758179049e-05,6.225583933025204e-05
Quadkazz9810,0.00012537612838515547,0.0,7.349677758179049e-05,6.225583933025204e-05
QasaiWala,0.00012537612838515547,0.0,7.349677758179049e-05,6.225583933025204e-05
Pyrofreaks3,0.00012537612838515547,0.0,7.349677758179049e-05,6.225583933025204e-05
PyetroFae,0.00012537612838515547,0.0,7.349677758179049e-05,6.225583933025204e-05
PrudencioAguil3,0.00012537612838515547,0.0,7.349677758179049e-05,6.225583933025204e-05
Proctooor,0.00012537612838515547,0.0,7.349677758179049e-05,6.225583933025204e-05
RNCrypto74,0.00012537612838515547,0.0,7.349677758179049e-05,6.225583933025204e-05
RGuy999,0.00012537612838515547,0.0,7.349677758179049e-05,6.225583933025204e-05
ADadasovic,0.00012537612838515547,0.0,7.349677758179049e-05,6.225583933025204e-05
Quthalion,0.00012537612838515547,0.0,7.349677758179049e-05,6.225583933025204e-05
Quik_Support,0.00012537612838515547,0.0,7.349677758179049e-05,6.225583933025204e-05
QueenRage_,0.00012537612838515547,0.0,7.349677758179049e-05,6.225583933025204e-05
weirdSanta,0.00012537612838515547,0.0,7.349677758179049e-05,6.225583933025204e-05
webbedtoed,0.00012537612838515547,0.0,7.349677758179049e-05,6.225583933025204e-05
warriorsaresoft,0.00012537612838515547,0.0,7.349677758179049e-05,6.225583933025204e-05
wang_wang494,0.00012537612838515547,0.0,7.349677758179049e-05,6.225583933025204e-05
vukazic,0.00012537612838515547,0.0,7.349677758179049e-05,6.225583933025204e-05
vraivasteamour,0.00012537612838515547,0.0,7.349677758179049e-05,6.225583933025204e-05
voigtstr,0.00012537612838515547,0.0,7.349677758179049e-05,6.225583933025204e-05
AKampinski2,0.00012537612838515547,0.0,7.349677758179049e-05,6.225583933025204e-05
AGS2225,0.00012537612838515547,0.0,7.349677758179049e-05,6.225583933025204e-05
AF_Artist,0.00012537612838515547,0.0,7.349677758179049e-05,6.225583933025204e-05
RDFRecl,0.00012537612838515547,0.0,7.349677758179049e-05,6.225583933025204e-05
Anthony82370727,0.00012537612838515547,0.0,7.349677758179049e-05,6.225583933025204e-05
stfu_rahull,0.00012537612838515547,0.0,7.349677758179049e-05,6.225583933025204e-05
stevenvill_,0.00012537612838515547,0.0,7.349677758179049e-05,6.225583933025204e-05
steven_web,0.00012537612838515547,0.0,7.349677758179049e-05,6.225583933025204e-05
steveOber2280,0.00012537612838515547,0.0,7.349677758179049e-05,6.225583933025204e-05
steve41369396,0.00012537612838515547,0.0,7.349677758179049e-05,6.225583933025204e-05
stephenadami,0.00012537612838515547,0.0,7.349677758179049e-05,6.225583933025204e-05
stenboo,0.00012537612838515547,0.0,7.349677758179049e-05,6.225583933025204e-05
stegenan,0.00012537612838515547,0.0,7.349677758179049e-05,6.225583933025204e-05
Mik4eto1,0.00012537612838515547,0.0,7.349677758179049e-05,6.225583933025204e-05
MiguelDorante5,0.00012537612838515547,0.0,7.349677758179049e-05,6.225583933025204e-05
MigNaughton,0.00012537612838515547,0.0,7.349677758179049e-05,6.225583933025204e-05
tobitoyoe,0.00012537612838515547,0.0,7.349677758179049e-05,6.225583933025204e-05
MichelleCossey2,0.00012537612838515547,0.0,7.349677758179049e-05,6.225583933025204e-05
Shihab_aaqil00,0.00012537612838515547,0.0,7.349677758179049e-05,6.225583933025204e-05
ShehabCrypto,0.00012537612838515547,0.0,7.349677758179049e-05,6.225583933025204e-05
ShawnAn90698883,0.00012537612838515547,0.0,7.349677758179049e-05,6.225583933025204e-05
ShaulJacob,0.00012537612838515547,0.0,7.349677758179049e-05,6.225583933025204e-05
ShamesEdward,0.00012537612838515547,0.0,7.349677758179049e-05,6.225583933025204e-05
Seth_Horwitz,0.00012537612838515547,0.0,7.349677758179049e-05,6.225583933025204e-05
SenjutsuSage,0.00012537612838515547,0.0,7.349677758179049e-05,6.225583933025204e-05
Model3LongRange,0.00012537612838515547,0.0,7.349677758179049e-05,6.225583933025204e-05
Mochaforty5,0.00012537612838515547,0.0,7.349677758179049e-05,6.225583933025204e-05
MobiousC,0.00012537612838515547,0.0,7.349677758179049e-05,6.225583933025204e-05
Moataz_ElShark,0.00012537612838515547,0.0,7.349677758179049e-05,6.225583933025204e-05
Mido51608860,0.00012537612838515547,0.0,7.349677758179049e-05,6.225583933025204e-05
strive98933134,0.00012537612838515547,0.0,7.349677758179049e-05,6.225583933025204e-05
stonkfoods,0.00012537612838515547,0.0,7.349677758179049e-05,6.225583933025204e-05
stojanka_presl,0.00012537612838515547,0.0,7.349677758179049e-05,6.225583933025204e-05
AnnBuscema,0.00012537612838515547,0.0,7.349677758179049e-05,6.225583933025204e-05
AnjaliEnjeti,0.00012537612838515547,0.0,7.349677758179049e-05,6.225583933025204e-05
AngstWonton,0.00012537612838515547,0.0,7.349677758179049e-05,6.225583933025204e-05
AngryCanuck6,0.00012537612838515547,0.0,7.349677758179049e-05,6.225583933025204e-05
Angelatida,0.00012537612838515547,0.0,7.349677758179049e-05,6.225583933025204e-05
Mo11575741,0.00012537612838515547,0.0,7.349677758179049e-05,6.225583933025204e-05
MlouVw,0.00012537612838515547,0.0,7.349677758179049e-05,6.225583933025204e-05
MisterJ88800135,0.00012537612838515547,0.0,7.349677758179049e-05,6.225583933025204e-05
MissTie2020,0.00012537612838515547,0.0,7.349677758179049e-05,6.225583933025204e-05
Antonio68354573,0.00012537612838515547,0.0,7.349677758179049e-05,6.225583933025204e-05
Segun513,0.00012537612838515547,0.0,7.349677758179049e-05,6.225583933025204e-05
SecretlabWheelz,0.00012537612838515547,0.0,7.349677758179049e-05,6.225583933025204e-05
SeanM42411766,0.00012537612838515547,0.0,7.349677758179049e-05,6.225583933025204e-05
SeanGreentree,0.00012537612838515547,0.0,7.349677758179049e-05,6.225583933025204e-05
Sdhiatt1,0.00012537612838515547,0.0,7.349677758179049e-05,6.225583933025204e-05
Scr3am_Twitch,0.00012537612838515547,0.0,7.349677758179049e-05,6.225583933025204e-05
MrBesnier,0.00012537612838515547,0.0,7.349677758179049e-05,6.225583933025204e-05
MoxyMamaBear,0.00012537612838515547,0.0,7.349677758179049e-05,6.225583933025204e-05
ArchieCasino,0.00012537612838515547,0.0,7.349677758179049e-05,6.225583933025204e-05
ApoliticoForced,0.00012537612838515547,0.0,7.349677758179049e-05,6.225583933025204e-05
AounIker,0.00012537612838515547,0.0,7.349677758179049e-05,6.225583933025204e-05
AnubhavShri14,0.00012537612838515547,0.0,7.349677758179049e-05,6.225583933025204e-05
AntonyW24667979,0.00012537612838515547,0.0,7.349677758179049e-05,6.225583933025204e-05
Sencer_H,0.00012537612838515547,0.0,7.349677758179049e-05,6.225583933025204e-05
Mirekw2022,0.00012537612838515547,0.0,7.349677758179049e-05,6.225583933025204e-05
MaulidinKhairul,0.00012537612838515547,0.0,7.349677758179049e-05,6.225583933025204e-05
MattyC8787,0.00012537612838515547,0.0,7.349677758179049e-05,6.225583933025204e-05
Matthew13131863,0.00012537612838515547,0.0,7.349677758179049e-05,6.225583933025204e-05
MattNowak1,0.00012537612838515547,0.0,7.349677758179049e-05,6.225583933025204e-05
Spelling_Expurt,0.00012537612838515547,0.0,7.349677758179049e-05,6.225583933025204e-05
Speak4Tomorrow,0.00012537612838515547,0.0,7.349677758179049e-05,6.225583933025204e-05
Sounds_4_People,0.00012537612838515547,0.0,7.349677758179049e-05,6.225583933025204e-05
SonjaBorjan,0.00012537612838515547,0.0,7.349677758179049e-05,6.225583933025204e-05
Sniper137_,0.00012537612838515547,0.0,7.349677758179049e-05,6.225583933025204e-05
Snip33rz,0.00012537612838515547,0.0,7.349677758179049e-05,6.225583933025204e-05
SnarkyBiatch,0.00012537612838515547,0.0,7.349677758179049e-05,6.225583933025204e-05
Mo45766118,0.00012537612838515547,0.0,7.349677758179049e-05,6.225583933025204e-05
SmithRiao,0.00012537612838515547,0.0,7.349677758179049e-05,6.225583933025204e-05
SloppyBanans,0.00012537612838515547,0.0,7.349677758179049e-05,6.225583933025204e-05
SkySF,0.00012537612838515547,0.0,7.349677758179049e-05,6.225583933025204e-05
MichaelGandee5,0.00012537612838515547,0.0,7.349677758179049e-05,6.225583933025204e-05
Michael26457210,0.00012537612838515547,0.0,7.349677758179049e-05,6.225583933025204e-05
smsellinger,0.00012537612838515547,0.0,7.349677758179049e-05,6.225583933025204e-05
smegmammut,0.00012537612838515547,0.0,7.349677758179049e-05,6.225583933025204e-05
smebcm,0.00012537612838515547,0.0,7.349677758179049e-05,6.225583933025204e-05
AvaaThedon,0.00012537612838515547,0.0,7.349677758179049e-05,6.225583933025204e-05
AuthorInArms,0.00012537612838515547,0.0,7.349677758179049e-05,6.225583933025204e-05
AussieXRPMoon,0.00012537612838515547,0.0,7.349677758179049e-05,6.225583933025204e-05
Astartes0303,0.00012537612838515547,0.0,7.349677758179049e-05,6.225583933025204e-05
AsiaSoleha,0.00012537612838515547,0.0,7.349677758179049e-05,6.225583933025204e-05
SnappingNeuron,0.00012537612838515547,0.0,7.349677758179049e-05,6.225583933025204e-05
starrlosangeles,0.00012537612838515547,0.0,7.349677758179049e-05,6.225583933025204e-05
standing_todd,0.00012537612838515547,0.0,7.349677758179049e-05,6.225583933025204e-05
sspencer_smb,0.00012537612838515547,0.0,7.349677758179049e-05,6.225583933025204e-05
sselrehtaef,0.00012537612838515547,0.0,7.349677758179049e-05,6.225583933025204e-05
sridhar_kondoji,0.00012537612838515547,0.0,7.349677758179049e-05,6.225583933025204e-05
sprogs,0.00012537612838515547,0.0,7.349677758179049e-05,6.225583933025204e-05
spliffymagoo,0.00012537612838515547,0.0,7.349677758179049e-05,6.225583933025204e-05
specie84,0.00012537612838515547,0.0,7.349677758179049e-05,6.225583933025204e-05
soumiks,0.00012537612838515547,0.0,7.349677758179049e-05,6.225583933025204e-05
soogyon,0.00012537612838515547,0.0,7.349677758179049e-05,6.225583933025204e-05
sonu2332,0.00012537612838515547,0.0,7.349677758179049e-05,6.225583933025204e-05
sona_altun,0.00012537612838515547,0.0,7.349677758179049e-05,6.225583933025204e-05
ShrimpTeslaLong,0.00012537612838515547,0.0,7.349677758179049e-05,6.225583933025204e-05
ArtIsWarNYC1,0.00012537612838515547,0.0,7.349677758179049e-05,6.225583933025204e-05
ArslanQ84819188,0.00012537612838515547,0.0,7.349677758179049e-05,6.225583933025204e-05
MiCvetanovic,0.00012537612838515547,0.0,7.349677758179049e-05,6.225583933025204e-05
MexicanoBien,0.00012537612838515547,0.0,7.349677758179049e-05,6.225583933025204e-05
MesabiBoy,0.00012537612838515547,0.0,7.349677758179049e-05,6.225583933025204e-05
Merutacompass,0.00012537612838515547,0.0,7.349677758179049e-05,6.225583933025204e-05
MerkleBranch,0.00012537612838515547,0.0,7.349677758179049e-05,6.225583933025204e-05
MercilessTrader,0.00012537612838515547,0.0,7.349677758179049e-05,6.225583933025204e-05
MelissaWegman2,0.00012537612838515547,0.0,7.349677758179049e-05,6.225583933025204e-05
MelHavisham,0.00012537612838515547,0.0,7.349677758179049e-05,6.225583933025204e-05
SimonFinestra,0.00012537612838515547,0.0,7.349677758179049e-05,6.225583933025204e-05
SieversJoern,0.00012537612838515547,0.0,7.349677758179049e-05,6.225583933025204e-05
ocean20107,0.00012537612838515547,0.0,7.349677758179049e-05,6.225583933025204e-05
AsadSha82678453,0.00012537612838515547,0.0,7.349677758179049e-05,6.225583933025204e-05
the_writegirl_,0.00012537612838515547,0.0,7.349677758179049e-05,6.225583933025204e-05
the_breezyp,0.00012537612838515547,0.0,7.349677758179049e-05,6.225583933025204e-05
theNavyBratt,0.00012537612838515547,0.0,7.349677758179049e-05,6.225583933025204e-05
theMARBLEsoup,0.00012537612838515547,0.0,7.349677758179049e-05,6.225583933025204e-05
MrHTariq,0.00012537612838515547,0.0,7.349677758179049e-05,6.225583933025204e-05
SUGATHFERNAND10,0.00012537612838515547,0.0,7.349677758179049e-05,6.225583933025204e-05
SR96663279,0.00012537612838515547,0.0,7.349677758179049e-05,6.225583933025204e-05
SJ19504512,0.00012537612838515547,0.0,7.349677758179049e-05,6.225583933025204e-05
NarcisistaAnon,0.00012537612838515547,0.0,7.349677758179049e-05,6.225583933025204e-05
Nangim__,0.00012537612838515547,0.0,7.349677758179049e-05,6.225583933025204e-05
Najibben12,0.00012537612838515547,0.0,7.349677758179049e-05,6.225583933025204e-05
Nagana_Fela,0.00012537612838515547,0.0,7.349677758179049e-05,6.225583933025204e-05
stuartf100,0.00012537612838515547,0.0,7.349677758179049e-05,6.225583933025204e-05
NUSTUFER,0.00012537612838515547,0.0,7.349677758179049e-05,6.225583933025204e-05
MyMiziziFamily,0.00012537612838515547,0.0,7.349677758179049e-05,6.225583933025204e-05
Muskan0560,0.00012537612838515547,0.0,7.349677758179049e-05,6.225583933025204e-05
MuskRatLove420,0.00012537612838515547,0.0,7.349677758179049e-05,6.225583933025204e-05
MunchenGene,0.00012537612838515547,0.0,7.349677758179049e-05,6.225583933025204e-05
theCRE4MPIE,0.00012537612838515547,0.0,7.349677758179049e-05,6.225583933025204e-05
theBigfoot2nd,0.00012537612838515547,0.0,7.349677758179049e-05,6.225583933025204e-05
th_dragon_rider,0.00012537612838515547,0.0,7.349677758179049e-05,6.225583933025204e-05
tetirolachola,0.00012537612838515547,0.0,7.349677758179049e-05,6.225583933025204e-05
testthewest123,0.00012537612838515547,0.0,7.349677758179049e-05,6.225583933025204e-05
teslah_sg,0.00012537612838515547,0.0,7.349677758179049e-05,6.225583933025204e-05
teslaTARDIS,0.00012537612838515547,0.0,7.349677758179049e-05,6.225583933025204e-05
NYC_IS_BACK,0.00012537612838515547,0.0,7.349677758179049e-05,6.225583933025204e-05
tmykeyt53,0.00012537612838515547,0.0,7.349677758179049e-05,6.225583933025204e-05
tmdq,0.00012537612838515547,0.0,7.349677758179049e-05,6.225583933025204e-05
tlasCore,0.00012537612838515547,0.0,7.349677758179049e-05,6.225583933025204e-05
tlake11,0.00012537612838515547,0.0,7.349677758179049e-05,6.225583933025204e-05
tiromompati,0.00012537612838515547,0.0,7.349677758179049e-05,6.225583933025204e-05
thomasruge,0.00012537612838515547,0.0,7.349677758179049e-05,6.225583933025204e-05
thomas55730462,0.00012537612838515547,0.0,7.349677758179049e-05,6.225583933025204e-05
thinkingcui,0.00012537612838515547,0.0,7.349677758179049e-05,6.225583933025204e-05
thiagoogfg,0.00012537612838515547,0.0,7.349677758179049e-05,6.225583933025204e-05
thetunamoney,0.00012537612838515547,0.0,7.349677758179049e-05,6.225583933025204e-05
theslickapache,0.00012537612838515547,0.0,7.349677758179049e-05,6.225583933025204e-05
theschnell3,0.00012537612838515547,0.0,7.349677758179049e-05,6.225583933025204e-05
thebigjohnnyd,0.00012537612838515547,0.0,7.349677758179049e-05,6.225583933025204e-05
AlienObserver11,0.00012537612838515547,0.0,7.349677758179049e-05,6.225583933025204e-05
AlexanderGrzeg1,0.00012537612838515547,0.0,7.349677758179049e-05,6.225583933025204e-05
AlexRebourn,0.00012537612838515547,0.0,7.349677758179049e-05,6.225583933025204e-05
AlexPasek,0.00012537612838515547,0.0,7.349677758179049e-05,6.225583933025204e-05
Muncheds2,0.00012537612838515547,0.0,7.349677758179049e-05,6.225583933025204e-05
Alea_,0.00012537612838515547,0.0,7.349677758179049e-05,6.225583933025204e-05
AlbellaKutta,0.00012537612838515547,0.0,7.349677758179049e-05,6.225583933025204e-05
Alban64158665,0.00012537612838515547,0.0,7.349677758179049e-05,6.225583933025204e-05
thenewc0l0mb0,0.00012537612838515547,0.0,7.349677758179049e-05,6.225583933025204e-05
themohammeda,0.00012537612838515547,0.0,7.349677758179049e-05,6.225583933025204e-05
themis_mag,0.00012537612838515547,0.0,7.349677758179049e-05,6.225583933025204e-05
thegreentexan1,0.00012537612838515547,0.0,7.349677758179049e-05,6.225583933025204e-05
thefoolisyoufoo,0.00012537612838515547,0.0,7.349677758179049e-05,6.225583933025204e-05
AlkatxofaAtomik,0.00012537612838515547,0.0,7.349677758179049e-05,6.225583933025204e-05
syasathv,0.00012537612838515547,0.0,7.349677758179049e-05,6.225583933025204e-05
sweetpeabalcony,0.00012537612838515547,0.0,7.349677758179049e-05,6.225583933025204e-05
swanee9663,0.00012537612838515547,0.0,7.349677758179049e-05,6.225583933025204e-05
AndrewJamesBon3,0.00012537612838515547,0.0,7.349677758179049e-05,6.225583933025204e-05
AndreaPagani_,0.00012537612838515547,0.0,7.349677758179049e-05,6.225583933025204e-05
AndreTI,0.00012537612838515547,0.0,7.349677758179049e-05,6.225583933025204e-05
Andiders,0.00012537612838515547,0.0,7.349677758179049e-05,6.225583933025204e-05
AnayetAhmed3,0.00012537612838515547,0.0,7.349677758179049e-05,6.225583933025204e-05
AnExplorer22,0.00012537612838515547,0.0,7.349677758179049e-05,6.225583933025204e-05
MosheyevAvi,0.00012537612838515547,0.0,7.349677758179049e-05,6.225583933025204e-05
Moreau12Moreau,0.00012537612838515547,0.0,7.349677758179049e-05,6.225583933025204e-05
Montusharda,0.00012537612838515547,0.0,7.349677758179049e-05,6.225583933025204e-05
terrorinplanet,0.00012537612838515547,0.0,7.349677758179049e-05,6.225583933025204e-05
MoistBread42069,0.00012537612838515547,0.0,7.349677758179049e-05,6.225583933025204e-05
ScottAl81125305,0.00012537612838515547,0.0,7.349677758179049e-05,6.225583933025204e-05
Scot_Striker,0.00012537612838515547,0.0,7.349677758179049e-05,6.225583933025204e-05
Schumi40287278,0.00012537612838515547,0.0,7.349677758179049e-05,6.225583933025204e-05
SchillerWalther,0.00012537612838515547,0.0,7.349677758179049e-05,6.225583933025204e-05
SchertlerN,0.00012537612838515547,0.0,7.349677758179049e-05,6.225583933025204e-05
SassiJordan,0.00012537612838515547,0.0,7.349677758179049e-05,6.225583933025204e-05
Sasa__Pesic,0.00012537612838515547,0.0,7.349677758179049e-05,6.225583933025204e-05
Sarnie365,0.00012537612838515547,0.0,7.349677758179049e-05,6.225583933025204e-05
svgdreamer,0.00012537612838515547,0.0,7.349677758179049e-05,6.225583933025204e-05
susilee_dean,0.00012537612838515547,0.0,7.349677758179049e-05,6.225583933025204e-05
supermanmobiel,0.00012537612838515547,0.0,7.349677758179049e-05,6.225583933025204e-05
sugarylud,0.00012537612838515547,0.0,7.349677758179049e-05,6.225583933025204e-05
Monlopo,0.00012537612838515547,0.0,7.349677758179049e-05,6.225583933025204e-05
tenkang2001,0.00012537612838515547,0.0,7.349677758179049e-05,6.225583933025204e-05
AmosBurton11,0.00012537612838515547,0.0,7.349677758179049e-05,6.225583933025204e-05
AmnothSovann,0.00012537612838515547,0.0,7.349677758179049e-05,6.225583933025204e-05
AmericanREI5,0.00012537612838515547,0.0,7.349677758179049e-05,6.225583933025204e-05
AmericanBots,0.00012537612838515547,0.0,7.349677758179049e-05,6.225583933025204e-05
Alternativlos3,0.00012537612838515547,0.0,7.349677758179049e-05,6.225583933025204e-05
AlphenMatthias,0.00012537612838515547,0.0,7.349677758179049e-05,6.225583933025204e-05
Alois_123,0.00012537612838515547,0.0,7.349677758179049e-05,6.225583933025204e-05
Almendr00698022,0.00012537612838515547,0.0,7.349677758179049e-05,6.225583933025204e-05
Sarangowri4,0.00012537612838515547,0.0,7.349677758179049e-05,6.225583933025204e-05
SarahLevinger,0.00012537612838515547,0.0,7.349677758179049e-05,6.225583933025204e-05
Sandy55769067,0.00012537612838515547,0.0,7.349677758179049e-05,6.225583933025204e-05
t0roar,0.00012537612838515547,0.0,7.349677758179049e-05,6.225583933025204e-05
SamDiammond,0.00012537612838515547,0.0,7.349677758179049e-05,6.225583933025204e-05
SamColin4,0.00012537612838515547,0.0,7.349677758179049e-05,6.225583933025204e-05
Muffshop,0.00012537612838515547,0.0,7.349677758179049e-05,6.225583933025204e-05
MsAndry2,0.00012537612838515547,0.0,7.349677758179049e-05,6.225583933025204e-05
Mr_Stocrates,0.00012537612838515547,0.0,7.349677758179049e-05,6.225583933025204e-05
MrTimeAttack,0.00012537612838515547,0.0,7.349677758179049e-05,6.225583933025204e-05
MrSnoopa,0.00012537612838515547,0.0,7.349677758179049e-05,6.225583933025204e-05
MrPetovan,0.00012537612838515547,0.0,7.349677758179049e-05,6.225583933025204e-05
techman01,0.00012537612838515547,0.0,7.349677758179049e-05,6.225583933025204e-05
techlover52,0.00012537612838515547,0.0,7.349677758179049e-05,6.225583933025204e-05
team__hug,0.00012537612838515547,0.0,7.349677758179049e-05,6.225583933025204e-05
tammy8ok,0.00012537612838515547,0.0,7.349677758179049e-05,6.225583933025204e-05
takach4nluvr,0.00012537612838515547,0.0,7.349677758179049e-05,6.225583933025204e-05
Sammypedia,0.00012537612838515547,0.0,7.349677758179049e-05,6.225583933025204e-05
jp_buche,0.00012537612838515547,0.0,7.349677758179049e-05,6.225583933025204e-05
josillodj,0.00012537612838515547,0.0,7.349677758179049e-05,6.225583933025204e-05
josephdecena3,0.00012537612838515547,0.0,7.349677758179049e-05,6.225583933025204e-05
jose_eldon_31,0.00012537612838515547,0.0,7.349677758179049e-05,6.225583933025204e-05
jordannumber5,0.00012537612838515547,0.0,7.349677758179049e-05,6.225583933025204e-05
jonty_gifford,0.00012537612838515547,0.0,7.349677758179049e-05,6.225583933025204e-05
jonpauldapope,0.00012537612838515547,0.0,7.349677758179049e-05,6.225583933025204e-05
Dawn197666,0.00012537612838515547,0.0,7.349677758179049e-05,6.225583933025204e-05
DawidBultrowicz,0.00012537612838515547,0.0,7.349677758179049e-05,6.225583933025204e-05
DavyPGH,0.00012537612838515547,0.0,7.349677758179049e-05,6.225583933025204e-05
FinansMerak137,0.00012537612838515547,0.0,7.349677758179049e-05,6.225583933025204e-05
FiftySeth,0.00012537612838515547,0.0,7.349677758179049e-05,6.225583933025204e-05
FernandoTona1,0.00012537612838515547,0.0,7.349677758179049e-05,6.225583933025204e-05
Wurstschnitte,0.00012537612838515547,0.0,7.349677758179049e-05,6.225583933025204e-05
dmag357,0.00012537612838515547,0.0,7.349677758179049e-05,6.225583933025204e-05
djkreeves_,0.00012537612838515547,0.0,7.349677758179049e-05,6.225583933025204e-05
dino18992167,0.00012537612838515547,0.0,7.349677758179049e-05,6.225583933025204e-05
dineshpithani2,0.00012537612838515547,0.0,7.349677758179049e-05,6.225583933025204e-05
diaa_alhadii,0.00012537612838515547,0.0,7.349677758179049e-05,6.225583933025204e-05
dia385mond,0.00012537612838515547,0.0,7.349677758179049e-05,6.225583933025204e-05
DavidStonebarg2,0.00012537612838515547,0.0,7.349677758179049e-05,6.225583933025204e-05
DavidMavis11,0.00012537612838515547,0.0,7.349677758179049e-05,6.225583933025204e-05
DavidLund6,0.00012537612838515547,0.0,7.349677758179049e-05,6.225583933025204e-05
DavidGa25855591,0.00012537612838515547,0.0,7.349677758179049e-05,6.225583933025204e-05
DavidDu78425736,0.00012537612838515547,0.0,7.349677758179049e-05,6.225583933025204e-05
Dave_Enna,0.00012537612838515547,0.0,7.349677758179049e-05,6.225583933025204e-05
DaveTheWave1998,0.00012537612838515547,0.0,7.349677758179049e-05,6.225583933025204e-05
johnrenta,0.00012537612838515547,0.0,7.349677758179049e-05,6.225583933025204e-05
FermanLedezman1,0.00012537612838515547,0.0,7.349677758179049e-05,6.225583933025204e-05
daytonaplatinum,0.00012537612838515547,0.0,7.349677758179049e-05,6.225583933025204e-05
davidxlai,0.00012537612838515547,0.0,7.349677758179049e-05,6.225583933025204e-05
david_tatlitug,0.00012537612838515547,0.0,7.349677758179049e-05,6.225583933025204e-05
darrenjwright,0.00012537612838515547,0.0,7.349677758179049e-05,6.225583933025204e-05
darkougrin,0.00012537612838515547,0.0,7.349677758179049e-05,6.225583933025204e-05
darehouse,0.00012537612838515547,0.0,7.349677758179049e-05,6.225583933025204e-05
Fulgenc75074598,0.00012537612838515547,0.0,7.349677758179049e-05,6.225583933025204e-05
Fruckley,0.00012537612838515547,0.0,7.349677758179049e-05,6.225583933025204e-05
dann_merritt,0.00012537612838515547,0.0,7.349677758179049e-05,6.225583933025204e-05
derflecha,0.00012537612838515547,0.0,7.349677758179049e-05,6.225583933025204e-05
dengodepizza,0.00012537612838515547,0.0,7.349677758179049e-05,6.225583933025204e-05
demans13,0.00012537612838515547,0.0,7.349677758179049e-05,6.225583933025204e-05
deekevin56_m,0.00012537612838515547,0.0,7.349677758179049e-05,6.225583933025204e-05
jpcholet,0.00012537612838515547,0.0,7.349677758179049e-05,6.225583933025204e-05
dedezigile,0.00012537612838515547,0.0,7.349677758179049e-05,6.225583933025204e-05
deckardgain,0.00012537612838515547,0.0,7.349677758179049e-05,6.225583933025204e-05
FoosballH2O,0.00012537612838515547,0.0,7.349677758179049e-05,6.225583933025204e-05
FlossedMind,0.00012537612838515547,0.0,7.349677758179049e-05,6.225583933025204e-05
FloZeugsUndSo,0.00012537612838515547,0.0,7.349677758179049e-05,6.225583933025204e-05
FlamingCanine,0.00012537612838515547,0.0,7.349677758179049e-05,6.225583933025204e-05
Flagday60,0.00012537612838515547,0.0,7.349677758179049e-05,6.225583933025204e-05
FlaTesla,0.00012537612838515547,0.0,7.349677758179049e-05,6.225583933025204e-05
FrappuccinoSlim,0.00012537612838515547,0.0,7.349677758179049e-05,6.225583933025204e-05
juanfrarc92,0.00012537612838515547,0.0,7.349677758179049e-05,6.225583933025204e-05
jsherman39,0.00012537612838515547,0.0,7.349677758179049e-05,6.225583933025204e-05
jsevilla2020,0.00012537612838515547,0.0,7.349677758179049e-05,6.225583933025204e-05
js_salonen,0.00012537612838515547,0.0,7.349677758179049e-05,6.225583933025204e-05
jpfunk280,0.00012537612838515547,0.0,7.349677758179049e-05,6.225583933025204e-05
deed_doer,0.00012537612838515547,0.0,7.349677758179049e-05,6.225583933025204e-05
jeremic,0.00012537612838515547,0.0,7.349677758179049e-05,6.225583933025204e-05
jehanzebnawaz,0.00012537612838515547,0.0,7.349677758179049e-05,6.225583933025204e-05
jeb_bush_2024,0.00012537612838515547,0.0,7.349677758179049e-05,6.225583933025204e-05
DebbielubBrown,0.00012537612838515547,0.0,7.349677758179049e-05,6.225583933025204e-05
DebateBroTactix,0.00012537612838515547,0.0,7.349677758179049e-05,6.225583933025204e-05
dudewithaj,0.00012537612838515547,0.0,7.349677758179049e-05,6.225583933025204e-05
dtheb2030,0.00012537612838515547,0.0,7.349677758179049e-05,6.225583933025204e-05
dtheavenger,0.00012537612838515547,0.0,7.349677758179049e-05,6.225583933025204e-05
dsdavies1,0.00012537612838515547,0.0,7.349677758179049e-05,6.225583933025204e-05
druikkari,0.00012537612838515547,0.0,7.349677758179049e-05,6.225583933025204e-05
drugosrbijanac3,0.00012537612838515547,0.0,7.349677758179049e-05,6.225583933025204e-05
dropgenius,0.00012537612838515547,0.0,7.349677758179049e-05,6.225583933025204e-05
dreysona_,0.00012537612838515547,0.0,7.349677758179049e-05,6.225583933025204e-05
johnfranken79,0.00012537612838515547,0.0,7.349677758179049e-05,6.225583933025204e-05
drarirubin,0.00012537612838515547,0.0,7.349677758179049e-05,6.225583933025204e-05
dr_dirtyphd,0.00012537612838515547,0.0,7.349677758179049e-05,6.225583933025204e-05
FelixSchlang,0.00012537612838515547,0.0,7.349677758179049e-05,6.225583933025204e-05
FatgutzEvans,0.00012537612838515547,0.0,7.349677758179049e-05,6.225583933025204e-05
Farzadthe1st,0.00012537612838515547,0.0,7.349677758179049e-05,6.225583933025204e-05
FarmGirlLife123,0.00012537612838515547,0.0,7.349677758179049e-05,6.225583933025204e-05
FamousSheymus1,0.00012537612838515547,0.0,7.349677758179049e-05,6.225583933025204e-05
Extraoel,0.00012537612838515547,0.0,7.349677758179049e-05,6.225583933025204e-05
ExplorerArts,0.00012537612838515547,0.0,7.349677758179049e-05,6.225583933025204e-05
ExplainThisBob,0.00012537612838515547,0.0,7.349677758179049e-05,6.225583933025204e-05
ExelyMax,0.00012537612838515547,0.0,7.349677758179049e-05,6.225583933025204e-05
Everman,0.00012537612838515547,0.0,7.349677758179049e-05,6.225583933025204e-05
eddieblake448,0.00012537612838515547,0.0,7.349677758179049e-05,6.225583933025204e-05
ecclesCake3,0.00012537612838515547,0.0,7.349677758179049e-05,6.225583933025204e-05
draykorinee,0.00012537612838515547,0.0,7.349677758179049e-05,6.225583933025204e-05
johnfrank454,0.00012537612838515547,0.0,7.349677758179049e-05,6.225583933025204e-05
joe_obrien5858,0.00012537612838515547,0.0,7.349677758179049e-05,6.225583933025204e-05
joan_of_j,0.00012537612838515547,0.0,7.349677758179049e-05,6.225583933025204e-05
joa_reta,0.00012537612838515547,0.0,7.349677758179049e-05,6.225583933025204e-05
jmt4579,0.00012537612838515547,0.0,7.349677758179049e-05,6.225583933025204e-05
FaikMuratunel,0.00012537612838515547,0.0,7.349677758179049e-05,6.225583933025204e-05
FahadislamMohd,0.00012537612838515547,0.0,7.349677758179049e-05,6.225583933025204e-05
FXgaming15,0.00012537612838515547,0.0,7.349677758179049e-05,6.225583933025204e-05
FSDbetaa,0.00012537612838515547,0.0,7.349677758179049e-05,6.225583933025204e-05
FSD_5_Star_Dude,0.00012537612838515547,0.0,7.349677758179049e-05,6.225583933025204e-05
dpraylinee,0.00012537612838515547,0.0,7.349677758179049e-05,6.225583933025204e-05
dosmastr,0.00012537612838515547,0.0,7.349677758179049e-05,6.225583933025204e-05
doofusbrane,0.00012537612838515547,0.0,7.349677758179049e-05,6.225583933025204e-05
jey_thiru,0.00012537612838515547,0.0,7.349677758179049e-05,6.225583933025204e-05
dollabills999,0.00012537612838515547,0.0,7.349677758179049e-05,6.225583933025204e-05
dogvillefarminv,0.00012537612838515547,0.0,7.349677758179049e-05,6.225583933025204e-05
dogefan84,0.00012537612838515547,0.0,7.349677758179049e-05,6.225583933025204e-05
doernhmd,0.00012537612838515547,0.0,7.349677758179049e-05,6.225583933025204e-05
Fio_96_,0.00012537612838515547,0.0,7.349677758179049e-05,6.225583933025204e-05
FinishJon,0.00012537612838515547,0.0,7.349677758179049e-05,6.225583933025204e-05
jmp_nyc,0.00012537612838515547,0.0,7.349677758179049e-05,6.225583933025204e-05
jmarc,0.00012537612838515547,0.0,7.349677758179049e-05,6.225583933025204e-05
jmacinATX,0.00012537612838515547,0.0,7.349677758179049e-05,6.225583933025204e-05
jmacgroup1,0.00012537612838515547,0.0,7.349677758179049e-05,6.225583933025204e-05
jjmedero,0.00012537612838515547,0.0,7.349677758179049e-05,6.225583933025204e-05
jiromexico,0.00012537612838515547,0.0,7.349677758179049e-05,6.225583933025204e-05
jim_sidewalk,0.00012537612838515547,0.0,7.349677758179049e-05,6.225583933025204e-05
jgcisland77,0.00012537612838515547,0.0,7.349677758179049e-05,6.225583933025204e-05
donofhnl,0.00012537612838515547,0.0,7.349677758179049e-05,6.225583933025204e-05
climatebabes,0.00012537612838515547,0.0,7.349677758179049e-05,6.225583933025204e-05
clemiranat,0.00012537612838515547,0.0,7.349677758179049e-05,6.225583933025204e-05
claude_nelson,0.00012537612838515547,0.0,7.349677758179049e-05,6.225583933025204e-05
classiflied77,0.00012537612838515547,0.0,7.349677758179049e-05,6.225583933025204e-05
citron_flan,0.00012537612838515547,0.0,7.349677758179049e-05,6.225583933025204e-05
DAMasiello,0.00012537612838515547,0.0,7.349677758179049e-05,6.225583933025204e-05
DAG_Investments,0.00012537612838515547,0.0,7.349677758179049e-05,6.225583933025204e-05
kokonattu_317,0.00012537612838515547,0.0,7.349677758179049e-05,6.225583933025204e-05
kobtweeting,0.00012537612838515547,0.0,7.349677758179049e-05,6.225583933025204e-05
koamalumakalani,0.00012537612838515547,0.0,7.349677758179049e-05,6.225583933025204e-05
knveth,0.00012537612838515547,0.0,7.349677758179049e-05,6.225583933025204e-05
knobdoodle,0.00012537612838515547,0.0,7.349677758179049e-05,6.225583933025204e-05
kkui97945220,0.00012537612838515547,0.0,7.349677758179049e-05,6.225583933025204e-05
dccampfin,0.00012537612838515547,0.0,7.349677758179049e-05,6.225583933025204e-05
kirkornnn,0.00012537612838515547,0.0,7.349677758179049e-05,6.225583933025204e-05
kingsummerbody,0.00012537612838515547,0.0,7.349677758179049e-05,6.225583933025204e-05
kingdragz04,0.00012537612838515547,0.0,7.349677758179049e-05,6.225583933025204e-05
king_260993,0.00012537612838515547,0.0,7.349677758179049e-05,6.225583933025204e-05
Dan37209169,0.00012537612838515547,0.0,7.349677758179049e-05,6.225583933025204e-05
DamianRigby,0.00012537612838515547,0.0,7.349677758179049e-05,6.225583933025204e-05
DadFollowing,0.00012537612838515547,0.0,7.349677758179049e-05,6.225583933025204e-05
Ganzedijker,0.00012537612838515547,0.0,7.349677758179049e-05,6.225583933025204e-05
crofamholder,0.00012537612838515547,0.0,7.349677758179049e-05,6.225583933025204e-05
cristian004078,0.00012537612838515547,0.0,7.349677758179049e-05,6.225583933025204e-05
crepuscularit,0.00012537612838515547,0.0,7.349677758179049e-05,6.225583933025204e-05
crazydudejeff,0.00012537612838515547,0.0,7.349677758179049e-05,6.225583933025204e-05
crazyauditer,0.00012537612838515547,0.0,7.349677758179049e-05,6.225583933025204e-05
coreyjenkins3y1,0.00012537612838515547,0.0,7.349677758179049e-05,6.225583933025204e-05
kitanowitsch,0.00012537612838515547,0.0,7.349677758179049e-05,6.225583933025204e-05
christ0527,0.00012537612838515547,0.0,7.349677758179049e-05,6.225583933025204e-05
chris2holland,0.00012537612838515547,0.0,7.349677758179049e-05,6.225583933025204e-05
choppelo_camus,0.00012537612838515547,0.0,7.349677758179049e-05,6.225583933025204e-05
cholshdz,0.00012537612838515547,0.0,7.349677758179049e-05,6.225583933025204e-05
chiefgxy,0.00012537612838515547,0.0,7.349677758179049e-05,6.225583933025204e-05
kuestenwolf1,0.00012537612838515547,0.0,7.349677758179049e-05,6.225583933025204e-05
kuamarsanjay32,0.00012537612838515547,0.0,7.349677758179049e-05,6.225583933025204e-05
ksuwildkat,0.00012537612838515547,0.0,7.349677758179049e-05,6.225583933025204e-05
kstvincentfit,0.00012537612838515547,0.0,7.349677758179049e-05,6.225583933025204e-05
krishna_valluru,0.00012537612838515547,0.0,7.349677758179049e-05,6.225583933025204e-05
krekhedenerdzi,0.00012537612838515547,0.0,7.349677758179049e-05,6.225583933025204e-05
kr0mb0pul0smike,0.00012537612838515547,0.0,7.349677758179049e-05,6.225583933025204e-05
kotohamaru_pi,0.00012537612838515547,0.0,7.349677758179049e-05,6.225583933025204e-05
cloudseventy375,0.00012537612838515547,0.0,7.349677758179049e-05,6.225583933025204e-05
CyberXNish,0.00012537612838515547,0.0,7.349677758179049e-05,6.225583933025204e-05
Cusperrose,0.00012537612838515547,0.0,7.349677758179049e-05,6.225583933025204e-05
CulturalCompass,0.00012537612838515547,0.0,7.349677758179049e-05,6.225583933025204e-05
CultDaddy420,0.00012537612838515547,0.0,7.349677758179049e-05,6.225583933025204e-05
Cryptochanzy,0.00012537612838515547,0.0,7.349677758179049e-05,6.225583933025204e-05
CryptoRich0x69,0.00012537612838515547,0.0,7.349677758179049e-05,6.225583933025204e-05
DMG672,0.00012537612838515547,0.0,7.349677758179049e-05,6.225583933025204e-05
DJBurges,0.00012537612838515547,0.0,7.349677758179049e-05,6.225583933025204e-05
DC19583,0.00012537612838515547,0.0,7.349677758179049e-05,6.225583933025204e-05
GerardVerhoef,0.00012537612838515547,0.0,7.349677758179049e-05,6.225583933025204e-05
GeraldWaterous,0.00012537612838515547,0.0,7.349677758179049e-05,6.225583933025204e-05
GengarHernandez,0.00012537612838515547,0.0,7.349677758179049e-05,6.225583933025204e-05
GeneralMayhem,0.00012537612838515547,0.0,7.349677758179049e-05,6.225583933025204e-05
GenaT25,0.00012537612838515547,0.0,7.349677758179049e-05,6.225583933025204e-05
CzechArtGirl,0.00012537612838515547,0.0,7.349677758179049e-05,6.225583933025204e-05
danmet,0.00012537612838515547,0.0,7.349677758179049e-05,6.225583933025204e-05
danjb1977,0.00012537612838515547,0.0,7.349677758179049e-05,6.225583933025204e-05
dancrum,0.00012537612838515547,0.0,7.349677758179049e-05,6.225583933025204e-05
dahyho,0.00012537612838515547,0.0,7.349677758179049e-05,6.225583933025204e-05
Gamebent1,0.00012537612838515547,0.0,7.349677758179049e-05,6.225583933025204e-05
GagliardiLou,0.00012537612838515547,0.0,7.349677758179049e-05,6.225583933025204e-05
GageTay49682759,0.00012537612838515547,0.0,7.349677758179049e-05,6.225583933025204e-05
G_Godowski,0.00012537612838515547,0.0,7.349677758179049e-05,6.225583933025204e-05
GRobLewis,0.00012537612838515547,0.0,7.349677758179049e-05,6.225583933025204e-05
GP_freespeech,0.00012537612838515547,0.0,7.349677758179049e-05,6.225583933025204e-05
DanielS78239707,0.00012537612838515547,0.0,7.349677758179049e-05,6.225583933025204e-05
DanielDelCarp13,0.00012537612838515547,0.0,7.349677758179049e-05,6.225583933025204e-05
DanielBechler2,0.00012537612838515547,0.0,7.349677758179049e-05,6.225583933025204e-05
connectamitb,0.00012537612838515547,0.0,7.349677758179049e-05,6.225583933025204e-05
Dandroid__,0.00012537612838515547,0.0,7.349677758179049e-05,6.225583933025204e-05
keencval,0.00012537612838515547,0.0,7.349677758179049e-05,6.225583933025204e-05
kbutler127,0.00012537612838515547,0.0,7.349677758179049e-05,6.225583933025204e-05
kazuyu06,0.00012537612838515547,0.0,7.349677758179049e-05,6.225583933025204e-05
karlitosm,0.00012537612838515547,0.0,7.349677758179049e-05,6.225583933025204e-05
kamaltalwar79,0.00012537612838515547,0.0,7.349677758179049e-05,6.225583933025204e-05
kaffeinecrypto0,0.00012537612838515547,0.0,7.349677758179049e-05,6.225583933025204e-05
jvonhunk,0.00012537612838515547,0.0,7.349677758179049e-05,6.225583933025204e-05
justtradin,0.00012537612838515547,0.0,7.349677758179049e-05,6.225583933025204e-05
junserafin,0.00012537612838515547,0.0,7.349677758179049e-05,6.225583933025204e-05
juniorro16,0.00012537612838515547,0.0,7.349677758179049e-05,6.225583933025204e-05
jujutsushiouji,0.00012537612838515547,0.0,7.349677758179049e-05,6.225583933025204e-05
de_la_lluvia,0.00012537612838515547,0.0,7.349677758179049e-05,6.225583933025204e-05
ddexterr_,0.00012537612838515547,0.0,7.349677758179049e-05,6.225583933025204e-05
Dani_el_Nero,0.00012537612838515547,0.0,7.349677758179049e-05,6.225583933025204e-05
confused_sage,0.00012537612838515547,0.0,7.349677758179049e-05,6.225583933025204e-05
Gitarre_Thomas,0.00012537612838515547,0.0,7.349677758179049e-05,6.225583933025204e-05
Giobalsamo,0.00012537612838515547,0.0,7.349677758179049e-05,6.225583933025204e-05
Gilroyo,0.00012537612838515547,0.0,7.349677758179049e-05,6.225583933025204e-05
GODFIGMXNTS,0.00012537612838515547,0.0,7.349677758179049e-05,6.225583933025204e-05
cw_dric,0.00012537612838515547,0.0,7.349677758179049e-05,6.225583933025204e-05
curmy1,0.00012537612838515547,0.0,7.349677758179049e-05,6.225583933025204e-05
cskwriter,0.00012537612838515547,0.0,7.349677758179049e-05,6.225583933025204e-05
cryptoWoolley,0.00012537612838515547,0.0,7.349677758179049e-05,6.225583933025204e-05
cryptoABK,0.00012537612838515547,0.0,7.349677758179049e-05,6.225583933025204e-05
crumbs4426,0.00012537612838515547,0.0,7.349677758179049e-05,6.225583933025204e-05
crowe_stewart,0.00012537612838515547,0.0,7.349677758179049e-05,6.225583933025204e-05
Geminlce,0.00012537612838515547,0.0,7.349677758179049e-05,6.225583933025204e-05
Geezer_Tweeter,0.00012537612838515547,0.0,7.349677758179049e-05,6.225583933025204e-05
Darryl_Pinto,0.00012537612838515547,0.0,7.349677758179049e-05,6.225583933025204e-05
GbAhsen,0.00012537612838515547,0.0,7.349677758179049e-05,6.225583933025204e-05
GauthBoul,0.00012537612838515547,0.0,7.349677758179049e-05,6.225583933025204e-05
Gardner4ever,0.00012537612838515547,0.0,7.349677758179049e-05,6.225583933025204e-05
Dabears44444,0.00012537612838515547,0.0,7.349677758179049e-05,6.225583933025204e-05
Da___Wolf,0.00012537612838515547,0.0,7.349677758179049e-05,6.225583933025204e-05
DaBcBandit,0.00012537612838515547,0.0,7.349677758179049e-05,6.225583933025204e-05
D_Ryan_Rose,0.00012537612838515547,0.0,7.349677758179049e-05,6.225583933025204e-05
DW90714,0.00012537612838515547,0.0,7.349677758179049e-05,6.225583933025204e-05
khookhaa_N,0.00012537612838515547,0.0,7.349677758179049e-05,6.225583933025204e-05
khawas_rupam,0.00012537612838515547,0.0,7.349677758179049e-05,6.225583933025204e-05
kghornsten,0.00012537612838515547,0.0,7.349677758179049e-05,6.225583933025204e-05
kevinrmonroy,0.00012537612838515547,0.0,7.349677758179049e-05,6.225583933025204e-05
kematodra,0.00012537612838515547,0.0,7.349677758179049e-05,6.225583933025204e-05
kelvyntzay97,0.00012537612838515547,0.0,7.349677758179049e-05,6.225583933025204e-05
GeekFreakBoutiq,0.00012537612838515547,0.0,7.349677758179049e-05,6.225583933025204e-05
DopreKLK,0.00012537612838515547,0.0,7.349677758179049e-05,6.225583933025204e-05
DontFollowStan,0.00012537612838515547,0.0,7.349677758179049e-05,6.225583933025204e-05
hiroshiy,0.00012537612838515547,0.0,7.349677758179049e-05,6.225583933025204e-05
hipoldguy,0.00012537612838515547,0.0,7.349677758179049e-05,6.225583933025204e-05
hinata_gkc,0.00012537612838515547,0.0,7.349677758179049e-05,6.225583933025204e-05
hfjohnsen,0.00012537612838515547,0.0,7.349677758179049e-05,6.225583933025204e-05
heylookitsdans,0.00012537612838515547,0.0,7.349677758179049e-05,6.225583933025204e-05
heyRafaGarrido,0.00012537612838515547,0.0,7.349677758179049e-05,6.225583933025204e-05
henlojseam,0.00012537612838515547,0.0,7.349677758179049e-05,6.225583933025204e-05
helloitsvincent,0.00012537612838515547,0.0,7.349677758179049e-05,6.225583933025204e-05
helloitsesty,0.00012537612838515547,0.0,7.349677758179049e-05,6.225583933025204e-05
hellofrog101,0.00012537612838515547,0.0,7.349677758179049e-05,6.225583933025204e-05
haxert1,0.00012537612838515547,0.0,7.349677758179049e-05,6.225583933025204e-05
ebchristen,0.00012537612838515547,0.0,7.349677758179049e-05,6.225583933025204e-05
DusaSrecna,0.00012537612838515547,0.0,7.349677758179049e-05,6.225583933025204e-05
DucLuu223,0.00012537612838515547,0.0,7.349677758179049e-05,6.225583933025204e-05
Drunk_Opinions,0.00012537612838515547,0.0,7.349677758179049e-05,6.225583933025204e-05
Drth0rn,0.00012537612838515547,0.0,7.349677758179049e-05,6.225583933025204e-05
EdBraiman,0.00012537612838515547,0.0,7.349677758179049e-05,6.225583933025204e-05
EchtoGammut,0.00012537612838515547,0.0,7.349677758179049e-05,6.225583933025204e-05
EalyShannon,0.00012537612838515547,0.0,7.349677758179049e-05,6.225583933025204e-05
E_G0LDSTE1N,0.00012537612838515547,0.0,7.349677758179049e-05,6.225583933025204e-05
gfberner,0.00012537612838515547,0.0,7.349677758179049e-05,6.225583933025204e-05
georgelazenby,0.00012537612838515547,0.0,7.349677758179049e-05,6.225583933025204e-05
gcsurf123,0.00012537612838515547,0.0,7.349677758179049e-05,6.225583933025204e-05
gaurav11977119,0.00012537612838515547,0.0,7.349677758179049e-05,6.225583933025204e-05
garysingh74,0.00012537612838515547,0.0,7.349677758179049e-05,6.225583933025204e-05
garroteratx,0.00012537612838515547,0.0,7.349677758179049e-05,6.225583933025204e-05
hawkdriver80,0.00012537612838515547,0.0,7.349677758179049e-05,6.225583933025204e-05
fuchi_aslot_329,0.00012537612838515547,0.0,7.349677758179049e-05,6.225583933025204e-05
fruperti,0.00012537612838515547,0.0,7.349677758179049e-05,6.225583933025204e-05
frouga12,0.00012537612838515547,0.0,7.349677758179049e-05,6.225583933025204e-05
friendindam,0.00012537612838515547,0.0,7.349677758179049e-05,6.225583933025204e-05
frenchylatino,0.00012537612838515547,0.0,7.349677758179049e-05,6.225583933025204e-05
french_boyy,0.00012537612838515547,0.0,7.349677758179049e-05,6.225583933025204e-05
freifallspoile1,0.00012537612838515547,0.0,7.349677758179049e-05,6.225583933025204e-05
freddy_nunsanga,0.00012537612838515547,0.0,7.349677758179049e-05,6.225583933025204e-05
ElvisKYG,0.00012537612838515547,0.0,7.349677758179049e-05,6.225583933025204e-05
ElonMusk1322,0.00012537612838515547,0.0,7.349677758179049e-05,6.225583933025204e-05
hypolestes,0.00012537612838515547,0.0,7.349677758179049e-05,6.225583933025204e-05
hypermekhhaha,0.00012537612838515547,0.0,7.349677758179049e-05,6.225583933025204e-05
hubertwawa,0.00012537612838515547,0.0,7.349677758179049e-05,6.225583933025204e-05
DoubleTriple_OG,0.00012537612838515547,0.0,7.349677758179049e-05,6.225583933025204e-05
hoyas201,0.00012537612838515547,0.0,7.349677758179049e-05,6.225583933025204e-05
hoss_ed,0.00012537612838515547,0.0,7.349677758179049e-05,6.225583933025204e-05
horsiss2,0.00012537612838515547,0.0,7.349677758179049e-05,6.225583933025204e-05
holger_ehrlich,0.00012537612838515547,0.0,7.349677758179049e-05,6.225583933025204e-05
hogthrobbin,0.00012537612838515547,0.0,7.349677758179049e-05,6.225583933025204e-05
hobbit1079,0.00012537612838515547,0.0,7.349677758179049e-05,6.225583933025204e-05
hjs_seventeen,0.00012537612838515547,0.0,7.349677758179049e-05,6.225583933025204e-05
DonaldL12520125,0.00012537612838515547,0.0,7.349677758179049e-05,6.225583933025204e-05
DogsAreBtr,0.00012537612838515547,0.0,7.349677758179049e-05,6.225583933025204e-05
Doge_France,0.00012537612838515547,0.0,7.349677758179049e-05,6.225583933025204e-05
Doge4Faithful,0.00012537612838515547,0.0,7.349677758179049e-05,6.225583933025204e-05
Dr_Balkanicus,0.00012537612838515547,0.0,7.349677758179049e-05,6.225583933025204e-05
DrFeeelGoood,0.00012537612838515547,0.0,7.349677758179049e-05,6.225583933025204e-05
Douwenoort,0.00012537612838515547,0.0,7.349677758179049e-05,6.225583933025204e-05
hschwe3449,0.00012537612838515547,0.0,7.349677758179049e-05,6.225583933025204e-05
wiznews,0.00012537612838515547,0.0,7.349677758179049e-05,6.225583933025204e-05
withlovealuna,0.00012537612838515547,0.0,7.349677758179049e-05,6.225583933025204e-05
wilterorozco,0.00012537612838515547,0.0,7.349677758179049e-05,6.225583933025204e-05
whyusomad444,0.00012537612838515547,0.0,7.349677758179049e-05,6.225583933025204e-05
whatevssayskev,0.00012537612838515547,0.0,7.349677758179049e-05,6.225583933025204e-05
westcoastraised,0.00012537612838515547,0.0,7.349677758179049e-05,6.225583933025204e-05
westcoastlady56,0.00012537612838515547,0.0,7.349677758179049e-05,6.225583933025204e-05
weneed2resist,0.00012537612838515547,0.0,7.349677758179049e-05,6.225583933025204e-05
weltshmrtz,0.00012537612838515547,0.0,7.349677758179049e-05,6.225583933025204e-05
A80AAb,0.00012537612838515547,0.0,7.349677758179049e-05,6.225583933025204e-05
9509Peppe,0.00012537612838515547,0.0,7.349677758179049e-05,6.225583933025204e-05
7sinswins,0.00012537612838515547,0.0,7.349677758179049e-05,6.225583933025204e-05
69Mrsexy69,0.00012537612838515547,0.0,7.349677758179049e-05,6.225583933025204e-05
garos56,0.00012537612838515547,0.0,7.349677758179049e-05,6.225583933025204e-05
100Mikeylikesit,0.00012537612838515547,0.0,7.349677758179049e-05,6.225583933025204e-05
PawelMierski,0.00012537612838515547,0.0,7.349677758179049e-05,6.225583933025204e-05
PauloHD7,0.00012537612838515547,0.0,7.349677758179049e-05,6.225583933025204e-05
PaulBorek,0.00012537612838515547,0.0,7.349677758179049e-05,6.225583933025204e-05
PaulBacharo,0.00012537612838515547,0.0,7.349677758179049e-05,6.225583933025204e-05
Patriot25511780,0.00012537612838515547,0.0,7.349677758179049e-05,6.225583933025204e-05
Ra_mia7,0.00012537612838515547,0.0,7.349677758179049e-05,6.225583933025204e-05
ROYA__Ro,0.00012537612838515547,0.0,7.349677758179049e-05,6.225583933025204e-05
gordon_dgordon,0.00012537612838515547,0.0,7.349677758179049e-05,6.225583933025204e-05
666QS4M,0.00012537612838515547,0.0,7.349677758179049e-05,6.225583933025204e-05
zendercritical,0.00012537612838515547,0.0,7.349677758179049e-05,6.225583933025204e-05
zDNA13,0.00012537612838515547,0.0,7.349677758179049e-05,6.225583933025204e-05
yzwkz,0.00012537612838515547,0.0,7.349677758179049e-05,6.225583933025204e-05
yungchingchilla,0.00012537612838515547,0.0,7.349677758179049e-05,6.225583933025204e-05
666dorado,0.00012537612838515547,0.0,7.349677758179049e-05,6.225583933025204e-05
gamaliel_Onye,0.00012537612838515547,0.0,7.349677758179049e-05,6.225583933025204e-05
fwoolish,0.00012537612838515547,0.0,7.349677758179049e-05,6.225583933025204e-05
DrayTrades,0.00012537612838515547,0.0,7.349677758179049e-05,6.225583933025204e-05
hatonyan,0.00012537612838515547,0.0,7.349677758179049e-05,6.225583933025204e-05
hashing2heating,0.00012537612838515547,0.0,7.349677758179049e-05,6.225583933025204e-05
halftroll,0.00012537612838515547,0.0,7.349677758179049e-05,6.225583933025204e-05
gzelle26,0.00012537612838515547,0.0,7.349677758179049e-05,6.225583933025204e-05
gwensgolden,0.00012537612838515547,0.0,7.349677758179049e-05,6.225583933025204e-05
gurugurudoooon,0.00012537612838515547,0.0,7.349677758179049e-05,6.225583933025204e-05
guptaxvipul,0.00012537612838515547,0.0,7.349677758179049e-05,6.225583933025204e-05
greatpretendher,0.00012537612838515547,0.0,7.349677758179049e-05,6.225583933025204e-05
graubart,0.00012537612838515547,0.0,7.349677758179049e-05,6.225583933025204e-05
EG108005117,0.00012537612838515547,0.0,7.349677758179049e-05,6.225583933025204e-05
EATTHER01271082,0.00012537612838515547,0.0,7.349677758179049e-05,6.225583933025204e-05
wladisitoec,0.00012537612838515547,0.0,7.349677758179049e-05,6.225583933025204e-05
granny_zee,0.00012537612838515547,0.0,7.349677758179049e-05,6.225583933025204e-05
grandpafav,0.00012537612838515547,0.0,7.349677758179049e-05,6.225583933025204e-05
grahamcraig3,0.00012537612838515547,0.0,7.349677758179049e-05,6.225583933025204e-05
gorrionspatz,0.00012537612838515547,0.0,7.349677758179049e-05,6.225583933025204e-05
gorgonlin,0.00012537612838515547,0.0,7.349677758179049e-05,6.225583933025204e-05
Piccm,0.00012537612838515547,0.0,7.349677758179049e-05,6.225583933025204e-05
Phrankensteyn,0.00012537612838515547,0.0,7.349677758179049e-05,6.225583933025204e-05
PhilNfp,0.00012537612838515547,0.0,7.349677758179049e-05,6.225583933025204e-05
PhilBar61300506,0.00012537612838515547,0.0,7.349677758179049e-05,6.225583933025204e-05
PokornyRoland,0.00012537612838515547,0.0,7.349677758179049e-05,6.225583933025204e-05
Podlac_Makarije,0.00012537612838515547,0.0,7.349677758179049e-05,6.225583933025204e-05
PlutoPittbull,0.00012537612838515547,0.0,7.349677758179049e-05,6.225583933025204e-05
PlatinumCat,0.00012537612838515547,0.0,7.349677758179049e-05,6.225583933025204e-05
3406Shane,0.00012537612838515547,0.0,7.349677758179049e-05,6.225583933025204e-05
DystopianRevolt,0.00012537612838515547,0.0,7.349677758179049e-05,6.225583933025204e-05
elchuchii,0.00012537612838515547,0.0,7.349677758179049e-05,6.225583933025204e-05
elJefeVK,0.00012537612838515547,0.0,7.349677758179049e-05,6.225583933025204e-05
eenginemagazin,0.00012537612838515547,0.0,7.349677758179049e-05,6.225583933025204e-05
eeidi_,0.00012537612838515547,0.0,7.349677758179049e-05,6.225583933025204e-05
edwardvanbaelen,0.00012537612838515547,0.0,7.349677758179049e-05,6.225583933025204e-05
FRED__MICHAUD,0.00012537612838515547,0.0,7.349677758179049e-05,6.225583933025204e-05
ja_zeca,0.00012537612838515547,0.0,7.349677758179049e-05,6.225583933025204e-05
j_mcgraph,0.00012537612838515547,0.0,7.349677758179049e-05,6.225583933025204e-05
j_flamingo,0.00012537612838515547,0.0,7.349677758179049e-05,6.225583933025204e-05
izuafimam,0.00012537612838515547,0.0,7.349677758179049e-05,6.225583933025204e-05
italianmaster,0.00012537612838515547,0.0,7.349677758179049e-05,6.225583933025204e-05
issis46,0.00012537612838515547,0.0,7.349677758179049e-05,6.225583933025204e-05
irsansiregar,0.00012537612838515547,0.0,7.349677758179049e-05,6.225583933025204e-05
fudou_win_sol,0.00012537612838515547,0.0,7.349677758179049e-05,6.225583933025204e-05
ipwnunoob,0.00012537612838515547,0.0,7.349677758179049e-05,6.225583933025204e-05
DickPillzerian,0.00012537612838515547,0.0,7.349677758179049e-05,6.225583933025204e-05
DiamanteSangre,0.00012537612838515547,0.0,7.349677758179049e-05,6.225583933025204e-05
DiInzou,0.00012537612838515547,0.0,7.349677758179049e-05,6.225583933025204e-05
Dgaspar00,0.00012537612838515547,0.0,7.349677758179049e-05,6.225583933025204e-05
exclamate_,0.00012537612838515547,0.0,7.349677758179049e-05,6.225583933025204e-05
ev1l5anta,0.00012537612838515547,0.0,7.349677758179049e-05,6.225583933025204e-05
espritdelesca,0.00012537612838515547,0.0,7.349677758179049e-05,6.225583933025204e-05
espiegler,0.00012537612838515547,0.0,7.349677758179049e-05,6.225583933025204e-05
eschreck041,0.00012537612838515547,0.0,7.349677758179049e-05,6.225583933025204e-05
erwin730,0.00012537612838515547,0.0,7.349677758179049e-05,6.225583933025204e-05
erv1nkl,0.00012537612838515547,0.0,7.349677758179049e-05,6.225583933025204e-05
ertugrul_usman,0.00012537612838515547,0.0,7.349677758179049e-05,6.225583933025204e-05
erneneangel,0.00012537612838515547,0.0,7.349677758179049e-05,6.225583933025204e-05
iqapps1,0.00012537612838515547,0.0,7.349677758179049e-05,6.225583933025204e-05
eartotheground9,0.00012537612838515547,0.0,7.349677758179049e-05,6.225583933025204e-05
e_principle,0.00012537612838515547,0.0,7.349677758179049e-05,6.225583933025204e-05
e0nxamz,0.00012537612838515547,0.0,7.349677758179049e-05,6.225583933025204e-05
dyr_eng,0.00012537612838515547,0.0,7.349677758179049e-05,6.225583933025204e-05
dwayne_barger,0.00012537612838515547,0.0,7.349677758179049e-05,6.225583933025204e-05
DeathCar72,0.00012537612838515547,0.0,7.349677758179049e-05,6.225583933025204e-05
DePancorvo,0.00012537612838515547,0.0,7.349677758179049e-05,6.225583933025204e-05
DaytonTUphold,0.00012537612838515547,0.0,7.349677758179049e-05,6.225583933025204e-05
DayIightMoon_,0.00012537612838515547,0.0,7.349677758179049e-05,6.225583933025204e-05
jbaldos77,0.00012537612838515547,0.0,7.349677758179049e-05,6.225583933025204e-05
jason65953411,0.00012537612838515547,0.0,7.349677758179049e-05,6.225583933025204e-05
jaggilbert99,0.00012537612838515547,0.0,7.349677758179049e-05,6.225583933025204e-05
jackdnoonan,0.00012537612838515547,0.0,7.349677758179049e-05,6.225583933025204e-05
election_every,0.00012537612838515547,0.0,7.349677758179049e-05,6.225583933025204e-05
Desertmedik,0.00012537612838515547,0.0,7.349677758179049e-05,6.225583933025204e-05
DesaTinoCasal,0.00012537612838515547,0.0,7.349677758179049e-05,6.225583933025204e-05
DerOetzmann,0.00012537612838515547,0.0,7.349677758179049e-05,6.225583933025204e-05
DenisefromCali,0.00012537612838515547,0.0,7.349677758179049e-05,6.225583933025204e-05
DemocracyDefen4,0.00012537612838515547,0.0,7.349677758179049e-05,6.225583933025204e-05
DemApples00,0.00012537612838515547,0.0,7.349677758179049e-05,6.225583933025204e-05
DefyTrump2020,0.00012537612838515547,0.0,7.349677758179049e-05,6.225583933025204e-05
DeepValStocks,0.00012537612838515547,0.0,7.349677758179049e-05,6.225583933025204e-05
emzett,0.00012537612838515547,0.0,7.349677758179049e-05,6.225583933025204e-05
emilyjnicolle,0.00012537612838515547,0.0,7.349677758179049e-05,6.225583933025204e-05
emily_wolfram,0.00012537612838515547,0.0,7.349677758179049e-05,6.225583933025204e-05
elonmusk1994,0.00012537612838515547,0.0,7.349677758179049e-05,6.225583933025204e-05
elkmovie,0.00012537612838515547,0.0,7.349677758179049e-05,6.225583933025204e-05
elimi_nate,0.00012537612838515547,0.0,7.349677758179049e-05,6.225583933025204e-05
jac_siuhaj,0.00012537612838515547,0.0,7.349677758179049e-05,6.225583933025204e-05
exotic_onion,0.00012537612838515547,0.0,7.349677758179049e-05,6.225583933025204e-05
icydollar11,0.00012537612838515547,0.0,7.349677758179049e-05,6.225583933025204e-05
icopilots,0.00012537612838515547,0.0,7.349677758179049e-05,6.225583933025204e-05
icklemetickleme,0.00012537612838515547,0.0,7.349677758179049e-05,6.225583933025204e-05
ibrhmkavas,0.00012537612838515547,0.0,7.349677758179049e-05,6.225583933025204e-05
iblameshanemane,0.00012537612838515547,0.0,7.349677758179049e-05,6.225583933025204e-05
iamhtml,0.00012537612838515547,0.0,7.349677758179049e-05,6.225583933025204e-05
iamatalkjockey,0.00012537612838515547,0.0,7.349677758179049e-05,6.225583933025204e-05
iSaBeLIiFaKe1,0.00012537612838515547,0.0,7.349677758179049e-05,6.225583933025204e-05
iOSinformacion,0.00012537612838515547,0.0,7.349677758179049e-05,6.225583933025204e-05
iMacBobT,0.00012537612838515547,0.0,7.349677758179049e-05,6.225583933025204e-05
DoNextUntilDone,0.00012537612838515547,0.0,7.349677758179049e-05,6.225583933025204e-05
Dnl1978,0.00012537612838515547,0.0,7.349677758179049e-05,6.225583933025204e-05
erlabell,0.00012537612838515547,0.0,7.349677758179049e-05,6.225583933025204e-05
Elmachoopresor1,0.00012537612838515547,0.0,7.349677758179049e-05,6.225583933025204e-05
EllisK4Freedom,0.00012537612838515547,0.0,7.349677758179049e-05,6.225583933025204e-05
ElephantInUSA,0.00012537612838515547,0.0,7.349677758179049e-05,6.225583933025204e-05
Elenna79311358,0.00012537612838515547,0.0,7.349677758179049e-05,6.225583933025204e-05
fratto_johnny,0.00012537612838515547,0.0,7.349677758179049e-05,6.225583933025204e-05
foysal1435,0.00012537612838515547,0.0,7.349677758179049e-05,6.225583933025204e-05
follambula,0.00012537612838515547,0.0,7.349677758179049e-05,6.225583933025204e-05
fmbutt,0.00012537612838515547,0.0,7.349677758179049e-05,6.225583933025204e-05
fishindagulf,0.00012537612838515547,0.0,7.349677758179049e-05,6.225583933025204e-05
figue_rl,0.00012537612838515547,0.0,7.349677758179049e-05,6.225583933025204e-05
fifa_professor,0.00012537612838515547,0.0,7.349677758179049e-05,6.225583933025204e-05
EricPerrinDuSud,0.00012537612838515547,0.0,7.349677758179049e-05,6.225583933025204e-05
future_eye,0.00012537612838515547,0.0,7.349677758179049e-05,6.225583933025204e-05
fulgeptic,0.00012537612838515547,0.0,7.349677758179049e-05,6.225583933025204e-05
DjMoon761,0.00012537612838515547,0.0,7.349677758179049e-05,6.225583933025204e-05
eribble,0.00012537612838515547,0.0,7.349677758179049e-05,6.225583933025204e-05
ere4meme,0.00012537612838515547,0.0,7.349677758179049e-05,6.225583933025204e-05
enterprise890,0.00012537612838515547,0.0,7.349677758179049e-05,6.225583933025204e-05
enorconcernme,0.00012537612838515547,0.0,7.349677758179049e-05,6.225583933025204e-05
EsquireErrant,0.00012537612838515547,0.0,7.349677758179049e-05,6.225583933025204e-05
Espinosa89David,0.00012537612838515547,0.0,7.349677758179049e-05,6.225583933025204e-05
DevenBoss,0.00012537612838515547,0.0,7.349677758179049e-05,6.225583933025204e-05
DeveloperDonkey,0.00012537612838515547,0.0,7.349677758179049e-05,6.225583933025204e-05
DesireePrieto,0.00012537612838515547,0.0,7.349677758179049e-05,6.225583933025204e-05
indian_Blore,0.00012537612838515547,0.0,7.349677758179049e-05,6.225583933025204e-05
imsannft,0.00012537612838515547,0.0,7.349677758179049e-05,6.225583933025204e-05
imrafelico,0.00012537612838515547,0.0,7.349677758179049e-05,6.225583933025204e-05
ikeapunker,0.00012537612838515547,0.0,7.349677758179049e-05,6.225583933025204e-05
iheartcorgisd,0.00012537612838515547,0.0,7.349677758179049e-05,6.225583933025204e-05
faadudaddy,0.00012537612838515547,0.0,7.349677758179049e-05,6.225583933025204e-05
DixiKloos,0.00012537612838515547,0.0,7.349677758179049e-05,6.225583933025204e-05
DisasterFemboy,0.00012537612838515547,0.0,7.349677758179049e-05,6.225583933025204e-05
EnchilupeVerde,0.00012537612838515547,0.0,7.349677758179049e-05,6.225583933025204e-05
EnamIbrat,0.00012537612838515547,0.0,7.349677758179049e-05,6.225583933025204e-05
EmilyAnita65,0.00012537612838515547,0.0,7.349677758179049e-05,6.225583933025204e-05
EmanonNamow,0.00012537612838515547,0.0,7.349677758179049e-05,6.225583933025204e-05
Eman856,0.00012537612838515547,0.0,7.349677758179049e-05,6.225583933025204e-05
feloneouscat,0.00012537612838515547,0.0,7.349677758179049e-05,6.225583933025204e-05
felipe_yyc,0.00012537612838515547,0.0,7.349677758179049e-05,6.225583933025204e-05
fede11208820,0.00012537612838515547,0.0,7.349677758179049e-05,6.225583933025204e-05
faridahmalik55,0.00012537612838515547,0.0,7.349677758179049e-05,6.225583933025204e-05
falslev,0.00012537612838515547,0.0,7.349677758179049e-05,6.225583933025204e-05
fadge,0.00012537612838515547,0.0,7.349677758179049e-05,6.225583933025204e-05
fabianrudengren,0.00012537612838515547,0.0,7.349677758179049e-05,6.225583933025204e-05
DjKdj06dz,0.00012537612838515547,0.0,7.349677758179049e-05,6.225583933025204e-05
ahmetselimpb,0.00012537612838515547,0.0,7.349677758179049e-05,6.225583933025204e-05
ahmedtooahm1985,0.00012537612838515547,0.0,7.349677758179049e-05,6.225583933025204e-05
ahmedbenMhamd,0.00012537612838515547,0.0,7.349677758179049e-05,6.225583933025204e-05
afeqveins,0.00012537612838515547,0.0,7.349677758179049e-05,6.225583933025204e-05
aditya942000,0.00012537612838515547,0.0,7.349677758179049e-05,6.225583933025204e-05
addj33,0.00012537612838515547,0.0,7.349677758179049e-05,6.225583933025204e-05
adamsmurphy,0.00012537612838515547,0.0,7.349677758179049e-05,6.225583933025204e-05
aceand8s,0.00012537612838515547,0.0,7.349677758179049e-05,6.225583933025204e-05
abogadodavid_,0.00012537612838515547,0.0,7.349677758179049e-05,6.225583933025204e-05
abdulla90674184,0.00012537612838515547,0.0,7.349677758179049e-05,6.225583933025204e-05
JayReding,0.00012537612838515547,0.0,7.349677758179049e-05,6.225583933025204e-05
JayChen02511962,0.00012537612838515547,0.0,7.349677758179049e-05,6.225583933025204e-05
JasshanM,0.00012537612838515547,0.0,7.349677758179049e-05,6.225583933025204e-05
christo92787346,0.00012537612838515547,0.0,7.349677758179049e-05,6.225583933025204e-05
CarlosRundW,0.00012537612838515547,0.0,7.349677758179049e-05,6.225583933025204e-05
CarlosFig64,0.00012537612838515547,0.0,7.349677758179049e-05,6.225583933025204e-05
CarlFielding13,0.00012537612838515547,0.0,7.349677758179049e-05,6.225583933025204e-05
mojo2555,0.00012537612838515547,0.0,7.349677758179049e-05,6.225583933025204e-05
model3LRBBsappo,0.00012537612838515547,0.0,7.349677758179049e-05,6.225583933025204e-05
mmrmaid,0.00012537612838515547,0.0,7.349677758179049e-05,6.225583933025204e-05
mmartin327,0.00012537612838515547,0.0,7.349677758179049e-05,6.225583933025204e-05
CdW7bFywUUFEpij,0.00012537612838515547,0.0,7.349677758179049e-05,6.225583933025204e-05
JMarkrum,0.00012537612838515547,0.0,7.349677758179049e-05,6.225583933025204e-05
JMIR67,0.00012537612838515547,0.0,7.349677758179049e-05,6.225583933025204e-05
alan_casey,0.00012537612838515547,0.0,7.349677758179049e-05,6.225583933025204e-05
al_x_mq,0.00012537612838515547,0.0,7.349677758179049e-05,6.225583933025204e-05
akoukamukita,0.00012537612838515547,0.0,7.349677758179049e-05,6.225583933025204e-05
akosiNaldex86,0.00012537612838515547,0.0,7.349677758179049e-05,6.225583933025204e-05
JasonStrummer,0.00012537612838515547,0.0,7.349677758179049e-05,6.225583933025204e-05
aakashg0,0.00012537612838515547,0.0,7.349677758179049e-05,6.225583933025204e-05
_smkotaro,0.00012537612838515547,0.0,7.349677758179049e-05,6.225583933025204e-05
_scaramybeloved,0.00012537612838515547,0.0,7.349677758179049e-05,6.225583933025204e-05
_krkr,0.00012537612838515547,0.0,7.349677758179049e-05,6.225583933025204e-05
_dziga_,0.00012537612838515547,0.0,7.349677758179049e-05,6.225583933025204e-05
Jevaughn_Brown,0.00012537612838515547,0.0,7.349677758179049e-05,6.225583933025204e-05
JeratinK,0.00012537612838515547,0.0,7.349677758179049e-05,6.225583933025204e-05
Jella_princeza,0.00012537612838515547,0.0,7.349677758179049e-05,6.225583933025204e-05
CamiloMonsalve4,0.00012537612838515547,0.0,7.349677758179049e-05,6.225583933025204e-05
Cameron42424242,0.00012537612838515547,0.0,7.349677758179049e-05,6.225583933025204e-05
CamNguy59272353,0.00012537612838515547,0.0,7.349677758179049e-05,6.225583933025204e-05
CalebRemington,0.00012537612838515547,0.0,7.349677758179049e-05,6.225583933025204e-05
Caden_MaddPanda,0.00012537612838515547,0.0,7.349677758179049e-05,6.225583933025204e-05
JacobFields,0.00012537612838515547,0.0,7.349677758179049e-05,6.225583933025204e-05
msade27,0.00012537612838515547,0.0,7.349677758179049e-05,6.225583933025204e-05
mrnjaudz,0.00012537612838515547,0.0,7.349677758179049e-05,6.225583933025204e-05
mrgrumpy_2,0.00012537612838515547,0.0,7.349677758179049e-05,6.225583933025204e-05
mrdtanhayeshab,0.00012537612838515547,0.0,7.349677758179049e-05,6.225583933025204e-05
mouhssinbench,0.00012537612838515547,0.0,7.349677758179049e-05,6.225583933025204e-05
morganhlibre,0.00012537612838515547,0.0,7.349677758179049e-05,6.225583933025204e-05
morefm99,0.00012537612838515547,0.0,7.349677758179049e-05,6.225583933025204e-05
monocointr,0.00012537612838515547,0.0,7.349677758179049e-05,6.225583933025204e-05
moneyfreedom19,0.00012537612838515547,0.0,7.349677758179049e-05,6.225583933025204e-05
Casparagusman,0.00012537612838515547,0.0,7.349677758179049e-05,6.225583933025204e-05
CasalesSan,0.00012537612838515547,0.0,7.349677758179049e-05,6.225583933025204e-05
CasJam,0.00012537612838515547,0.0,7.349677758179049e-05,6.225583933025204e-05
CarstensenFritz,0.00012537612838515547,0.0,7.349677758179049e-05,6.225583933025204e-05
CarmeloLepis,0.00012537612838515547,0.0,7.349677758179049e-05,6.225583933025204e-05
muhdridwann,0.00012537612838515547,0.0,7.349677758179049e-05,6.225583933025204e-05
miselorcan,0.00012537612838515547,0.0,7.349677758179049e-05,6.225583933025204e-05
miniai92,0.00012537612838515547,0.0,7.349677758179049e-05,6.225583933025204e-05
mindylee26,0.00012537612838515547,0.0,7.349677758179049e-05,6.225583933025204e-05
mimran36,0.00012537612838515547,0.0,7.349677758179049e-05,6.225583933025204e-05
milivojedespot2,0.00012537612838515547,0.0,7.349677758179049e-05,6.225583933025204e-05
mikumila4919,0.00012537612838515547,0.0,7.349677758179049e-05,6.225583933025204e-05
mikkohaze,0.00012537612838515547,0.0,7.349677758179049e-05,6.225583933025204e-05
mikeywhelan79,0.00012537612838515547,0.0,7.349677758179049e-05,6.225583933025204e-05
mikergarland,0.00012537612838515547,0.0,7.349677758179049e-05,6.225583933025204e-05
mikebon98426334,0.00012537612838515547,0.0,7.349677758179049e-05,6.225583933025204e-05
ChazNFT,0.00012537612838515547,0.0,7.349677758179049e-05,6.225583933025204e-05
angelizcelja,0.00012537612838515547,0.0,7.349677758179049e-05,6.225583933025204e-05
androolloyd,0.00012537612838515547,0.0,7.349677758179049e-05,6.225583933025204e-05
ajhenslo,0.00012537612838515547,0.0,7.349677758179049e-05,6.225583933025204e-05
andrejsirka,0.00012537612838515547,0.0,7.349677758179049e-05,6.225583933025204e-05
andishe05207380,0.00012537612838515547,0.0,7.349677758179049e-05,6.225583933025204e-05
amusezey,0.00012537612838515547,0.0,7.349677758179049e-05,6.225583933025204e-05
JLue80,0.00012537612838515547,0.0,7.349677758179049e-05,6.225583933025204e-05
JJ6692,0.00012537612838515547,0.0,7.349677758179049e-05,6.225583933025204e-05
JGonzalestarget,0.00012537612838515547,0.0,7.349677758179049e-05,6.225583933025204e-05
JCortoMaltes,0.00012537612838515547,0.0,7.349677758179049e-05,6.225583933025204e-05
J915t,0.00012537612838515547,0.0,7.349677758179049e-05,6.225583933025204e-05
Izraelis,0.00012537612838515547,0.0,7.349677758179049e-05,6.225583933025204e-05
Ivaniqui,0.00012537612838515547,0.0,7.349677758179049e-05,6.225583933025204e-05
CharleyBurt1,0.00012537612838515547,0.0,7.349677758179049e-05,6.225583933025204e-05
CharlesYamamot,0.00012537612838515547,0.0,7.349677758179049e-05,6.225583933025204e-05
ChanchuPandey,0.00012537612838515547,0.0,7.349677758179049e-05,6.225583933025204e-05
Chan_nagi112,0.00012537612838515547,0.0,7.349677758179049e-05,6.225583933025204e-05
andreslorquino,0.00012537612838515547,0.0,7.349677758179049e-05,6.225583933025204e-05
aitcheson_r,0.00012537612838515547,0.0,7.349677758179049e-05,6.225583933025204e-05
Jamesz888888,0.00012537612838515547,0.0,7.349677758179049e-05,6.225583933025204e-05
JamesRoyn,0.00012537612838515547,0.0,7.349677758179049e-05,6.225583933025204e-05
James95895463,0.00012537612838515547,0.0,7.349677758179049e-05,6.225583933025204e-05
JakekarlP,0.00012537612838515547,0.0,7.349677758179049e-05,6.225583933025204e-05
JadhavSankalpa,0.00012537612838515547,0.0,7.349677758179049e-05,6.225583933025204e-05
ammeena,0.00012537612838515547,0.0,7.349677758179049e-05,6.225583933025204e-05
amit0202jha,0.00012537612838515547,0.0,7.349677758179049e-05,6.225583933025204e-05
aminememmi2,0.00012537612838515547,0.0,7.349677758179049e-05,6.225583933025204e-05
amatmik,0.00012537612838515547,0.0,7.349677758179049e-05,6.225583933025204e-05
alpha_401k,0.00012537612838515547,0.0,7.349677758179049e-05,6.225583933025204e-05
almostcomfy,0.00012537612838515547,0.0,7.349677758179049e-05,6.225583933025204e-05
almendez,0.00012537612838515547,0.0,7.349677758179049e-05,6.225583933025204e-05
allen_p54,0.00012537612838515547,0.0,7.349677758179049e-05,6.225583933025204e-05
misssanity,0.00012537612838515547,0.0,7.349677758179049e-05,6.225583933025204e-05
alexgrigelis,0.00012537612838515547,0.0,7.349677758179049e-05,6.225583933025204e-05
alemore75,0.00012537612838515547,0.0,7.349677758179049e-05,6.225583933025204e-05
alcoholpoison,0.00012537612838515547,0.0,7.349677758179049e-05,6.225583933025204e-05
albyva,0.00012537612838515547,0.0,7.349677758179049e-05,6.225583933025204e-05
JacekB19860327,0.00012537612838515547,0.0,7.349677758179049e-05,6.225583933025204e-05
JaccoGijben,0.00012537612838515547,0.0,7.349677758179049e-05,6.225583933025204e-05
J_ton_santos,0.00012537612838515547,0.0,7.349677758179049e-05,6.225583933025204e-05
JTelebak,0.00012537612838515547,0.0,7.349677758179049e-05,6.225583933025204e-05
JT16832513,0.00012537612838515547,0.0,7.349677758179049e-05,6.225583933025204e-05
JMeinco,0.00012537612838515547,0.0,7.349677758179049e-05,6.225583933025204e-05
Catta2you,0.00012537612838515547,0.0,7.349677758179049e-05,6.225583933025204e-05
CatchupGladon,0.00012537612838515547,0.0,7.349677758179049e-05,6.225583933025204e-05
CatalinBoc,0.00012537612838515547,0.0,7.349677758179049e-05,6.225583933025204e-05
mjcshort,0.00012537612838515547,0.0,7.349677758179049e-05,6.225583933025204e-05
alexofmd,0.00012537612838515547,0.0,7.349677758179049e-05,6.225583933025204e-05
BunkyDD,0.00012537612838515547,0.0,7.349677758179049e-05,6.225583933025204e-05
notabigdeal111,0.00012537612838515547,0.0,7.349677758179049e-05,6.225583933025204e-05
notaalien420,0.00012537612838515547,0.0,7.349677758179049e-05,6.225583933025204e-05
not_a_herd,0.00012537612838515547,0.0,7.349677758179049e-05,6.225583933025204e-05
nomujo,0.00012537612838515547,0.0,7.349677758179049e-05,6.225583933025204e-05
nomadJinvest,0.00012537612838515547,0.0,7.349677758179049e-05,6.225583933025204e-05
noizepreacher,0.00012537612838515547,0.0,7.349677758179049e-05,6.225583933025204e-05
noel_grimming,0.00012537612838515547,0.0,7.349677758179049e-05,6.225583933025204e-05
Cachiporro3,0.00012537612838515547,0.0,7.349677758179049e-05,6.225583933025204e-05
CYL368464,0.00012537612838515547,0.0,7.349677758179049e-05,6.225583933025204e-05
CTtheDisrupter,0.00012537612838515547,0.0,7.349677758179049e-05,6.225583933025204e-05
CR250Crasher,0.00012537612838515547,0.0,7.349677758179049e-05,6.225583933025204e-05
JohnCon89879921,0.00012537612838515547,0.0,7.349677758179049e-05,6.225583933025204e-05
JanetNe73624057,0.00012537612838515547,0.0,7.349677758179049e-05,6.225583933025204e-05
JohnAnth61,0.00012537612838515547,0.0,7.349677758179049e-05,6.225583933025204e-05
JohnA_USMCvet,0.00012537612838515547,0.0,7.349677758179049e-05,6.225583933025204e-05
John42402,0.00012537612838515547,0.0,7.349677758179049e-05,6.225583933025204e-05
Yul__haru,0.00012537612838515547,0.0,7.349677758179049e-05,6.225583933025204e-05
YodaGunk,0.00012537612838515547,0.0,7.349677758179049e-05,6.225583933025204e-05
Yeshaya86,0.00012537612838515547,0.0,7.349677758179049e-05,6.225583933025204e-05
Yernomosqueao,0.00012537612838515547,0.0,7.349677758179049e-05,6.225583933025204e-05
Yabb_onl,0.00012537612838515547,0.0,7.349677758179049e-05,6.225583933025204e-05
XorOneself,0.00012537612838515547,0.0,7.349677758179049e-05,6.225583933025204e-05
XimedeChile,0.00012537612838515547,0.0,7.349677758179049e-05,6.225583933025204e-05
JuanRicardoDiaz,0.00012537612838515547,0.0,7.349677758179049e-05,6.225583933025204e-05
JuanMiguelAlfa4,0.00012537612838515547,0.0,7.349677758179049e-05,6.225583933025204e-05
Jrgen31,0.00012537612838515547,0.0,7.349677758179049e-05,6.225583933025204e-05
JimmyTsang0327,0.00012537612838515547,0.0,7.349677758179049e-05,6.225583933025204e-05
JohnCam97360054,0.00012537612838515547,0.0,7.349677758179049e-05,6.225583933025204e-05
o2bcd8ed,0.00012537612838515547,0.0,7.349677758179049e-05,6.225583933025204e-05
nylgk,0.00012537612838515547,0.0,7.349677758179049e-05,6.225583933025204e-05
nurdtwitt,0.00012537612838515547,0.0,7.349677758179049e-05,6.225583933025204e-05
nunya_bill,0.00012537612838515547,0.0,7.349677758179049e-05,6.225583933025204e-05
noy__poke,0.00012537612838515547,0.0,7.349677758179049e-05,6.225583933025204e-05
novinhotaubate,0.00012537612838515547,0.0,7.349677758179049e-05,6.225583933025204e-05
notmarvc,0.00012537612838515547,0.0,7.349677758179049e-05,6.225583933025204e-05
WordsMayHeal,0.00012537612838515547,0.0,7.349677758179049e-05,6.225583933025204e-05
WondyMan,0.00012537612838515547,0.0,7.349677758179049e-05,6.225583933025204e-05
WizWt,0.00012537612838515547,0.0,7.349677758179049e-05,6.225583933025204e-05
WinterEracer,0.00012537612838515547,0.0,7.349677758179049e-05,6.225583933025204e-05
Winston_Ax,0.00012537612838515547,0.0,7.349677758179049e-05,6.225583933025204e-05
WingelWongel,0.00012537612838515547,0.0,7.349677758179049e-05,6.225583933025204e-05
World__Guru,0.00012537612838515547,0.0,7.349677758179049e-05,6.225583933025204e-05
William_J_Hurst,0.00012537612838515547,0.0,7.349677758179049e-05,6.225583933025204e-05
Will55410296,0.00012537612838515547,0.0,7.349677758179049e-05,6.225583933025204e-05
WhompyWombat,0.00012537612838515547,0.0,7.349677758179049e-05,6.225583933025204e-05
JoseHai11,0.00012537612838515547,0.0,7.349677758179049e-05,6.225583933025204e-05
JosMarq68403179,0.00012537612838515547,0.0,7.349677758179049e-05,6.225583933025204e-05
JorgeAmooooooor,0.00012537612838515547,0.0,7.349677758179049e-05,6.225583933025204e-05
JordanPeterj,0.00012537612838515547,0.0,7.349677758179049e-05,6.225583933025204e-05
JonesyWestches1,0.00012537612838515547,0.0,7.349677758179049e-05,6.225583933025204e-05
Joker14770813,0.00012537612838515547,0.0,7.349677758179049e-05,6.225583933025204e-05
X_E_ntropy,0.00012537612838515547,0.0,7.349677758179049e-05,6.225583933025204e-05
XRPcryptoshark,0.00012537612838515547,0.0,7.349677758179049e-05,6.225583933025204e-05
X1j792,0.00012537612838515547,0.0,7.349677758179049e-05,6.225583933025204e-05
WyvernDrexx,0.00012537612838515547,0.0,7.349677758179049e-05,6.225583933025204e-05
11_alv,0.00012537612838515547,0.0,7.349677758179049e-05,6.225583933025204e-05
WilsonC57102397,0.00012537612838515547,0.0,7.349677758179049e-05,6.225583933025204e-05
JcGarcia925,0.00012537612838515547,0.0,7.349677758179049e-05,6.225583933025204e-05
JayRembert2,0.00012537612838515547,0.0,7.349677758179049e-05,6.225583933025204e-05
_diamondheart11,0.00012537612838515547,0.0,7.349677758179049e-05,6.225583933025204e-05
_chileno__,0.00012537612838515547,0.0,7.349677758179049e-05,6.225583933025204e-05
__lacin,0.00012537612838515547,0.0,7.349677758179049e-05,6.225583933025204e-05
___freespeech,0.00012537612838515547,0.0,7.349677758179049e-05,6.225583933025204e-05
_Peter_Lion,0.00012537612838515547,0.0,7.349677758179049e-05,6.225583933025204e-05
_MirrorMan,0.00012537612838515547,0.0,7.349677758179049e-05,6.225583933025204e-05
_Mianadil,0.00012537612838515547,0.0,7.349677758179049e-05,6.225583933025204e-05
_II_ANEHTA,0.00012537612838515547,0.0,7.349677758179049e-05,6.225583933025204e-05
_DJTrunks,0.00012537612838515547,0.0,7.349677758179049e-05,6.225583933025204e-05
_D00ly_,0.00012537612838515547,0.0,7.349677758179049e-05,6.225583933025204e-05
_Akatis_,0.00012537612838515547,0.0,7.349677758179049e-05,6.225583933025204e-05
JimmyMaybay,0.00012537612838515547,0.0,7.349677758179049e-05,6.225583933025204e-05
Jo25182640,0.00012537612838515547,0.0,7.349677758179049e-05,6.225583933025204e-05
Jlobean,0.00012537612838515547,0.0,7.349677758179049e-05,6.225583933025204e-05
Jkzeuschronos,0.00012537612838515547,0.0,7.349677758179049e-05,6.225583933025204e-05
nazanin_bh7,0.00012537612838515547,0.0,7.349677758179049e-05,6.225583933025204e-05
naximaswow,0.00012537612838515547,0.0,7.349677758179049e-05,6.225583933025204e-05
nakabuchaka,0.00012537612838515547,0.0,7.349677758179049e-05,6.225583933025204e-05
mystery_leciel,0.00012537612838515547,0.0,7.349677758179049e-05,6.225583933025204e-05
mxaxmxd,0.00012537612838515547,0.0,7.349677758179049e-05,6.225583933025204e-05
mustangmek,0.00012537612838515547,0.0,7.349677758179049e-05,6.225583933025204e-05
mustafa85814529,0.00012537612838515547,0.0,7.349677758179049e-05,6.225583933025204e-05
mus74rd,0.00012537612838515547,0.0,7.349677758179049e-05,6.225583933025204e-05
Canhas1907,0.00012537612838515547,0.0,7.349677758179049e-05,6.225583933025204e-05
CamperNorwich,0.00012537612838515547,0.0,7.349677758179049e-05,6.225583933025204e-05
JarekLity,0.00012537612838515547,0.0,7.349677758179049e-05,6.225583933025204e-05
JoaoMSBarbosa,0.00012537612838515547,0.0,7.349677758179049e-05,6.225583933025204e-05
Jim03878223,0.00012537612838515547,0.0,7.349677758179049e-05,6.225583933025204e-05
JgoBluewave,0.00012537612838515547,0.0,7.349677758179049e-05,6.225583933025204e-05
ZokiNS,0.00012537612838515547,0.0,7.349677758179049e-05,6.225583933025204e-05
Zohaibkhans7,0.00012537612838515547,0.0,7.349677758179049e-05,6.225583933025204e-05
Zoestolt,0.00012537612838515547,0.0,7.349677758179049e-05,6.225583933025204e-05
ZilDaddy,0.00012537612838515547,0.0,7.349677758179049e-05,6.225583933025204e-05
ZiggyZackary,0.00012537612838515547,0.0,7.349677758179049e-05,6.225583933025204e-05
Zesnir,0.00012537612838515547,0.0,7.349677758179049e-05,6.225583933025204e-05
JohnsonGeeta,0.00012537612838515547,0.0,7.349677758179049e-05,6.225583933025204e-05
Johnhender240,0.00012537612838515547,0.0,7.349677758179049e-05,6.225583933025204e-05
JohnTiter9,0.00012537612838515547,0.0,7.349677758179049e-05,6.225583933025204e-05
CKesselman,0.00012537612838515547,0.0,7.349677758179049e-05,6.225583933025204e-05
CJ_NFA,0.00012537612838515547,0.0,7.349677758179049e-05,6.225583933025204e-05
CHIRAGARYADEEP,0.00012537612838515547,0.0,7.349677758179049e-05,6.225583933025204e-05
ndeanbos,0.00012537612838515547,0.0,7.349677758179049e-05,6.225583933025204e-05
CDoncorleone,0.00012537612838515547,0.0,7.349677758179049e-05,6.225583933025204e-05
CDidits,0.00012537612838515547,0.0,7.349677758179049e-05,6.225583933025204e-05
nitnelyn94,0.00012537612838515547,0.0,7.349677758179049e-05,6.225583933025204e-05
nikq,0.00012537612838515547,0.0,7.349677758179049e-05,6.225583933025204e-05
niknakkin69,0.00012537612838515547,0.0,7.349677758179049e-05,6.225583933025204e-05
nightygil,0.00012537612838515547,0.0,7.349677758179049e-05,6.225583933025204e-05
nftmoob,0.00012537612838515547,0.0,7.349677758179049e-05,6.225583933025204e-05
nft_khooloov,0.00012537612838515547,0.0,7.349677758179049e-05,6.225583933025204e-05
nft_beach,0.00012537612838515547,0.0,7.349677758179049e-05,6.225583933025204e-05
nettirikki,0.00012537612838515547,0.0,7.349677758179049e-05,6.225583933025204e-05
neskensb,0.00012537612838515547,0.0,7.349677758179049e-05,6.225583933025204e-05
neojavanica,0.00012537612838515547,0.0,7.349677758179049e-05,6.225583933025204e-05
nekotamilky,0.00012537612838515547,0.0,7.349677758179049e-05,6.225583933025204e-05
neilrieck,0.00012537612838515547,0.0,7.349677758179049e-05,6.225583933025204e-05
CHAntony1,0.00012537612838515547,0.0,7.349677758179049e-05,6.225583933025204e-05
lu_stacy,0.00012537612838515547,0.0,7.349677758179049e-05,6.225583933025204e-05
loveablecass,0.00012537612838515547,0.0,7.349677758179049e-05,6.225583933025204e-05
lotus_cat0,0.00012537612838515547,0.0,7.349677758179049e-05,6.225583933025204e-05
lordpbk,0.00012537612838515547,0.0,7.349677758179049e-05,6.225583933025204e-05
longdeqingyun2,0.00012537612838515547,0.0,7.349677758179049e-05,6.225583933025204e-05
loksado_river,0.00012537612838515547,0.0,7.349677758179049e-05,6.225583933025204e-05
Cowcumber,0.00012537612838515547,0.0,7.349677758179049e-05,6.225583933025204e-05
Cowboys4Life49,0.00012537612838515547,0.0,7.349677758179049e-05,6.225583933025204e-05
CounselNet,0.00012537612838515547,0.0,7.349677758179049e-05,6.225583933025204e-05
Corvus_corone99,0.00012537612838515547,0.0,7.349677758179049e-05,6.225583933025204e-05
Heather_Poole,0.00012537612838515547,0.0,7.349677758179049e-05,6.225583933025204e-05
HeartkidE,0.00012537612838515547,0.0,7.349677758179049e-05,6.225583933025204e-05
HaveNophir,0.00012537612838515547,0.0,7.349677758179049e-05,6.225583933025204e-05
ChadStallard2,0.00012537612838515547,0.0,7.349677758179049e-05,6.225583933025204e-05
HardcoreNick1,0.00012537612838515547,0.0,7.349677758179049e-05,6.225583933025204e-05
bummelbahner,0.00012537612838515547,0.0,7.349677758179049e-05,6.225583933025204e-05
bullet52,0.00012537612838515547,0.0,7.349677758179049e-05,6.225583933025204e-05
bulentozkan61,0.00012537612838515547,0.0,7.349677758179049e-05,6.225583933025204e-05
bsumo29,0.00012537612838515547,0.0,7.349677758179049e-05,6.225583933025204e-05
bstrat515,0.00012537612838515547,0.0,7.349677758179049e-05,6.225583933025204e-05
HD2onPBdotcom,0.00012537612838515547,0.0,7.349677758179049e-05,6.225583933025204e-05
caedemmo,0.00012537612838515547,0.0,7.349677758179049e-05,6.225583933025204e-05
bxr1028,0.00012537612838515547,0.0,7.349677758179049e-05,6.225583933025204e-05
bwireluther,0.00012537612838515547,0.0,7.349677758179049e-05,6.225583933025204e-05
burnthesoy,0.00012537612838515547,0.0,7.349677758179049e-05,6.225583933025204e-05
HectorHeath,0.00012537612838515547,0.0,7.349677758179049e-05,6.225583933025204e-05
lngminh266,0.00012537612838515547,0.0,7.349677758179049e-05,6.225583933025204e-05
livetogro,0.00012537612838515547,0.0,7.349677758179049e-05,6.225583933025204e-05
HarryKitt3,0.00012537612838515547,0.0,7.349677758179049e-05,6.225583933025204e-05
maiartworks,0.00012537612838515547,0.0,7.349677758179049e-05,6.225583933025204e-05
madridvk,0.00012537612838515547,0.0,7.349677758179049e-05,6.225583933025204e-05
maddmatty03,0.00012537612838515547,0.0,7.349677758179049e-05,6.225583933025204e-05
macrules314,0.00012537612838515547,0.0,7.349677758179049e-05,6.225583933025204e-05
machaves,0.00012537612838515547,0.0,7.349677758179049e-05,6.225583933025204e-05
macdaddy2112,0.00012537612838515547,0.0,7.349677758179049e-05,6.225583933025204e-05
macaba_72,0.00012537612838515547,0.0,7.349677758179049e-05,6.225583933025204e-05
mac__steele,0.00012537612838515547,0.0,7.349677758179049e-05,6.225583933025204e-05
maMngomezul,0.00012537612838515547,0.0,7.349677758179049e-05,6.225583933025204e-05
m_obendorfer,0.00012537612838515547,0.0,7.349677758179049e-05,6.225583933025204e-05
ColmeHugo,0.00012537612838515547,0.0,7.349677758179049e-05,6.225583933025204e-05
bsant54,0.00012537612838515547,0.0,7.349677758179049e-05,6.225583933025204e-05
brunoegwumba,0.00012537612838515547,0.0,7.349677758179049e-05,6.225583933025204e-05
lucapasturini,0.00012537612838515547,0.0,7.349677758179049e-05,6.225583933025204e-05
bridget_ones,0.00012537612838515547,0.0,7.349677758179049e-05,6.225583933025204e-05
brian_tev,0.00012537612838515547,0.0,7.349677758179049e-05,6.225583933025204e-05
brett60196015,0.00012537612838515547,0.0,7.349677758179049e-05,6.225583933025204e-05
brad50676516,0.00012537612838515547,0.0,7.349677758179049e-05,6.225583933025204e-05
bpatton00,0.00012537612838515547,0.0,7.349677758179049e-05,6.225583933025204e-05
bot09112001,0.00012537612838515547,0.0,7.349677758179049e-05,6.225583933025204e-05
boom_sausage,0.00012537612838515547,0.0,7.349677758179049e-05,6.225583933025204e-05
HocKeysidhu,0.00012537612838515547,0.0,7.349677758179049e-05,6.225583933025204e-05
Hirn_Ausschlag,0.00012537612838515547,0.0,7.349677758179049e-05,6.225583933025204e-05
HeyItsChris89,0.00012537612838515547,0.0,7.349677758179049e-05,6.225583933025204e-05
HesperideT,0.00012537612838515547,0.0,7.349677758179049e-05,6.225583933025204e-05
mVesT9E9wRsVjOA,0.00012537612838515547,0.0,7.349677758179049e-05,6.225583933025204e-05
mNahiBataonga,0.00012537612838515547,0.0,7.349677758179049e-05,6.225583933025204e-05
lweisenthal,0.00012537612838515547,0.0,7.349677758179049e-05,6.225583933025204e-05
bruce_boutell,0.00012537612838515547,0.0,7.349677758179049e-05,6.225583933025204e-05
Grey0187,0.00012537612838515547,0.0,7.349677758179049e-05,6.225583933025204e-05
GreenTreeVSYM,0.00012537612838515547,0.0,7.349677758179049e-05,6.225583933025204e-05
Greateastern17,0.00012537612838515547,0.0,7.349677758179049e-05,6.225583933025204e-05
CryptoDictiona2,0.00012537612838515547,0.0,7.349677758179049e-05,6.225583933025204e-05
Cryptikwriter,0.00012537612838515547,0.0,7.349677758179049e-05,6.225583933025204e-05
Cryptid_71,0.00012537612838515547,0.0,7.349677758179049e-05,6.225583933025204e-05
Crypjw23,0.00012537612838515547,0.0,7.349677758179049e-05,6.225583933025204e-05
Crveh,0.00012537612838515547,0.0,7.349677758179049e-05,6.225583933025204e-05
CrushingLife81,0.00012537612838515547,0.0,7.349677758179049e-05,6.225583933025204e-05
CrippWiz,0.00012537612838515547,0.0,7.349677758179049e-05,6.225583933025204e-05
leonardibanez,0.00012537612838515547,0.0,7.349677758179049e-05,6.225583933025204e-05
lemongrasschili,0.00012537612838515547,0.0,7.349677758179049e-05,6.225583933025204e-05
lemekeosborn1,0.00012537612838515547,0.0,7.349677758179049e-05,6.225583933025204e-05
lisigonz,0.00012537612838515547,0.0,7.349677758179049e-05,6.225583933025204e-05
learnlivegrow1,0.00012537612838515547,0.0,7.349677758179049e-05,6.225583933025204e-05
larrybi88,0.00012537612838515547,0.0,7.349677758179049e-05,6.225583933025204e-05
langcatmike,0.00012537612838515547,0.0,7.349677758179049e-05,6.225583933025204e-05
laminario,0.00012537612838515547,0.0,7.349677758179049e-05,6.225583933025204e-05
lalasteele_,0.00012537612838515547,0.0,7.349677758179049e-05,6.225583933025204e-05
laemmerbiss,0.00012537612838515547,0.0,7.349677758179049e-05,6.225583933025204e-05
lMukembi,0.00012537612838515547,0.0,7.349677758179049e-05,6.225583933025204e-05
Goldfiinger77,0.00012537612838515547,0.0,7.349677758179049e-05,6.225583933025204e-05
GoldenSteveBike,0.00012537612838515547,0.0,7.349677758179049e-05,6.225583933025204e-05
Godismyjudge16,0.00012537612838515547,0.0,7.349677758179049e-05,6.225583933025204e-05
GnomonChronicl1,0.00012537612838515547,0.0,7.349677758179049e-05,6.225583933025204e-05
GmeImmortan,0.00012537612838515547,0.0,7.349677758179049e-05,6.225583933025204e-05
ciber_chewy,0.00012537612838515547,0.0,7.349677758179049e-05,6.225583933025204e-05
chuckkoba,0.00012537612838515547,0.0,7.349677758179049e-05,6.225583933025204e-05
legal_back,0.00012537612838515547,0.0,7.349677758179049e-05,6.225583933025204e-05
limits_stop,0.00012537612838515547,0.0,7.349677758179049e-05,6.225583933025204e-05
lilacsnlavender,0.00012537612838515547,0.0,7.349677758179049e-05,6.225583933025204e-05
lidijad,0.00012537612838515547,0.0,7.349677758179049e-05,6.225583933025204e-05
CryptoMatt357,0.00012537612838515547,0.0,7.349677758179049e-05,6.225583933025204e-05
CryptoEGA,0.00012537612838515547,0.0,7.349677758179049e-05,6.225583933025204e-05
captain_darsh,0.00012537612838515547,0.0,7.349677758179049e-05,6.225583933025204e-05
capitalistchimp,0.00012537612838515547,0.0,7.349677758179049e-05,6.225583933025204e-05
camelotshadow,0.00012537612838515547,0.0,7.349677758179049e-05,6.225583933025204e-05
calenko,0.00012537612838515547,0.0,7.349677758179049e-05,6.225583933025204e-05
Hanx896,0.00012537612838515547,0.0,7.349677758179049e-05,6.225583933025204e-05
HannuHsiipola,0.00012537612838515547,0.0,7.349677758179049e-05,6.225583933025204e-05
HanhHuuHo,0.00012537612838515547,0.0,7.349677758179049e-05,6.225583933025204e-05
HamrickPaul,0.00012537612838515547,0.0,7.349677758179049e-05,6.225583933025204e-05
Halftilted1,0.00012537612838515547,0.0,7.349677758179049e-05,6.225583933025204e-05
GrrlDivergent,0.00012537612838515547,0.0,7.349677758179049e-05,6.225583933025204e-05
HabsHkg,0.00012537612838515547,0.0,7.349677758179049e-05,6.225583933025204e-05
HPL_id5,0.00012537612838515547,0.0,7.349677758179049e-05,6.225583933025204e-05
cherrib0424,0.00012537612838515547,0.0,7.349677758179049e-05,6.225583933025204e-05
checkitoutFRG,0.00012537612838515547,0.0,7.349677758179049e-05,6.225583933025204e-05
chaserobertsonn,0.00012537612838515547,0.0,7.349677758179049e-05,6.225583933025204e-05
chacha_marquis,0.00012537612838515547,0.0,7.349677758179049e-05,6.225583933025204e-05
cfcarballo,0.00012537612838515547,0.0,7.349677758179049e-05,6.225583933025204e-05
cesarvaldez51,0.00012537612838515547,0.0,7.349677758179049e-05,6.225583933025204e-05
catw37,0.00012537612838515547,0.0,7.349677758179049e-05,6.225583933025204e-05
carrfrank2,0.00012537612838515547,0.0,7.349677758179049e-05,6.225583933025204e-05
carolw,0.00012537612838515547,0.0,7.349677758179049e-05,6.225583933025204e-05
GuillermoRein,0.00012537612838515547,0.0,7.349677758179049e-05,6.225583933025204e-05
GuileZb,0.00012537612838515547,0.0,7.349677758179049e-05,6.225583933025204e-05
GtcMichu,0.00012537612838515547,0.0,7.349677758179049e-05,6.225583933025204e-05
Hal9000Ingram,0.00012537612838515547,0.0,7.349677758179049e-05,6.225583933025204e-05
maurisilvalen,0.00012537612838515547,0.0,7.349677758179049e-05,6.225583933025204e-05
matthewlittlemp,0.00012537612838515547,0.0,7.349677758179049e-05,6.225583933025204e-05
matthew_driver,0.00012537612838515547,0.0,7.349677758179049e-05,6.225583933025204e-05
ChixRivahVA,0.00012537612838515547,0.0,7.349677758179049e-05,6.225583933025204e-05
ChinnyCharles3,0.00012537612838515547,0.0,7.349677758179049e-05,6.225583933025204e-05
Clareyemms,0.00012537612838515547,0.0,7.349677758179049e-05,6.225583933025204e-05
ChuckChirac,0.00012537612838515547,0.0,7.349677758179049e-05,6.225583933025204e-05
Christo63991004,0.00012537612838515547,0.0,7.349677758179049e-05,6.225583933025204e-05
Individ02501777,0.00012537612838515547,0.0,7.349677758179049e-05,6.225583933025204e-05
InaPutin,0.00012537612838515547,0.0,7.349677758179049e-05,6.225583933025204e-05
IgFran8791,0.00012537612838515547,0.0,7.349677758179049e-05,6.225583933025204e-05
IQPKhFf3ELXWsGg,0.00012537612838515547,0.0,7.349677758179049e-05,6.225583933025204e-05
asynjurfree2,0.00012537612838515547,0.0,7.349677758179049e-05,6.225583933025204e-05
II_Legit_IIQuit,0.00012537612838515547,0.0,7.349677758179049e-05,6.225583933025204e-05
asukamaxwell02,0.00012537612838515547,0.0,7.349677758179049e-05,6.225583933025204e-05
astralgemsco,0.00012537612838515547,0.0,7.349677758179049e-05,6.225583933025204e-05
assplayjockey,0.00012537612838515547,0.0,7.349677758179049e-05,6.225583933025204e-05
arwarr02,0.00012537612838515547,0.0,7.349677758179049e-05,6.225583933025204e-05
ChrisScottsdale,0.00012537612838515547,0.0,7.349677758179049e-05,6.225583933025204e-05
ChrisCYVR,0.00012537612838515547,0.0,7.349677758179049e-05,6.225583933025204e-05
Chris818818,0.00012537612838515547,0.0,7.349677758179049e-05,6.225583933025204e-05
marvinagoori,0.00012537612838515547,0.0,7.349677758179049e-05,6.225583933025204e-05
maruko__bnf,0.00012537612838515547,0.0,7.349677758179049e-05,6.225583933025204e-05
marsenco1,0.00012537612838515547,0.0,7.349677758179049e-05,6.225583933025204e-05
mark_mbmccarthy,0.00012537612838515547,0.0,7.349677758179049e-05,6.225583933025204e-05
mark_kieran,0.00012537612838515547,0.0,7.349677758179049e-05,6.225583933025204e-05
mario_lakus,0.00012537612838515547,0.0,7.349677758179049e-05,6.225583933025204e-05
mariekeboonstra,0.00012537612838515547,0.0,7.349677758179049e-05,6.225583933025204e-05
asvkryyo,0.00012537612838515547,0.0,7.349677758179049e-05,6.225583933025204e-05
mieisgood,0.00012537612838515547,0.0,7.349677758179049e-05,6.225583933025204e-05
michael_rigoni,0.00012537612838515547,0.0,7.349677758179049e-05,6.225583933025204e-05
mgmg_love3142,0.00012537612838515547,0.0,7.349677758179049e-05,6.225583933025204e-05
mexcalito500,0.00012537612838515547,0.0,7.349677758179049e-05,6.225583933025204e-05
metaGraveGo,0.00012537612838515547,0.0,7.349677758179049e-05,6.225583933025204e-05
mercheiglesiasc,0.00012537612838515547,0.0,7.349677758179049e-05,6.225583933025204e-05
mentaei,0.00012537612838515547,0.0,7.349677758179049e-05,6.225583933025204e-05
artmoj,0.00012537612838515547,0.0,7.349677758179049e-05,6.225583933025204e-05
arko_dash,0.00012537612838515547,0.0,7.349677758179049e-05,6.225583933025204e-05
aribo,0.00012537612838515547,0.0,7.349677758179049e-05,6.225583933025204e-05
arcanograph,0.00012537612838515547,0.0,7.349677758179049e-05,6.225583933025204e-05
appasahebkadam,0.00012537612838515547,0.0,7.349677758179049e-05,6.225583933025204e-05
apathetic_geek,0.00012537612838515547,0.0,7.349677758179049e-05,6.225583933025204e-05
maxovich8,0.00012537612838515547,0.0,7.349677758179049e-05,6.225583933025204e-05
anto1979,0.00012537612838515547,0.0,7.349677758179049e-05,6.225583933025204e-05
anshnayan_15,0.00012537612838515547,0.0,7.349677758179049e-05,6.225583933025204e-05
anon117381,0.00012537612838515547,0.0,7.349677758179049e-05,6.225583933025204e-05
Isthiswhatyouw2,0.00012537612838515547,0.0,7.349677758179049e-05,6.225583933025204e-05
IronBatJJ,0.00012537612838515547,0.0,7.349677758179049e-05,6.225583933025204e-05
Invest4finance,0.00012537612838515547,0.0,7.349677758179049e-05,6.225583933025204e-05
Inugamiz,0.00012537612838515547,0.0,7.349677758179049e-05,6.225583933025204e-05
mejashtv,0.00012537612838515547,0.0,7.349677758179049e-05,6.225583933025204e-05
mdash91,0.00012537612838515547,0.0,7.349677758179049e-05,6.225583933025204e-05
mcqueen652,0.00012537612838515547,0.0,7.349677758179049e-05,6.225583933025204e-05
mcgck6insulator,0.00012537612838515547,0.0,7.349677758179049e-05,6.225583933025204e-05
mcbrother9,0.00012537612838515547,0.0,7.349677758179049e-05,6.225583933025204e-05
mbruck8,0.00012537612838515547,0.0,7.349677758179049e-05,6.225583933025204e-05
mayorsalty,0.00012537612838515547,0.0,7.349677758179049e-05,6.225583933025204e-05
antonsterenborg,0.00012537612838515547,0.0,7.349677758179049e-05,6.225583933025204e-05
beeceedo,0.00012537612838515547,0.0,7.349677758179049e-05,6.225583933025204e-05
beahntweet,0.00012537612838515547,0.0,7.349677758179049e-05,6.225583933025204e-05
bdcecil,0.00012537612838515547,0.0,7.349677758179049e-05,6.225583933025204e-05
bchadhill,0.00012537612838515547,0.0,7.349677758179049e-05,6.225583933025204e-05
basssavant1976,0.00012537612838515547,0.0,7.349677758179049e-05,6.225583933025204e-05
bashbro_tof,0.00012537612838515547,0.0,7.349677758179049e-05,6.225583933025204e-05
barronorange1,0.00012537612838515547,0.0,7.349677758179049e-05,6.225583933025204e-05
bamskki,0.00012537612838515547,0.0,7.349677758179049e-05,6.225583933025204e-05
marcel73_,0.00012537612838515547,0.0,7.349677758179049e-05,6.225583933025204e-05
manuelgran65,0.00012537612838515547,0.0,7.349677758179049e-05,6.225583933025204e-05
manuel_s_wagner,0.00012537612838515547,0.0,7.349677758179049e-05,6.225583933025204e-05
mangop818,0.00012537612838515547,0.0,7.349677758179049e-05,6.225583933025204e-05
Heng_ova_2,0.00012537612838515547,0.0,7.349677758179049e-05,6.225583933025204e-05
marieaire,0.00012537612838515547,0.0,7.349677758179049e-05,6.225583933025204e-05
Helena1993i,0.00012537612838515547,0.0,7.349677758179049e-05,6.225583933025204e-05
blueherring,0.00012537612838515547,0.0,7.349677758179049e-05,6.225583933025204e-05
blueeyes_micky,0.00012537612838515547,0.0,7.349677758179049e-05,6.225583933025204e-05
bjh1776,0.00012537612838515547,0.0,7.349677758179049e-05,6.225583933025204e-05
bitpertinax,0.00012537612838515547,0.0,7.349677758179049e-05,6.225583933025204e-05
bitchelations01,0.00012537612838515547,0.0,7.349677758179049e-05,6.225583933025204e-05
bill7x7,0.00012537612838515547,0.0,7.349677758179049e-05,6.225583933025204e-05
bicarboniato,0.00012537612838515547,0.0,7.349677758179049e-05,6.225583933025204e-05
bhushanecomm,0.00012537612838515547,0.0,7.349677758179049e-05,6.225583933025204e-05
HueVanguard,0.00012537612838515547,0.0,7.349677758179049e-05,6.225583933025204e-05
HorseSpotter,0.00012537612838515547,0.0,7.349677758179049e-05,6.225583933025204e-05
HoneyJamTesla,0.00012537612838515547,0.0,7.349677758179049e-05,6.225583933025204e-05
HolyNikolaTesla,0.00012537612838515547,0.0,7.349677758179049e-05,6.225583933025204e-05
HoedjeBE,0.00012537612838515547,0.0,7.349677758179049e-05,6.225583933025204e-05
Helloimmyrtle,0.00012537612838515547,0.0,7.349677758179049e-05,6.225583933025204e-05
margie_teufel,0.00012537612838515547,0.0,7.349677758179049e-05,6.225583933025204e-05
marcovoltaico,0.00012537612838515547,0.0,7.349677758179049e-05,6.225583933025204e-05
marchtrain,0.00012537612838515547,0.0,7.349677758179049e-05,6.225583933025204e-05
baltolstoyevski,0.00012537612838515547,0.0,7.349677758179049e-05,6.225583933025204e-05
badgerboyjake,0.00012537612838515547,0.0,7.349677758179049e-05,6.225583933025204e-05
backyardsage,0.00012537612838515547,0.0,7.349677758179049e-05,6.225583933025204e-05
azuremouse,0.00012537612838515547,0.0,7.349677758179049e-05,6.225583933025204e-05
ayejuice,0.00012537612838515547,0.0,7.349677758179049e-05,6.225583933025204e-05
ayapuay,0.00012537612838515547,0.0,7.349677758179049e-05,6.225583933025204e-05
awalidjann,0.00012537612838515547,0.0,7.349677758179049e-05,6.225583933025204e-05
avizyt,0.00012537612838515547,0.0,7.349677758179049e-05,6.225583933025204e-05
auslee711,0.00012537612838515547,0.0,7.349677758179049e-05,6.225583933025204e-05
augustreigns,0.00012537612838515547,0.0,7.349677758179049e-05,6.225583933025204e-05
auctionkingatl,0.00012537612838515547,0.0,7.349677758179049e-05,6.225583933025204e-05
bellaluna0101,0.00012537612838515547,0.0,7.349677758179049e-05,6.225583933025204e-05
atlast4life,0.00012537612838515547,0.0,7.349677758179049e-05,6.225583933025204e-05
InterceptorJay,0.00012537612838515547,0.0,7.349677758179049e-05,6.225583933025204e-05
InkyMoenn,0.00012537612838515547,0.0,7.349677758179049e-05,6.225583933025204e-05
InitiativeRaum1,0.00012537612838515547,0.0,7.349677758179049e-05,6.225583933025204e-05
Infoagerevolt,0.00012537612838515547,0.0,7.349677758179049e-05,6.225583933025204e-05
IEOUAMS_,0.00012537612838515547,0.0,7.349677758179049e-05,6.225583933025204e-05
HzFinch,0.00012537612838515547,0.0,7.349677758179049e-05,6.225583933025204e-05
Hyper_Falcon,0.00012537612838515547,0.0,7.349677758179049e-05,6.225583933025204e-05
HyladeeBanu_AG,0.00012537612838515547,0.0,7.349677758179049e-05,6.225583933025204e-05
HuwAWilliams,0.00012537612838515547,0.0,7.349677758179049e-05,6.225583933025204e-05
Huseyinn4701,0.00012537612838515547,0.0,7.349677758179049e-05,6.225583933025204e-05
HumbertoRiveros,0.00012537612838515547,0.0,7.349677758179049e-05,6.225583933025204e-05
benoitmichel100,0.00012537612838515547,0.0,7.349677758179049e-05,6.225583933025204e-05
benekcj,0.00012537612838515547,0.0,7.349677758179049e-05,6.225583933025204e-05
atul95,0.00012537612838515547,0.0,7.349677758179049e-05,6.225583933025204e-05
